"no","name","cat","model","qty","cost","price","min"
"0034014","PIN KICK STARTER PAWL (AIT)","General Spare Parts","TVS / Universal","0","425","500","5"
"0034024","PIN GEAR SHIFT PAWL (AIT)","General Spare Parts","TVS / Universal","0","425","500","5"
"0064014","PIN CLUT SPG","General Spare Parts","TVS / Universal","0","425","500","5"
"0080010","AIR CLEANER ASSY","Filters","TVS / Universal","0","5992.5","7050","5"
"0080020","PIPE COMPLETE INTAKE","General Spare Parts","TVS / Universal","0","688.5","810","5"
"0086010","CLAMP OUTLET CARS SIDE","Electrical","TVS / Universal","0","425","500","5"
"0087030","REED VALVE ASSY(ALT)","Engine","TVS / Universal","0","3893","4580","5"
"0087110","GASKET","Engine","TVS / Universal","0","1385.5","1630","5"
"0097030","SWITCH ASSEMBLY IGNITION","Electrical","TVS / Universal","0","3383","3980","5"
"0097050","c D UNIT ASSEMBLY","General Spare Parts","TVS / Universal","0","11679","13740","5"
"0097060","COIL ASSEMBLY IGNITION","Oils & Fluids","TVS / Universal","0","5695","6700","5"
"0098010","SEAL CORD","General Spare Parts","TVS / Universal","0","425","500","5"
"012385800","FRAME ASSY A T","General Spare Parts","TVS / Universal","0","19380","22800","5"
"0124014","RACE STEERING INNER (AIT)","General Spare Parts","TVS / Universal","0","425","500","5"
"0127010","LOCK ASSEMBLY STEERING 1,","General Spare Parts","TVS / Universal","0","561","660","5"
"0130020","COVER COMPSEAT","General Spare Parts","TVS / Universal","0","3638","4280","5"
"0138010","CUSHION","General Spare Parts","TVS / Universal","0","425","500","5"
"0147057","CAP ASSEMBLY FUEL TANK FILLER","General Spare Parts","TVS / Universal","0","3068.5","3610","5"
"0148010","PLUG OIL FILLER","Oils & Fluids","TVS / Universal","0","425","500","5"
"0156187","COVER COMP MUFF TAIL - PL","General Spare Parts","TVS / Universal","0","833","980","5"
"0160040","GRIP COMP THROTTLE","General Spare Parts","TVS / Universal","0","782","920","5"
"0167050","CABLE ASSY THROTTLE","Electrical","TVS / Universal","0","425","500","5"
"0167060","CABLE ASSY STARTER","Electrical","TVS / Universal","0","425","500","5"
"0168530","GRIP L","General Spare Parts","TVS / Universal","0","425","500","5"
"0172038","VR FR CAM (ALTI","Brakes","TVS / Universal","0","425","500","5"
"0174034","PINION SPEEDO METER","General Spare Parts","TVS / Universal","0","782","920","5"
"0178030","O RING BRAKE CAM-BR","Brakes","TVS / Universal","0","425","500","5"
"0181013","HUB REAR XLN QD","General Spare Parts","TVS / Universal","0","7786","9160","5"
"0182018","VR RR 3R CAM","Brakes","TVS / Universal","0","425","500","5"
"0185018","SPACER RR HUB aRG","General Spare Parts","TVS / Universal","0","425","500","5"
"0185028","SPACER RR AXL 'R'","General Spare Parts","TVS / Universal","0","425","500","5"
"0187107","WHEEL RIM PLATED 1.85","General Spare Parts","TVS / Universal","0","7760.5","9130","5"
"0187117","WHEEL RIM 180 X 18 PLATED","General Spare Parts","TVS / Universal","0","7352.5","8650","5"
"0202118","ADJ COMP CHAIN'R'","General Spare Parts","TVS / Universal","0","425","500","5"
"0216017","FENDER COMP FRONT - PLATED","General Spare Parts","TVS / Universal","0","9486","11160","5"
"0218000","GUIDE","General Spare Parts","TVS / Universal","0","425","500","5"
"0227310","LENS RR COMBINATION","General Spare Parts","TVS / Universal","0","425","500","5"
"0227790","FUSE 10 AMPS.","General Spare Parts","TVS / Universal","0","425","500","5"
"0228060","GROM RR COMB LAMP","Electrical","TVS / Universal","0","425","500","5"
"0228070","CUSH HSG HEAD LAMP","Engine","TVS / Universal","0","425","500","5"
"0228510","HSG HEAD LAMP","Engine","TVS / Universal","0","1054","1240","5"
"0230037","PEDAL COMP BR (PL)","General Spare Parts","TVS / Universal","0","2533","2980","5"
"0234038","CAM BRAKE","Brakes","TVS / Universal","0","688.5","810","5"
"0242028","ARM CLUTCH RELEASE","General Spare Parts","TVS / Universal","0","425","500","5"
"0242032","CAP CLUTCH RELEASE ADUST","General Spare Parts","TVS / Universal","0","425","500","5"
"0248010","O RING ENG SPRKT SPACR","General Spare Parts","TVS / Universal","0","425","500","5"
"0249500","OIL SEAL CRANK SHAFT L","Oils & Fluids","TVS / Universal","0","595","700","5"
"0249510","OIL SEAL CRANK SHAFT R","Oils & Fluids","TVS / Universal","0","603.5","710","5"
"0249520","OIL SEAL CLUTCH PUSH ROD","Oils & Fluids","TVS / Universal","0","425","500","5"
"0249530","OIL SEAL DRIVE SHAFT BEARING","Oils & Fluids","TVS / Universal","0","425","500","5"
"0249550","OIL SEAL KICK STARTER SHAFT","Oils & Fluids","TVS / Universal","0","425","500","5"
"0250028","BAR COMP PIL FT REST","General Spare Parts","TVS / Universal","0","399.5","470","5"
"0250040","LEVER ASSEMBLY GEAR SHIFT [NONG]","General Spare Parts","TVS / Universal","0","1691.5","1990","5"
"0252098","WASHER RR (AIT)","General Spare Parts","TVS / Universal","0","425","500","5"
"0254018","PIN RR ROD VR (ALTI","General Spare Parts","TVS / Universal","0","425","500","5"
"0254028","PIN PILFT REST (AIT)","General Spare Parts","TVS / Universal","0","425","500","5"
"0254038","PIN FR.aR.LEVER-BR ZNB","General Spare Parts","TVS / Universal","0","425","500","5"
"0254088","ARRESTER STG STM","General Spare Parts","TVS / Universal","0","612","720","5"
"0254096","PIECE THROTTLE CABLE END","Electrical","TVS / Universal","0","425","500","5"
"0258020","CUSHION CENT STND (AIT)","General Spare Parts","TVS / Universal","0","425","500","5"
"0258030","RUBBER GRSHT PDL","General Spare Parts","TVS / Universal","0","425","500","5"
"0258040","RUBBER KICK STR LVR","Brakes","TVS / Universal","0","425","500","5"
"0258100","RUBBER PIL FT REST","General Spare Parts","TVS / Universal","0","425","500","5"
"0258110","CUSH FUEL TNK RR LWR","General Spare Parts","TVS / Universal","0","425","500","5"
"0258120","CUSH FUEL TNK FR","General Spare Parts","TVS / Universal","0","425","500","5"
"0258130","DUST SEAL FR BRK CABLE","Electrical","TVS / Universal","0","425","500","5"
"0258300","RUBBER FR FOOT REST","General Spare Parts","TVS / Universal","0","425","500","5"
"0258570","CLAMP REAR FENDER","Electrical","TVS / Universal","0","425","500","5"
"0258600","PIECE REL ARM END","General Spare Parts","TVS / Universal","0","425","500","5"
"0301110","FILTER FUEL","Filters","TVS / Universal","0","416.5","490","5"
"0310207","Connecting rod stopper","General Spare Parts","TVS / Universal","0","1317.5","1550","5"
"0312401","OIL SEAL REMOVER","Oils & Fluids","TVS / Universal","0","3536","4160","5"
"0313010","IMPACT DRIVE SET","General Spare Parts","TVS / Universal","0","16413.5","19310","5"
"0313721","ATTACHMENT FOR VALVE INSTALLER","Engine","TVS / Universal","0","425","500","5"
"0313801","UNIVERSAL CLAMP WRENCH","Electrical","TVS / Universal","0","1589.5","1870","5"
"0330010","SPLIT PIN 2.500","General Spare Parts","TVS / Universal","0","425","500","5"
"0330028","SPLIT PIN 3.205","General Spare Parts","TVS / Universal","0","425","500","5"
"0330038","SPLIT PIN 2.0*18 (ALT)","General Spare Parts","TVS / Universal","0","425","500","5"
"0330048","SPLIT PIN 2.000","General Spare Parts","TVS / Universal","0","425","500","5"
"0330164","CIRCLIP 17_1x1.o N 3RD DRIVE GR","General Spare Parts","TVS / Universal","0","425","500","5"
"0330174","CIRCLIP 20*1.2 N 2ND DRIVE GR","General Spare Parts","TVS / Universal","0","425","500","5"
"0330184","CIRCLIP 26*1.2 N 4TH DRIVE GR","General Spare Parts","TVS / Universal","0","425","500","5"
"0330208","CIRCLIP 8.0 IS:3075 ZNB TYPE E","General Spare Parts","TVS / Universal","0","425","500","5"
"0330230","CIRCLIP 18*1.2 N IS:3075 EXT","General Spare Parts","TVS / Universal","0","425","500","5"
"0330318","WAVE SPRING WASHER M8 ZNB","General Spare Parts","TVS / Universal","0","425","500","5"
"0330328","WAVE SPRING WASHER MIO ZNB","General Spare Parts","TVS / Universal","0","425","500","5"
"0330408","WAVE SPRING WASHER MS ZNB (ALT)","General Spare Parts","TVS / Universal","0","425","500","5"
"0330448","WAVE SPRING WASHER M4 ZEST","General Spare Parts","TVS / Universal","0","425","500","5"
"0331058","HEX aoLT+WAVE SPR WASHER M8x16","General Spare Parts","TVS / Universal","0","425","500","5"
"0331248","HEX BOLT MSX1_OX3S ZNB","General Spare Parts","TVS / Universal","0","425","500","5"
"0331278","80 LT ENGINE MOUNT LI","Engine","TVS / Universal","0","12.75","15","5"
"0331288","BOLT ENGINE MOUNT L _75","Engine","TVS / Universal","0","425","500","5"
"0331298","80 LT CENTRE STAND (AIT)","General Spare Parts","TVS / Universal","0","425","500","5"
"0331308","BOLT CHAIN ADJUSTER","General Spare Parts","TVS / Universal","0","425","500","5"
"0331318","80 LT REAR SPROCKET","General Spare Parts","TVS / Universal","0","425","500","5"
"0331320","80 LT GEAR SHIFT CAM STOPPER","Brakes","TVS / Universal","0","425","500","5"
"0331348","80 LT REAR TORQUE LINK REAR (ALTI","General Spare Parts","TVS / Universal","0","425","500","5"
"0331508","HEX BOLT MIOX1.25X27 88 ZNB","General Spare Parts","TVS / Universal","0","425","500","5"
"0331645","HEX SCREW M6X12 6.8 ZNK (ALTI","General Spare Parts","TVS / Universal","0","425","500","5"
"0331688","HEX SCREW M6X8 6.8 ZNB","General Spare Parts","TVS / Universal","0","425","500","5"
"0331708","CRPH SCR M5x12 6.8 ZNB","General Spare Parts","TVS / Universal","0","425","500","5"
"0331718","CRPH SCR M5x16 6.8 ZNB","General Spare Parts","TVS / Universal","0","425","500","5"
"0331728","CRPH SCR M5xso 6.8 ZNB (ALTI","General Spare Parts","TVS / Universal","0","425","500","5"
"0331748","CRPH SCR M6x16 6.8 ZNB","General Spare Parts","TVS / Universal","0","425","500","5"
"0331778","CRPH SCR M4x20 8.8 ZNB","General Spare Parts","TVS / Universal","0","425","500","5"
"0332018","CRPH SCR M3x4 4.8 ZNB","General Spare Parts","TVS / Universal","0","425","500","5"
"0332028","CRPH SCR M5x8 6.8 ZNB","General Spare Parts","TVS / Universal","0","425","500","5"
"0332038","CRPH SCR M5x45 6.8 ZNB (Tsos-0203)","General Spare Parts","TVS / Universal","0","425","500","5"
"0332048","CRPH SCR M5x55 6.8 ZNB ZEST","General Spare Parts","TVS / Universal","0","425","500","5"
"0332068","CRPH SCR M6x12 6.8 ZNB","General Spare Parts","TVS / Universal","0","425","500","5"
"0332098","CRPH SCR M6x80 6.8 ZNB (Tsos-0203) (ALTI","General Spare Parts","TVS / Universal","0","425","500","5"
"0332108","CRR PAN HEAD SCREW M6x45 6.8 ZNB","Engine","TVS / Universal","0","425","500","5"
"0332228","REC CSK HD SCR M6x16 6.8 ZNS","General Spare Parts","TVS / Universal","0","425","500","5"
"0332238","REC CSK HD SCR M6x12 6.8 ZNS","General Spare Parts","TVS / Universal","0","425","500","5"
"0332248","REC CSK HD SCR M6x20 6.8 ZNS","General Spare Parts","TVS / Universal","0","425","500","5"
"0332275","SCREW - CAPH M6x16 6.8 ZNK","General Spare Parts","TVS / Universal","0","425","500","5"
"0332298","SCREW MAGNETO STATOR","Electrical","TVS / Universal","0","425","500","5"
"0332808","CRR PAN HEAD SCREW M5x25","Engine","TVS / Universal","0","425","500","5"
"0333538","STUD BOLT CYLINDER NOI L 123","Engine","TVS / Universal","0","654.5","770","5"
"0333548","STUD BOLT EXHAUST PIPE","General Spare Parts","TVS / Universal","0","425","500","5"
"0333558","STUD BO","General Spare Parts","TVS / Universal","0","425","500","5"
"0334038","HEX NUT MIO 8 ZNS","General Spare Parts","TVS / Universal","0","425","500","5"
"0334047","NUT RR SHOCK ABSORBER","General Spare Parts","TVS / Universal","0","425","500","5"
"0334128","NUT MAGNETO ROTOR","General Spare Parts","TVS / Universal","0","425","500","5"
"0334146","NUT LICENSE PLATE BRACKET","General Spare Parts","TVS / Universal","0","425","500","5"
"0334158","NUT REAR SWING ARM PIVOT","General Spare Parts","TVS / Universal","0","425","500","5"
"0334188","NUT ENGINE MTG","Engine","TVS / Universal","0","425","500","5"
"0334218","HEX NUT MS SESP1301 ZNB","General Spare Parts","TVS / Universal","0","425","500","5"
"0334256","NuT ENGINE SPROCKET (ALTI","Engine","TVS / Universal","0","425","500","5"
"0334268","NUT FR.BR.CABLE ADI-3R","Electrical","TVS / Universal","0","425","500","5"
"0334278","NUT RR BRK ROD ADJ","General Spare Parts","TVS / Universal","0","425","500","5"
"0334398","HEX NuT MIO 8 ZNS (AIT)","General Spare Parts","TVS / Universal","0","425","500","5"
"0334548","HEX NUT MS","General Spare Parts","TVS / Universal","0","6.8","8","5"
"0334558","SLOTTED NuT MIOx1.25 6 (ALTI","General Spare Parts","TVS / Universal","0","425","500","5"
"0334620","SLOTTED NUT M14x1.5 6 ZNB","General Spare Parts","TVS / Universal","0","425","500","5"
"0334630","SLOTTED NuT M12x1.25 6 (ALTI","General Spare Parts","TVS / Universal","0","425","500","5"
"0334640","HEX NUT M20 8 ZNC","General Spare Parts","TVS / Universal","0","595","700","5"
"0335014","SHIM 15x30xLO OILED","Oils & Fluids","TVS / Universal","0","425","500","5"
"0335024","SHIM 17x24xL0 OILED","Oils & Fluids","TVS / Universal","0","425","500","5"
"0335054","WASHER CLUTCH SLEEVE HUB","General Spare Parts","TVS / Universal","0","425","500","5"
"0335068","PUNCHED WASHER 4_3x10.ox08 ZNB","General Spare Parts","TVS / Universal","0","425","500","5"
"0335078","SHIM ilx9xo_4 ZNS [TSDS0402]","General Spare Parts","TVS / Universal","0","425","500","5"
"0335516","PUNCHED WASHER 8_5x16.oxL2 ZNC (ALTI","General Spare Parts","TVS / Universal","0","425","500","5"
"0335528","PUNCHED WASHER ZEST","General Spare Parts","TVS / Universal","0","425","500","5"
"0335538","PUNCHED WASHER","General Spare Parts","TVS / Universal","0","425","500","5"
"0335548","PUNCHED WASHER ZNB","General Spare Parts","TVS / Universal","0","425","500","5"
"0335558","PUNCHED WASHER 5_5x12.oxL0 ZNB (ALTI","General Spare Parts","TVS / Universal","0","425","500","5"
"0335578","PUNCHED WASHER s_5x13.oxL0 ZNB","General Spare Parts","TVS / Universal","0","425","500","5"
"0335608","PUNCHED WASHER s_5x16.oxL2 ZNB","General Spare Parts","TVS / Universal","0","425","500","5"
"0335628","PUNCHED WASHER","General Spare Parts","TVS / Universal","0","425","500","5"
"0335698","PUNCHED WASHER","General Spare Parts","TVS / Universal","0","425","500","5"
"0335708","PUNCH WASHER","General Spare Parts","TVS / Universal","0","425","500","5"
"0335714","SHIM 16x30_5xo.5 OILED [Tsos 0402]","Oils & Fluids","TVS / Universal","0","425","500","5"
"0335806","LOCK WASHER CL SIV HUB","General Spare Parts","TVS / Universal","0","425","500","5"
"0335816","LOCK WASHER ENG SPRKT","General Spare Parts","TVS / Universal","0","425","500","5"
"0335876","PUNCHED WASHER s_5x24.ox16 ZNC","General Spare Parts","TVS / Universal","0","425","500","5"
"0335928","PUNCHED WASHER s_5x18.ox16 ZNB","General Spare Parts","TVS / Universal","0","425","500","5"
"0336018","PUNCHED WASHER 8_5x20x2 ZNS (ACT)","General Spare Parts","TVS / Universal","0","425","500","5"
"0339020","BEARING PISTON PIN","Engine","TVS / Universal","0","1929.5","2270","5"
"0339030","BALL BEARING 25x52x15 C3H 6205 2,","General Spare Parts","TVS / Universal","0","586.5","690","5"
"0339040","BALL BEARING 20x52x15 Cs 6304","General Spare Parts","TVS / Universal","0","2346","2760","5"
"0339060","BALL BEARING 12x28x8 C3 6001","General Spare Parts","TVS / Universal","0","1232.5","1450","5"
"0339070","BALL BEARING 20x47x14 Cs 6204","General Spare Parts","TVS / Universal","0","2550","3000","5"
"0339080","BALL BEARING 10x30xg C3 6200","General Spare Parts","TVS / Universal","0","1623.5","1910","5"
"0339100","BALL BEARING 12x32x10 6201Z","General Spare Parts","TVS / Universal","0","1972","2320","5"
"0339110","BALL BEARING 12x37x12 Cs ssolz","General Spare Parts","TVS / Universal","0","2252.5","2650","5"
"0339130","BEARING KICK STARTER DRIVEN GEAR (ALTI","General Spare Parts","TVS / Universal","0","425","500","5"
"0339204","BALL KICK STARTER 7/32","General Spare Parts","TVS / Universal","0","425","500","5"
"0339310","BUSH PRIMARY DRIVEN GEAR","General Spare Parts","TVS / Universal","0","425","500","5"
"0339330","BUSH DRIVE SHAFT","General Spare Parts","TVS / Universal","0","425","500","5"
"0339480","BALL BEARING 20x42x12 Cs","General Spare Parts","TVS / Universal","0","5103.4","6004","5"
"105172700","EXH_TU3E ASSY CH. PLATED","General Spare Parts","TVS / Universal","0","2992","3520","5"
"105174700","EXHAUST TUBE ASSY - PLATED(MOD)","General Spare Parts","TVS / Universal","0","2992","3520","5"
"1057067","RING PISTON EXPANDER","Engine","TVS / Universal","0","425","500","5"
"1082220","REED VALVE ASSY","Engine","TVS / Universal","0","3961","4660","5"
"1082330","PUMP ASSLY OIL","Oils & Fluids","TVS / Universal","0","10378.5","12210","5"
"1087020","CARBURATOR ASSY","General Spare Parts","TVS / Universal","0","23358","27480","5"
"1092120","STATOR ASSY 12V","Electrical","TVS / Universal","0","3672","4320","5"
"1092130","COIL LIGHTING-12V","Oils & Fluids","TVS / Universal","0","7072","8320","5"
"1092140","STATOR PLATE 12V","Electrical","TVS / Universal","0","2040","2400","5"
"1092220","SWINGARM SUB ASSY MAX R","General Spare Parts","TVS / Universal","0","10642","12520","5"
"109236800","SWINGARM COMP","General Spare Parts","TVS / Universal","0","6069","7140","5"
"1096980","REGULATOR COMPLETE","General Spare Parts","TVS / Universal","0","8925","10500","5"
"1097470","BATTERY ASSY 12V - 25 AMPS (ALTI","Electrical","TVS / Universal","0","10786.5","12690","5"
"1097510","IGNITION SWITCHAssy 12VSOW","Electrical","TVS / Universal","0","425","500","5"
"110066700","MUDGUARD FRONT CHAMP - PL","General Spare Parts","TVS / Universal","0","2779.5","3270","5"
"1102510","FENDER COMP FRONT (PLATED)","General Spare Parts","TVS / Universal","0","8347","9820","5"
"1102560","MUD FLAP","General Spare Parts","TVS / Universal","0","425","500","5"
"1110020","SHOE SET BRAKE 130 DIA","Brakes","TVS / Universal","0","1700","2000","5"
"1110020L","SHOE SET BRAKE 130 DIA","Brakes","TVS / Universal","0","841.5","990","5"
"111048700","WHEEL RIM PLATED MOPED L5x16","General Spare Parts","TVS / Universal","0","5108.5","6010","5"
"111227000","WHEEL ASSY FRONT (ALTI","General Spare Parts","TVS / Universal","0","4454","5240","5"
"1112300","AXLE COMP FRONT","General Spare Parts","TVS / Universal","0","425","500","5"
"1112450","BRAKE PANEL COMP RR","Brakes","TVS / Universal","0","5006.5","5890","5"
"111245050","BRAKE PANEL RR (M/c) BLACK","Brakes","TVS / Universal","0","7480","8800","5"
"111255700","WHEEL RIM PLATED CHAMP","General Spare Parts","TVS / Universal","0","5644","6640","5"
"1112620","SET BRAKE SHOE ASSY DIA 130 (ALTI","Brakes","TVS / Universal","0","2703","3180","5"
"111429005G8","OTHER PARTS","General Spare Parts","TVS / Universal","0","425","500","5"
"1122360","TUBE PILLION FOOTREST L PAINTED","General Spare Parts","TVS / Universal","0","1691.5","1990","5"
"1122510","FENDER PAINTED","General Spare Parts","TVS / Universal","0","1028.5","1210","5"
"112405000","FLOOR MAT AT","General Spare Parts","TVS / Universal","0","425","500","5"
"113039800","SEAT BASE ASSLY CHAMP","General Spare Parts","TVS / Universal","0","4505","5300","5"
"113040000","SEAT FOAM AT","General Spare Parts","TVS / Universal","0","6970","8200","5"
"113042000","SEAT REXINE CHAMP","General Spare Parts","TVS / Universal","0","1989","2340","5"
"1141400000A","TANK COMP FUEL LACQD MARBLERED","General Spare Parts","TVS / Universal","0","10310.5","12130","5"
"11414000023","TANK COMP FUEL LACQD CANDY BLUE","General Spare Parts","TVS / Universal","0","10310.5","12130","5"
"114290001","BA OTHER PARTS","General Spare Parts","TVS / Universal","0","15606","18360","5"
"114290004LA","OTHER PARTS","General Spare Parts","TVS / Universal","0","16328.5","19210","5"
"11429000DC","FUEL TANK+TAPESET HG BLACK MAXR","General Spare Parts","TVS / Universal","0","37510.5","44130","5"
"11429005GA","TANK COMP FUEL+TAPESET NF WINE RED","General Spare Parts","TVS / Universal","0","37510.5","44130","5"
"115002700","HANDLE BAR PLATED","General Spare Parts","TVS / Universal","0","3068.5","3610","5"
"1150130","MUFFLER SUB ASSY NON CAT","General Spare Parts","TVS / Universal","0","17739.5","20870","5"
"1150427","GUARD EXHAUST PL","General Spare Parts","TVS / Universal","0","1394","1640","5"
"1152330","SPEEDO METER ASSY MAX DC/AC","General Spare Parts","TVS / Universal","0","15070.5","17730","5"
"1156200","PIPE COMP BAFFLE(W/O WOOL SPARE)","General Spare Parts","TVS / Universal","0","1292","1520","5"
"1160190","BRAKE LVR & SWITCH ASSY (ALT)","Brakes","TVS / Universal","0","3867.5","4550","5"
"1162350","BAND BATTERY","Electrical","TVS / Universal","0","425","500","5"
"1166000","CLUTCH LEVER (POWDER COATED) (ALTI","General Spare Parts","TVS / Universal","0","731","860","5"
"1166010","BRAKE LEVER (POWDER COATED)","Brakes","TVS / Universal","0","816","960","5"
"1166050","CASE UPPER BRAKE (POWDER COATED)","Brakes","TVS / Universal","0","892.5","1050","5"
"1166060","CASE UNDER BRAKE (POWDER COATED)","Brakes","TVS / Universal","0","425","500","5"
"1166080","CLUTCH LEAVER+SWITCH ASY DLX PWDRCO","Electrical","TVS / Universal","0","4122.5","4850","5"
"1166090","STARTER RELAY","General Spare Parts","TVS / Universal","0","2507.5","2950","5"
"1170060","SHOE COMP BRAKE","Brakes","TVS / Universal","0","1997.5","2350","5"
"1170180","AXLE FRONT 12X213 ZEST","General Spare Parts","TVS / Universal","0","2448","2880","5"
"1171150","BRAKE PANEL COMP FR PAINTED","Brakes","TVS / Universal","0","4530.5","5330","5"
"1171180","HUB COMP FRONT","General Spare Parts","TVS / Universal","0","11764","13840","5"
"1172210","SPACER COMP-MAX","General Spare Parts","TVS / Universal","0","425","500","5"
"1172220","CABLE ASSY BRAKE FRONT","Brakes","TVS / Universal","0","688.5","810","5"
"1172220S","CABLE ASSY BRAKE FRONT","Brakes","TVS / Universal","0","425","500","5"
"1172230","CABLE ASSY CLUTCH","Electrical","TVS / Universal","0","425","500","5"
"1172230S","CABLE ASSY CLUTCH","Electrical","TVS / Universal","0","425","500","5"
"1174050","GEAR SPEEDO METER 24T","General Spare Parts","TVS / Universal","0","1292","1520","5"
"1174060","PINION SPEEDOMETER gT","General Spare Parts","TVS / Universal","0","595","700","5"
"1174070","DRVR SPEEDO GEAR","General Spare Parts","TVS / Universal","0","425","500","5"
"1177120","TYRE FRONT 2_75x18","General Spare Parts","TVS / Universal","0","15359.5","18070","5"
"1180070","BRAKE PANEL COMP RR PAINTED","Brakes","TVS / Universal","0","4845","5700","5"
"1181070","DRUM REAR SPROCKET -130 DIA","General Spare Parts","TVS / Universal","0","4241.5","4990","5"
"1181080","SEAL REAR SPRKT DRUM","General Spare Parts","TVS / Universal","0","425","500","5"
"1181110","HUB COMP RR WHEEL","General Spare Parts","TVS / Universal","0","10982","12920","5"
"1181150","ABSORBER RR WHEEL HUB SHOCK","General Spare Parts","TVS / Universal","0","1810.5","2130","5"
"1181160","WASHER REAR SPROCKET","General Spare Parts","TVS / Universal","0","425","500","5"
"1182040","SPROCKET REAR 41 T","General Spare Parts","TVS / Universal","0","4326.5","5090","5"
"1182190","SPACER COMP","General Spare Parts","TVS / Universal","0","425","500","5"
"1182200","SPACER COMP","General Spare Parts","TVS / Universal","0","382.5","450","5"
"1184060","SPACER RR AXLE L","General Spare Parts","TVS / Universal","0","425","500","5"
"1184080","SPACER REAR AXLE R","General Spare Parts","TVS / Universal","0","425","500","5"
"1187080","TYRE REAR 3.00 X18 ( ATT 125)","General Spare Parts","TVS / Universal","0","19516","22960","5"
"119057000","ID TOOL SOX AT","General Spare Parts","TVS / Universal","0","756.5","890","5"
"1200052","STAND CENTRE PAINTED","General Spare Parts","TVS / Universal","0","3944","4640","5"
"1202440","HEX SCREW M8X25 88 ZNB","General Spare Parts","TVS / Universal","0","425","500","5"
"1220230","BULB T S LAMP 12V low","Electrical","TVS / Universal","0","425","500","5"
"1220340","HEAD LAMP ASSY 12V DLX","Engine","TVS / Universal","0","7369.5","8670","5"
"1220380","BULB 12V 17W","Electrical","TVS / Universal","0","425","500","5"
"1221280","BAND BATTERY","Electrical","TVS / Universal","0","425","500","5"
"1222620","RELAY ASSY T.S 12V - 10 W (ACT)","General Spare Parts","TVS / Universal","0","1751","2060","5"
"1228880","CUSHION R_CUMP","General Spare Parts","TVS / Universal","0","425","500","5"
"1230020","ROD RR BRAKE (130 DIA)","Brakes","TVS / Universal","0","425","500","5"
"1236002","TUBE COMP PILLION FOOT REST 'R'","General Spare Parts","TVS / Universal","0","425","500","5"
"1236980","SHOCKABSOR3ER ASSY ADJUSTABLE","General Spare Parts","TVS / Universal","0","10812","12720","5"
"1256018","LEVER COMP GEAR SHIFT (R)","General Spare Parts","TVS / Universal","0","1343","1580","5"
"1257281","SNAP RING","General Spare Parts","TVS / Universal","0","425","500","5"
"1257290","OIL SEAL","Oils & Fluids","TVS / Universal","0","425","500","5"
"1257312","UNDER BRKT COMP (PAINTED)","General Spare Parts","TVS / Universal","0","12299.5","14470","5"
"1257370","PACKING","General Spare Parts","TVS / Universal","0","425","500","5"
"1257466","WASHER","General Spare Parts","TVS / Universal","0","425","500","5"
"1258380","HANDLE HOLDER UPPER -PAINTED","General Spare Parts","TVS / Universal","0","688.5","810","5"
"1258390","HANDLE HOLDER LOWER PAINTED","General Spare Parts","TVS / Universal","0","748","880","5"
"1303300","FOOT REST COMP PILLION","General Spare Parts","TVS / Universal","0","1827.5","2150","5"
"1313501","FRONT FORK DRIVE SHAFT INSTALLER","General Spare Parts","TVS / Universal","0","2958","3480","5"
"1324050","SPOKE ASSY INNER","General Spare Parts","TVS / Universal","0","110.5","130","5"
"1324060","SPOKE ASSY OUTER","General Spare Parts","TVS / Universal","0","110.5","130","5"
"1324080","KIT CYLINDER BLOCK PISTON AX 100R","Engine","TVS / Universal","0","29036","34160","5"
"1324090","KIT PISTON & RING AXIOO/AXIOOR-IND","Engine","TVS / Universal","0","6035","7100","5"
"1324100","KIT PISTON & RING I O/S AXIOOR","Engine","TVS / Universal","0","5941.5","6990","5"
"1324110","KIT PISTON & RING IT O/S AX 100 R","Engine","TVS / Universal","0","8117.5","9550","5"
"1324150","KIT GASKETS AXICO (MINOR)","Engine","TVS / Universal","0","425","500","5"
"1324160","KIT PROP STAND (ALTI 1,","General Spare Parts","TVS / Universal","0","510","600","5"
"1324170","STEERING CONE KIT","General Spare Parts","TVS / Universal","0","4037.5","4750","5"
"1324180","KIT CLUTCH","General Spare Parts","TVS / Universal","0","790.5","930","5"
"1324190","ADJUSTMENT KIT CARBURETTOR VM18","General Spare Parts","TVS / Universal","0","892.5","1050","5"
"1324200","MINOR KIT (VM18)","General Spare Parts","TVS / Universal","0","1530","1800","5"
"1324210","MAJOR KIT (VM18)","General Spare Parts","TVS / Universal","0","9044","10640","5"
"1324220","FLOAT KIT CARBURETTOR","General Spare Parts","TVS / Universal","0","425","500","5"
"1324230","THROTTLE VALVE KIT CARBURETTOR VM18","Engine","TVS / Universal","0","425","500","5"
"1324290","HOSE KIT CARBURETTOR","General Spare Parts","TVS / Universal","0","425","500","5"
"1324460","CHAIN SPROCKET KIT 130 DIA - 41T","General Spare Parts","TVS / Universal","0","2856","3360","5"
"1324470","CRANK SHAFT ASSY KIT","Engine","TVS / Universal","0","29138","34280","5"
"1324480","KICK PAWL KIT","General Spare Parts","TVS / Universal","0","425","500","5"
"1324500","CRANK SHAFT BEARING KIT","Engine","TVS / Universal","0","6188","7280","5"
"1324520","FRONT WHEEL BEARING KIT","General Spare Parts","TVS / Universal","0","3791","4460","5"
"1324540","REAR WHEEL BEARING KIT 130 DIA","General Spare Parts","TVS / Universal","0","7522.5","8850","5"
"1324560","SWITCH REPAIR KIT-RH","Electrical","TVS / Universal","0","382.5","450","5"
"1324570","SWITCH REPAIR KIT-LH","Electrical","TVS / Universal","0","425","500","5"
"1324660","CHOKE LEVER KIT","General Spare Parts","TVS / Universal","0","357","420","5"
"1324700","CRANKCASE SCREW SET","Engine","TVS / Universal","0","425","500","5"
"1324710","CLUTCH COVER SCREW SET","General Spare Parts","TVS / Universal","0","425","500","5"
"1324720","MAGNETO COVER SCREW SET","General Spare Parts","TVS / Universal","0","425","500","5"
"1324910","ENGINE OIL SEAL KIT - 2S MO,'","Oils & Fluids","TVS / Universal","0","612","720","5"
"1324920","CLUTCH REPAIR KIT- NEW","General Spare Parts","TVS / Universal","0","790.5","930","5"
"1339120","BALL BEARING 25x52x15 RSIC3 6205","General Spare Parts","TVS / Universal","0","3043","3580","5"
"1339510","BALL BEARING 15x42x13 Cs 6302Z","General Spare Parts","TVS / Universal","0","2099.5","2470","5"
"1339520","BALL BEARING 15x35x11 Cs 6202Z","General Spare Parts","TVS / Universal","0","1836","2160","5"
"167050S","CABLE ASSY THROTTLE-MAX","Electrical","TVS / Universal","0","425","500","5"
"167060S","CABLE ASSY STARTER-MAX","Electrical","TVS / Universal","0","425","500","5"
"201141000","XL/ CH HEAD MACHINED","Engine","TVS / Universal","0","5355","6300","5"
"2042018","SPROCKET ENGINE 14T","Engine","TVS / Universal","0","3425.5","4030","5"
"204235800","INDUCTION TUBE ASSY PAINTED CHAMP","General Spare Parts","TVS / Universal","0","425","500","5"
"208253700","CHAIN WHEEL 47 PLATED","General Spare Parts","TVS / Universal","0","2295","2700","5"
"208313000","FREE WHEEL lg T","General Spare Parts","TVS / Universal","0","731","860","5"
"209204000","SHOCK ABSORBER AT","General Spare Parts","TVS / Universal","0","425","500","5"
"209261000","SHOCK ABSORBER-PAINTED SHROUD (ALTI","General Spare Parts","TVS / Universal","0","4105.5","4830","5"
"2102140","OUTER TUBE COMP R (PAINTED)","General Spare Parts","TVS / Universal","0","9469","11140","5"
"2102170","OUTER TUBE COMP (PAINTED)","General Spare Parts","TVS / Universal","0","9469","11140","5"
"2102180","TUBE COMP INNER ASSY","General Spare Parts","TVS / Universal","0","13685","16100","5"
"2102260","SPRING","General Spare Parts","TVS / Universal","0","425","500","5"
"211204800","WHEEL HUB FRONT PDC","General Spare Parts","TVS / Universal","0","4556","5360","5"
"211282800","WHEEL HUB REAR CHAMP","General Spare Parts","TVS / Universal","0","425","500","5"
"2123620000","OTHER PARTS","General Spare Parts","TVS / Universal","0","2499","2940","5"
"2123620000A","FENDER RR OACQD MARBLE RED CHAMP","General Spare Parts","TVS / Universal","0","5584.5","6570","5"
"21236200023","FENDER RR OACQD CANDY BLUE CHAMP (ALT)","General Spare Parts","TVS / Universal","0","5584.5","6570","5"
"21236200083","FENDER REAR +TAPESET R DEEP ME (ALTI 7 ,","General Spare Parts","TVS / Universal","0","408","480","5"
"213006700","PILLION STOP PLATED","General Spare Parts","TVS / Universal","0","425","500","5"
"2136050000","COVER FRAME L+TAPESET BLACK MAX R","General Spare Parts","TVS / Universal","0","1504.5","1770","5"
"21360501BA","COVER FRAME L+TAPESET MET3LUE MAXDX","General Spare Parts","TVS / Universal","0","6681","7860","5"
"2136050188","COVER FRAME L+TAPESET MET3LUE MAX R","General Spare Parts","TVS / Universal","0","6511","7660","5"
"213605048","COVER FRAME L+TAPESET J GREEN MAX R","General Spare Parts","TVS / Universal","0","6511","7660","5"
"21360505GA","COVER FRAME L+TAPESET NF WINE RED","General Spare Parts","TVS / Universal","0","6681","7860","5"
"21360505GC","COVER FRAME L +TAPESET NF WINE RED","General Spare Parts","TVS / Universal","0","5992.5","7050","5"
"2136060000","COVER FRAME R+TAPESET BLACK MAX R","General Spare Parts","TVS / Universal","0","6511","7660","5"
"21360601BA","COVER FRAME R+TAPESET MET8LUE MAXDX","General Spare Parts","TVS / Universal","0","6681","7860","5"
"2136060188","COVER FRAME R+TAPESET MET BLUE","General Spare Parts","TVS / Universal","0","6681","7860","5"
"213606048","COVER FRAME R+TAPESET J GREEN","General Spare Parts","TVS / Universal","0","6681","7860","5"
"21360605GA","COVER FRAME R+TAPESET NF WINE RED","General Spare Parts","TVS / Universal","0","6681","7860","5"
"21360605GC","COVER FRAME R+TAPESET NF WINE RED","General Spare Parts","TVS / Universal","0","1564","1840","5"
"21400204LA","TANK COMP FUEL+TAPESET J GRN EX.","General Spare Parts","TVS / Universal","0","3034.5","3570","5"
"216004000","HOLDER-CONTROL SWITCH","Electrical","TVS / Universal","0","425","500","5"
"2162280","HORN ASSY 12VDC (AIT)","Electrical","TVS / Universal","0","1980.5","2330","5"
"2162280L","HORN XLIOO","Electrical","TVS / Universal","0","2159","2540","5"
"2162300","HSG HEAD LAMP","Engine","TVS / Universal","0","425","500","5"
"2162310","UNIT HEAD LAM","Engine","TVS / Universal","0","807.5","950","5"
"2162320","LAMP ASSY TS ROUND BLACK","Electrical","TVS / Universal","0","1793.5","2110","5"
"2172130","CABLE ASSY CLUTCH 1,","Electrical","TVS / Universal","0","510","600","5"
"2172140","CABLE ASSY BRAKE FRONT","Brakes","TVS / Universal","0","425","500","5"
"218149000","ENGINE SHIELD EKO","Engine","TVS / Universal","0","416.5","490","5"
"2190848000A","SIDE PANEL COMP L MARBLE RED","General Spare Parts","TVS / Universal","0","1105","1300","5"
"21908480023","SIDE PANEL COMP L CANDY BLUE","General Spare Parts","TVS / Universal","0","425","500","5"
"2190858000A","SIDE PANEL COMP R MARBLE RED","General Spare Parts","TVS / Universal","0","425","500","5"
"21908580023","SIDE PANEL COMP R CANDY BLUE (ALTI","General Spare Parts","TVS / Universal","0","425","500","5"
"21908580083","SIDE PANEL COMP R DEEP MET BLUE","General Spare Parts","TVS / Universal","0","425","500","5"
"219092000","MUDGUARD REAR AT","General Spare Parts","TVS / Universal","0","833","980","5"
"219103000","GRILLE AT","General Spare Parts","TVS / Universal","0","425","500","5"
"231030000","STEEPING cup ASSY TOOL","General Spare Parts","TVS / Universal","0","10327.5","12150","5"
"231054000","CLUTCH NEEDLE BUSH ASSW TOO","General Spare Parts","TVS / Universal","0","3553","4180","5"
"259520","OIL SEAL RR SPROCKET DRUM","Oils & Fluids","TVS / Universal","0","425","500","5"
"26025173LU","DRIVE ASSY","General Spare Parts","TVS / Universal","0","4726","5560","5"
"26244009LU","WIRING HARNESS ASSY - TVS","General Spare Parts","TVS / Universal","0","1487.5","1750","5"
"26244574LU","FASTENERS ASSY KIT","General Spare Parts","TVS / Universal","0","425","500","5"
"26244575LU","SEALING ASSY KIT","General Spare Parts","TVS / Universal","0","1028.5","1210","5"
"26245703LU","BRUSH aox ASSY KIT","General Spare Parts","TVS / Universal","0","2218.5","2610","5"
"26245995LU","MOUNTING BRACKET & BRUSH ASSY","General Spare Parts","TVS / Universal","0","3893","4580","5"
"26246000LU","ARMATURE ASSEMBLY","General Spare Parts","TVS / Universal","0","3604","4240","5"
"26246003LU","WIRING HARNESS ASSY","General Spare Parts","TVS / Universal","0","1538.5","1810","5"
"26246107LU","WIRING HARNESS ASSY","General Spare Parts","TVS / Universal","0","1062.5","1250","5"
"26246145LU","BRUSH aox ASSEMBLING KIT","General Spare Parts","TVS / Universal","0","782","920","5"
"26246146LU","BRUSH KIT","General Spare Parts","TVS / Universal","0","646","760","5"
"26246147LU","FASTNERS KIT","General Spare Parts","TVS / Universal","0","425","500","5"
"26246148LU","BEARING KIT","General Spare Parts","TVS / Universal","0","841.5","990","5"
"26246149LU","SEALING KIT","General Spare Parts","TVS / Universal","0","731","860","5"
"26256562LU","O RING","General Spare Parts","TVS / Universal","0","425","500","5"
"26257042LU","BRUSH aox ASSY ACTIVA","General Spare Parts","TVS / Universal","0","425","500","5"
"26257043LU","BRUSH KIT","General Spare Parts","TVS / Universal","0","425","500","5"
"26258495LU","AMATURE","General Spare Parts","TVS / Universal","0","4853.5","5710","5"
"26259868LU","MOUNTING BRACKET AND OIL","Oils & Fluids","TVS / Universal","0","2218.5","2610","5"
"26259877LU","ARMATURE ASSY","General Spare Parts","TVS / Universal","0","10455","12300","5"
"26259902LU","DE BRACKET ASSEMBLY","General Spare Parts","TVS / Universal","0","4904.5","5770","5"
"3010020","CRANKSHAFT ASSY.","Engine","TVS / Universal","0","39635.5","46630","5"
"301065000","PISTON RING BOTTOM EKO","Engine","TVS / Universal","0","671.5","790","5"
"302047000","CRANK SHAFT ASSEMBLY REGULAR","Engine","TVS / Universal","0","12911.5","15190","5"
"3020516","CLAMP OIL HOSE NO:I","Oils & Fluids","TVS / Universal","0","425","500","5"
"3028510","TERMINAL CABLE","Electrical","TVS / Universal","0","425","500","5"
"3028520","PIECE OIL PUMP DRIVE","Oils & Fluids","TVS / Universal","0","425","500","5"
"3030020","GEAR COMP KICK STARTER IDLE","General Spare Parts","TVS / Universal","0","4105.5","4830","5"
"3030030","GEAR COMP KICK STARTER DRIVEN","General Spare Parts","TVS / Universal","0","3621","4260","5"
"3030500","SPRING K s PAW","General Spare Parts","TVS / Universal","0","425","500","5"
"3030515","SPRING K s LEVER","General Spare Parts","TVS / Universal","0","425","500","5"
"3030520","SPRING","General Spare Parts","TVS / Universal","0","416.5","490","5"
"3031033","GEAR KICK STARTER DRIVE- AX 100","General Spare Parts","TVS / Universal","0","6528","7680","5"
"3031043","SHAFT KICK STARTER","General Spare Parts","TVS / Universal","0","4258.5","5010","5"
"3040013","RETAINER GEAR SHIFT CAM COMPMACH","Brakes","TVS / Universal","0","425","500","5"
"3040080","GEAR COMP 1ST DRIVEN","General Spare Parts","TVS / Universal","0","3765.5","4430","5"
"3040510","SPRING GEAR SHIFT PAWL RETURN","General Spare Parts","TVS / Universal","0","425","500","5"
"3040650","SHAFT SET GEAR SHIFT","General Spare Parts","TVS / Universal","0","663","780","5"
"3041013","GEAR PRIMARY DRIVE","General Spare Parts","TVS / Universal","0","5236","6160","5"
"3041033","SHAFT COUNTER","General Spare Parts","TVS / Universal","0","12988","15280","5"
"3041053","GEAR 3RD DRIVE","General Spare Parts","TVS / Universal","0","875.5","1030","5"
"3041073","SHAFT DRIVE","General Spare Parts","TVS / Universal","0","6417.5","7550","5"
"3041093","GEAR 2ND DRIVEN","General Spare Parts","TVS / Universal","0","3918.5","4610","5"
"3041103","GEAR 3RD DRIVEN","General Spare Parts","TVS / Universal","0","4233","4980","5"
"3041113","FORK GEAR SHAFT NO:I","General Spare Parts","TVS / Universal","0","12155","14300","5"
"3041123","FORK GEAR SHAFT NO:2","General Spare Parts","TVS / Universal","0","8797.5","10350","5"
"3041133","CAM GEAR SHIFT","Brakes","TVS / Universal","0","4479.5","5270","5"
"3042018","SPRKT ENG 1ST","General Spare Parts","TVS / Universal","0","425","500","5"
"3042074","RING 4TH ORV GEAR","General Spare Parts","TVS / Universal","0","425","500","5"
"304277000","AIR FILTER NEW AT","Filters","TVS / Universal","0","425","500","5"
"3044014","PIN GEAR SHIFT FORK GUIDE","General Spare Parts","TVS / Universal","0","425","500","5"
"3044024","PIN GEAR SHIFT FORK GUIDE NO","General Spare Parts","TVS / Universal","0","1.7","2","5"
"3044034","ROLLER CAM DRIVE","Brakes","TVS / Universal","0","425","500","5"
"3044064","SPACER ROLLER GR SH FORK PIN","General Spare Parts","TVS / Universal","0","425","500","5"
"3044140","COLLAR GEAR SHIFT CAMDRIVE PIN","Brakes","TVS / Universal","0","425","500","5"
"3057057","RING PISTON","Engine","TVS / Universal","0","1479","1740","5"
"3057074","PIN PISTON","Engine","TVS / Universal","0","1028.5","1210","5"
"3057137","RING PISTON OS - 050","Engine","TVS / Universal","0","1538.5","1810","5"
"3057147","RING PISTON OS- 100","Engine","TVS / Universal","0","1810.5","2130","5"
"3060023","DISC COMP CLUTCH PRESSURE","Brakes","TVS / Universal","0","425","500","5"
"3060040","GEAR ASSY.PRIMAR\' DRIVEN","General Spare Parts","TVS / Universal","0","13965.5","16430","5"
"3060510","CLIP PRIMARY DRN GR","General Spare Parts","TVS / Universal","0","425","500","5"
"3060524","SPRING CLUTCH REL RETURN","General Spare Parts","TVS / Universal","0","425","500","5"
"3061013","HOUSING CLUTCH","General Spare Parts","TVS / Universal","0","1887","2220","5"
"306161000","E T COIL ASSY","Oils & Fluids","TVS / Universal","0","2371.5","2790","5"
"306165000","ROTOR ASSY","General Spare Parts","TVS / Universal","0","8967.5","10550","5"
"3062020","PLATE CLUTCH DRIVEN","General Spare Parts","TVS / Universal","0","425","500","5"
"3064034","ROD CLUTCH PUSH (HT)","General Spare Parts","TVS / Universal","0","425","500","5"
"3064040","ADJ.CLUTCH REL","General Spare Parts","TVS / Universal","0","977.5","1150","5"
"3068030","DAMPER CL HSG","General Spare Parts","TVS / Universal","0","425","500","5"
"3070010","CRANK CASE ASSEMBLY","Engine","TVS / Universal","0","43460.5","51130","5"
"308226710","SPROCKET 1ST-NEW","General Spare Parts","TVS / Universal","0","425","500","5"
"308342000","PULLEY ASSY COMPLETE XT","General Spare Parts","TVS / Universal","0","5533.5","6510","5"
"3087010","FILTER ASSEMBLY AIR CLEANER","Filters","TVS / Universal","0","909.5","1070","5"
"3097130","COIL PRIMARY","Oils & Fluids","TVS / Universal","0","3621","4260","5"
"310021800023","OTHER PARTS","General Spare Parts","TVS / Universal","0","425","500","5"
"3100218000A","STAY MUDGUARD MARBLE RED (ALTI","General Spare Parts","TVS / Universal","0","425","500","5"
"31002180000","STAY MUDGUARD HG BLACK","General Spare Parts","TVS / Universal","0","612","720","5"
"3100218002H","STAY MUDGUARD AP RED","General Spare Parts","TVS / Universal","0","909.5","1070","5"
"3100218006G","STAY MUDGUARD FLAME RED -XL SUPER (ALTI","General Spare Parts","TVS / Universal","0","2550","3000","5"
"3100218007L","STAY MUDGUARD Moss GREEN","General Spare Parts","TVS / Universal","0","680","800","5"
"31002180083","STAY MUDGUARD DEEP MET BLUE","General Spare Parts","TVS / Universal","0","680","800","5"
"31002180080","STAY MUDGUARD TITANIUM GREY","General Spare Parts","TVS / Universal","0","1300.5","1530","5"
"3100398000A","STABILISER TUBE MARBLE RED","General Spare Parts","TVS / Universal","0","773.5","910","5"
"310067700","STAY MUDGUARD CH_PLATED","General Spare Parts","TVS / Universal","0","816","960","5"
"3101033","CYLINDER HEAD(SQUISH) - MACHINED","Engine","TVS / Universal","0","10166","11960","5"
"3101098000A","CROWN PLATE TOP MARBLE RED","General Spare Parts","TVS / Universal","0","1054","1240","5"
"31010980023","CROWN PLATE TOP CANDY BLUE","General Spare Parts","TVS / Universal","0","1054","1240","5"
"311235000","HUB DRIVE","General Spare Parts","TVS / Universal","0","986","1160","5"
"311276700","LOCKING PLATE XT PLATED","General Spare Parts","TVS / Universal","0","425","500","5"
"311277000","CUSH DRIVE COVER","General Spare Parts","TVS / Universal","0","425","500","5"
"311279600","REAR AXLE XT+C1249","General Spare Parts","TVS / Universal","0","425","500","5"
"311293000","SPROCKET CARRIER MACHINING","General Spare Parts","TVS / Universal","0","2405.5","2830","5"
"311302000","THRUST PAD","Brakes","TVS / Universal","0","425","500","5"
"311325000","Hua DRIVE {MOD}","General Spare Parts","TVS / Universal","0","425","500","5"
"312130800","SILENCER SUPPORT ARM ASSY","General Spare Parts","TVS / Universal","0","425","500","5"
"31238800","CHAIN CAM","Brakes","TVS / Universal","0","425","500","5"
"312508","Clutch spring hook","General Spare Parts","TVS / Universal","0","425","500","5"
"3135037","HANDLE COMP PILLION RIDER","General Spare Parts","TVS / Universal","0","4037.5","4750","5"
"3140010","TANK OIL","Oils & Fluids","TVS / Universal","0","1963.5","2310","5"
"3148530","CAP OIL TANK FILLER","Oils & Fluids","TVS / Universal","0","425","500","5"
"3148620","TANK OIL MAX DC/AC (AIT)","Oils & Fluids","TVS / Universal","0","2346","2760","5"
"315007000","HAND GRIP","General Spare Parts","TVS / Universal","0","399.5","470","5"
"315011000","ACCELERATOR GRIP","General Spare Parts","TVS / Universal","0","425","500","5"
"315014700","HAND LEVER RH","General Spare Parts","TVS / Universal","0","425","500","5"
"315017700","HAND LEVER LH","General Spare Parts","TVS / Universal","0","425","500","5"
"315019000","TUBE FOR ACCELERATOR","General Spare Parts","TVS / Universal","0","425","500","5"
"3160268","LEVER SET SCREW","General Spare Parts","TVS / Universal","0","425","500","5"
"3160424","ADJUST WASHER","General Spare Parts","TVS / Universal","0","425","500","5"
"316054000","REFLECTOR TAIL LAMP","Electrical","TVS / Universal","0","654.5","770","5"
"316057000","SWITCH COVER ASSY","Electrical","TVS / Universal","0","425","500","5"
"3160725","SET SCREW","General Spare Parts","TVS / Universal","0","425","500","5"
"316146000","BULB HOLDER ASSY","Electrical","TVS / Universal","0","382.5","450","5"
"316161000","SWITCH BASE ASSEMBLY","Electrical","TVS / Universal","0","637.5","750","5"
"316162000","AC HORN TWIN TERMINAL","Electrical","TVS / Universal","0","425","500","5"
"316182000","IGHT UNIT ASSY","General Spare Parts","TVS / Universal","0","1589.5","1870","5"
"316201000","SWITCH BASE CHAMP","Electrical","TVS / Universal","0","612","720","5"
"316202000","SWITCH COVER CHAMP","Electrical","TVS / Universal","0","603.5","710","5"
"3167040","CABLE ASSY CLUTCH","Electrical","TVS / Universal","0","425","500","5"
"3167040S","CABLE ASSY CLUTCH","Electrical","TVS / Universal","0","595","700","5"
"3167090","CABLE SPEEDO W/O OIL SEAL","Oils & Fluids","TVS / Universal","0","1309","1540","5"
"3167090S","CABLE SPEEDO W/O OIL SEAL","Oils & Fluids","TVS / Universal","0","425","500","5"
"3167710S","CABLE SPEEDO METER INNER","Electrical","TVS / Universal","0","425","500","5"
"3168600","LEVER STARTER","General Spare Parts","TVS / Universal","0","425","500","5"
"3168610","BODY' CHOKE LVR","Brakes","TVS / Universal","0","425","500","5"
"317025000","CABLE ASSY BRAKE FRONT","Brakes","TVS / Universal","0","722.5","850","5"
"317025000S","CABLE ASSY BRAKE FRONT","Brakes","TVS / Universal","0","425","500","5"
"317027000","CABLE ASSY THROTTLE","Electrical","TVS / Universal","0","688.5","810","5"
"317027000S","CABLE ASSY THROTTLE","Electrical","TVS / Universal","0","425","500","5"
"317034000","CABLE ASSY STARTING","Electrical","TVS / Universal","0","425","500","5"
"317034000S","CABLE ASSY STARTING","Electrical","TVS / Universal","0","425","500","5"
"317058000","CABLE ASSY SPEEDOMETER AT","Electrical","TVS / Universal","0","731","860","5"
"317058000S","CABLE ASSY SPEEDOMETER AT","Electrical","TVS / Universal","0","425","500","5"
"317080000","CABLE ASSY BRAKE REAR","Brakes","TVS / Universal","0","425","500","5"
"317080000S","CABLE ASSY BRAKE REAR","Brakes","TVS / Universal","0","425","500","5"
"3171043","BRAKE PANEL COMP RR PAINTED 110 DIA","Brakes","TVS / Universal","0","5712","6720","5"
"3171090","BRAKE SHOE SET IIODIA","Brakes","TVS / Universal","0","1309","1540","5"
"3171090L","BRAKE SHOE SET IIODIA","Brakes","TVS / Universal","0","425","500","5"
"3172020","DRIVER SPEEDOMETER GEAR","General Spare Parts","TVS / Universal","0","425","500","5"
"318076700","STOPPER OIL SEAL MAGNETO","Oils & Fluids","TVS / Universal","0","425","500","5"
"3181043","DRUM REAR SPROCKET M/c","General Spare Parts","TVS / Universal","0","2983.5","3510","5"
"318131800","INK BRACKET ASSY L H- CH PTD","General Spare Parts","TVS / Universal","0","425","500","5"
"318132800","INK BRACKET ASSY R H- CH PTD","General Spare Parts","TVS / Universal","0","425","500","5"
"3184038","SHAFT RR SPKT MTG DR","General Spare Parts","TVS / Universal","0","841.5","990","5"
"3184048","SPACER RR AXL 'L'","General Spare Parts","TVS / Universal","0","425","500","5"
"3184058","AXLE REAR","General Spare Parts","TVS / Universal","0","425","500","5"
"319076000","SPEEDOMETER ASSY AT","General Spare Parts","TVS / Universal","0","3833.5","4510","5"
"3202318","ADJ. COMP. CHAIN","General Spare Parts","TVS / Universal","0","425","500","5"
"3204028","SHAFT REAR SWINGING ARM","General Spare Parts","TVS / Universal","0","2150.5","2530","5"
"3207018","SPRING","General Spare Parts","TVS / Universal","0","425","500","5"
"3218510","BODY' RR FENDER FR","General Spare Parts","TVS / Universal","0","1071","1260","5"
"3218520","BODY' RR FENDER RR","General Spare Parts","TVS / Universal","0","2771","3260","5"
"3226220","LAMP ASSY RR TS BLACK BASE","Electrical","TVS / Universal","0","1793.5","2110","5"
"3230092","PROP STAND COMP PAINTED (ACT)","General Spare Parts","TVS / Universal","0","425","500","5"
"3230515","SPRING BRAKE SHOE","Brakes","TVS / Universal","0","425","500","5"
"3240030","LEVER ASSEMBLY KICK STARTER","General Spare Parts","TVS / Universal","0","4845","5700","5"
"3247040","SPARK PLUG","General Spare Parts","TVS / Universal","0","425","500","5"
"3249010","GASKET CYLINDER HEAD","Engine","TVS / Universal","0","425","500","5"
"3249020","GASKET CYLINDER","Engine","TVS / Universal","0","425","500","5"
"3249040","GASKET CLUTCH COVER","Engine","TVS / Universal","0","425","500","5"
"3249050","GASKET OIL LEVEL PLUG","Oils & Fluids","TVS / Universal","0","425","500","5"
"3249060","GASKET OIL PLIMP","Oils & Fluids","TVS / Universal","0","425","500","5"
"3249070","GASKET GEAR SHIFT SWITCH","Engine","TVS / Universal","0","425","500","5"
"3249080","GASKET OIL DRAIN PLUG","Oils & Fluids","TVS / Universal","0","425","500","5"
"3249120","GASKET REED VALVE","Engine","TVS / Universal","0","425","500","5"
"3249150","GASKET CRANKECASE","Engine","TVS / Universal","0","603.5","710","5"
"3250508","SPRING FR BRAKE CABLE","Brakes","TVS / Universal","0","425","500","5"
"3250536","SPRING CENTRE STAND","General Spare Parts","TVS / Universal","0","425","500","5"
"3250548","SPRING BRAKE PEDAL","Brakes","TVS / Universal","0","425","500","5"
"3254124","RACE STEERING OUTER (ALTI","General Spare Parts","TVS / Universal","0","425","500","5"
"3257070","MIRROR ASSY REAR VIEW","General Spare Parts","TVS / Universal","0","1589.5","1870","5"
"3257200","INK SET CHAIN","General Spare Parts","TVS / Universal","0","425","500","5"
"3257437","80 LT","General Spare Parts","TVS / Universal","0","425","500","5"
"3257448","CRPH SCR M6x10 4.6 ZNB (ALTI","General Spare Parts","TVS / Universal","0","425","500","5"
"3257497","WASHER","General Spare Parts","TVS / Universal","0","425","500","5"
"3257507","BOLT (ALT)","General Spare Parts","TVS / Universal","0","425","500","5"
"3257518","BOLT","General Spare Parts","TVS / Universal","0","425","500","5"
"3257580","DAMPER RUBBER","General Spare Parts","TVS / Universal","0","425","500","5"
"3259010","GASKET EXHAUST PIP","Engine","TVS / Universal","0","425","500","5"
"330001800","FOOTREST LH - MOPED","General Spare Parts","TVS / Universal","0","731","860","5"
"330002800","FOOTREST RH - MOPED","General Spare Parts","TVS / Universal","0","731","860","5"
"330308","WAVE SPRING WASHER M5 ZNB (ALT)","General Spare Parts","TVS / Universal","0","425","500","5"
"332078","CRPH SCR M6X30 ZNB","General Spare Parts","TVS / Universal","0","425","500","5"
"332346","SCREW sp/METER PINION BUSH","General Spare Parts","TVS / Universal","0","425","500","5"
"334108","NuT CYLINDER - WEGO (ALTI","Engine","TVS / Universal","0","425","500","5"
"335728","PUNCHED WASHER 20X32X2","General Spare Parts","TVS / Universal","0","425","500","5"
"335976","WASHER","General Spare Parts","TVS / Universal","0","425","500","5"
"401028000","CYLINDER HEAD GASKET","Engine","TVS / Universal","0","425","500","5"
"403006000","CRANK CASE GASKET","Engine","TVS / Universal","0","425","500","5"
"4034038","JOINT KICK STARTER LEVER MACHI","General Spare Parts","TVS / Universal","0","2108","2480","5"
"404007000","INLET GASKET","Engine","TVS / Universal","0","425","500","5"
"404010000","END PLATE","General Spare Parts","TVS / Universal","0","425","500","5"
"404011000","HOSE CLIP ASSY","General Spare Parts","TVS / Universal","0","425","500","5"
"404012000","WIRE CLIP","Electrical","TVS / Universal","0","425","500","5"
"404037000","ADJUSTER-EKO","General Spare Parts","TVS / Universal","0","425","500","5"
"404038000","PRESSURE SPRING","General Spare Parts","TVS / Universal","0","425","500","5"
"404048000","CABLE ADJ BUSH-SPACO","Electrical","TVS / Universal","0","425","500","5"
"404049000","NUT","General Spare Parts","TVS / Universal","0","425","500","5"
"404053000","PETROL STOP NEEDLE-SPACO","General Spare Parts","TVS / Universal","0","425","500","5"
"404054000","SCREW-SPACO","General Spare Parts","TVS / Universal","0","425","500","5"
"404055000","FILTER-SPACO","Filters","TVS / Universal","0","425","500","5"
"404056000","BANJO-SPACO","General Spare Parts","TVS / Universal","0","425","500","5"
"404057000","SCREW-SPACO","General Spare Parts","TVS / Universal","0","425","500","5"
"404058000","WASHER-SPACO","General Spare Parts","TVS / Universal","0","425","500","5"
"404060000","SPRING-SPACO","General Spare Parts","TVS / Universal","0","425","500","5"
"404062000","WASHER-SPACO","General Spare Parts","TVS / Universal","0","425","500","5"
"404063000","SEALING RING","General Spare Parts","TVS / Universal","0","425","500","5"
"404065000","FLOAT CHAMBER COVER","General Spare Parts","TVS / Universal","0","425","500","5"
"404067000","THROTTLE VALVE-SPACO","Engine","TVS / Universal","0","425","500","5"
"404070000","SPRING-SPACO","General Spare Parts","TVS / Universal","0","425","500","5"
"404077000","MAIN JET","General Spare Parts","TVS / Universal","0","44.2","52","5"
"404134000","GROMMET THROTTLE CABLE","Electrical","TVS / Universal","0","425","500","5"
"404153000","INDUCTION PIPE-MACHINED","General Spare Parts","TVS / Universal","0","425","500","5"
"404163000","INDUCTION BELLOWS - NEW","General Spare Parts","TVS / Universal","0","425","500","5"
"404168000","CLIP - INDUCTION BELLOW","General Spare Parts","TVS / Universal","0","425","500","5"
"404169000","SCREW - CARS EKO","General Spare Parts","TVS / Universal","0","425","500","5"
"404170000","SRA SCREW EKO","General Spare Parts","TVS / Universal","0","425","500","5"
"404171000","SPRING","General Spare Parts","TVS / Universal","0","425","500","5"
"404234000","ADAPTOR CARBURETTOR -XT/AT","General Spare Parts","TVS / Universal","0","425","500","5"
"404241000","ADAPTER FILTER AT","Filters","TVS / Universal","0","425","500","5"
"404242000","CHOKE LEVER","General Spare Parts","TVS / Universal","0","425","500","5"
"404243000","CHOKE LEVER - ARM","General Spare Parts","TVS / Universal","0","425","500","5"
"404263000","SPINDLE","General Spare Parts","TVS / Universal","0","425","500","5"
"405001000","EXHAUST GASKET","Engine","TVS / Universal","0","425","500","5"
"405130000","RUBBER BUSH XT","General Spare Parts","TVS / Universal","0","425","500","5"
"405133000","NYLON PIN XT","General Spare Parts","TVS / Universal","0","425","500","5"
"405138000","EXHAUST GASKET AT","Engine","TVS / Universal","0","425","500","5"
"405153000","SEALING BUSH","General Spare Parts","TVS / Universal","0","425","500","5"
"406008000","H T COVER","General Spare Parts","TVS / Universal","0","425","500","5"
"406011000","CONTACT BREAKER ASSY","General Spare Parts","TVS / Universal","0","790.5","930","5"
"407006700","PRESSURE PLATE-PLATED","General Spare Parts","TVS / Universal","0","705.5","830","5"
"407008010","CLUTCH FACING","General Spare Parts","TVS / Universal","0","663","780","5"
"407008010E","CLUTCH FACING","General Spare Parts","TVS / Universal","0","425","500","5"
"407010000","END PLATE ASSY","General Spare Parts","TVS / Universal","0","646","760","5"
"407011700","LOCKING PLATE CLUTCH PLATED","General Spare Parts","TVS / Universal","0","425","500","5"
"407012700","SUPPORT PLATE","General Spare Parts","TVS / Universal","0","425","500","5"
"407027000","CLUTCH SPRING ASSY","General Spare Parts","TVS / Universal","0","425","500","5"
"407058000","PRESSURE SPRING","General Spare Parts","TVS / Universal","0","425","500","5"
"407078000","CLUTCH HUB","General Spare Parts","TVS / Universal","0","1385.5","1630","5"
"407086700","HEX SCREW M5X20 (ALT)","General Spare Parts","TVS / Universal","0","425","500","5"
"407088700","STARTER LEAF SPRING ASSY","General Spare Parts","TVS / Universal","0","425","500","5"
"407098000","DAMPING CLIP","General Spare Parts","TVS / Universal","0","425","500","5"
"407100700","SHIM 542x63xo.3 ZNC","General Spare Parts","TVS / Universal","0","425","500","5"
"407165000","CLUTCH HSG ASSY WITH BEARING XL","General Spare Parts","TVS / Universal","0","2898.5","3410","5"
"407181700","RETAINER","General Spare Parts","TVS / Universal","0","425","500","5"
"408003000","SHIM 17x24xos OILED","Oils & Fluids","TVS / Universal","0","425","500","5"
"408016000","SHIM PADEL SHAFT","Brakes","TVS / Universal","0","425","500","5"
"408019000","MOPED CHAIN 083 112 LINKS","General Spare Parts","TVS / Universal","0","2728.5","3210","5"
"408047700","SPL HEX NUT","General Spare Parts","TVS / Universal","0","425","500","5"
"408245000","SHIM 7 Ex15x1_o ZNC [Tsos","General Spare Parts","TVS / Universal","0","3417.85","4021","5"
"408246000","SHIM 7 Ex15xo_5 ZNC [Tsos","General Spare Parts","TVS / Universal","0","3417.85","4021","5"
"408250000","PEDAL ASSY R H","General Spare Parts","TVS / Universal","0","612","720","5"
"408349000","MOPED CHAIN 083 106 LINKS","General Spare Parts","TVS / Universal","0","2771","3260","5"
"408383000","V - BELT (EKO)","General Spare Parts","TVS / Universal","0","1963.5","2310","5"
"408411000","V-BELT XL","General Spare Parts","TVS / Universal","0","1691.5","1990","5"
"408412000","V BELT XT","General Spare Parts","TVS / Universal","0","2023","2380","5"
"408414000","BEARING BUSH PEDAL SHAFT","General Spare Parts","TVS / Universal","0","425","500","5"
"408415000","O' RING PEDAL SHAFT","General Spare Parts","TVS / Universal","0","425","500","5"
"408416000","SHIM PEDAL SHAFT","General Spare Parts","TVS / Universal","0","425","500","5"
"409003000","SILENT acoc GROUND","General Spare Parts","TVS / Universal","0","739.5","870","5"
"409047000","NYLON LOCK NUT MS 8 ZNS","General Spare Parts","TVS / Universal","0","425","500","5"
"409048000","AUTO CHAIN TENSIONER ASSY","General Spare Parts","TVS / Universal","0","425","500","5"
"409115000","STAND SPRING EKO","General Spare Parts","TVS / Universal","0","425","500","5"
"409198000","DUST SEAL CHAIN COVER XT","General Spare Parts","TVS / Universal","0","425","500","5"
"409199000","GROMMET CABLE ROUTING XT","Electrical","TVS / Universal","0","425","500","5"
"4097160","COIL HORN","Oils & Fluids","TVS / Universal","0","1691.5","1990","5"
"410008000","DUST BELLOWS","General Spare Parts","TVS / Universal","0","425","500","5"
"410013700","CONE TOP PLATED (ALTI","General Spare Parts","TVS / Universal","0","739.5","870","5"
"410019000","STABILISER PAD","Brakes","TVS / Universal","0","425","500","5"
"410043700","SPECIAL WASHER","General Spare Parts","TVS / Universal","0","425","500","5"
"410051000","CLIP DUST BELLOWS","General Spare Parts","TVS / Universal","0","425","500","5"
"410055700","SHIM 26x32x1","General Spare Parts","TVS / Universal","0","425","500","5"
"410056700","SHIM","General Spare Parts","TVS / Universal","0","425","500","5"
"410058700","STEERING LOCK NUT","General Spare Parts","TVS / Universal","0","748","880","5"
"410059000","CAP LOCK NUT","General Spare Parts","TVS / Universal","0","425","500","5"
"410073000","TOLERANCE RING","General Spare Parts","TVS / Universal","0","425","500","5"
"410085000","CABLE GUIDE-SPEEDO","Electrical","TVS / Universal","0","425","500","5"
"410104700","BRACKET STABILISER - XL","General Spare Parts","TVS / Universal","0","425","500","5"
"410113700","cup TOP PLATED (ALTI","General Spare Parts","TVS / Universal","0","671.5","790","5"
"410114700","CUP BOTTOM PLATED","General Spare Parts","TVS / Universal","0","680","800","5"
"410115700","CONE BOTTOM PLATED","General Spare Parts","TVS / Universal","0","425","500","5"
"410159000","GUIDE BUSH HALF","General Spare Parts","TVS / Universal","0","425","500","5"
"410175000","SPRING ANCHOR-TOP","General Spare Parts","TVS / Universal","0","425","500","5"
"410180000","BUMP STOPPER","General Spare Parts","TVS / Universal","0","425","500","5"
"411004000","SPOKE dia 298x15g LONG INNER","General Spare Parts","TVS / Universal","0","425","500","5"
"411005000","NIPPLES","General Spare Parts","TVS / Universal","0","425","500","5"
"411016000","RIM TAPE XLS","General Spare Parts","TVS / Universal","0","85","100","5"
"411018000","TYRE 2.5X16","General Spare Parts","TVS / Universal","0","10446.5","12290","5"
"411173000","RIM NUT XLS","General Spare Parts","TVS / Universal","0","85","100","5"
"411187000","SPRING BRAKE SHOE XL","Brakes","TVS / Universal","0","425","500","5"
"411190700","CHAIN TENSIONER CAM","Brakes","TVS / Universal","0","425","500","5"
"411199000","TYRE FRONT 250 X 16","General Spare Parts","TVS / Universal","0","7820","9200","5"
"411209000","SPOKE dia 2.98-159 LONG OUTER","General Spare Parts","TVS / Universal","0","425","500","5"
"411257700","BUSH FRONT WHEEL (AIT)","General Spare Parts","TVS / Universal","0","425","500","5"
"411259000","SPACER BUSH","General Spare Parts","TVS / Universal","0","425","500","5"
"411278000","CUSH DRIVE RUBBER XT","General Spare Parts","TVS / Universal","0","425","500","5"
"411291000","BRAKE LEVER REAR XT","Brakes","TVS / Universal","0","425","500","5"
"411295700","BUSH SPROCKET CARRIER XT","General Spare Parts","TVS / Universal","0","425","500","5"
"411324000","BRAKE RELEASE SPRING (ALTI","Brakes","TVS / Universal","0","425","500","5"
"411341000","BUTYL TUBE","General Spare Parts","TVS / Universal","0","2558.5","3010","5"
"412069000","TANK REST CUSHION TOP","General Spare Parts","TVS / Universal","0","425","500","5"
"412079000","FLOOR MAT BUTTON (ALTI","General Spare Parts","TVS / Universal","0","425","500","5"
"412083000","PIVOT PIN - STAND","General Spare Parts","TVS / Universal","0","425","500","5"
"412088700","SPACHER BUSH","General Spare Parts","TVS / Universal","0","425","500","5"
"412092000","PAD X","Brakes","TVS / Universal","0","85","100","5"
"412120000","STAND SPRING","General Spare Parts","TVS / Universal","0","425","500","5"
"413027700","SIDE HANDLE","General Spare Parts","TVS / Universal","0","425","500","5"
"413050000","NYLON LOCK NUT MS","General Spare Parts","TVS / Universal","0","6.8","8","5"
"414003000","FUEL TAP ASSEMBLY","General Spare Parts","TVS / Universal","0","816","960","5"
"414004000","TANK CAP ASSY AT","General Spare Parts","TVS / Universal","0","603.5","710","5"
"414147000","CLAMP FUEL LINE","Electrical","TVS / Universal","0","425","500","5"
"415005700","SUPPORT","General Spare Parts","TVS / Universal","0","425","500","5"
"415008800","LEVER BRKT LH PAINTED","General Spare Parts","TVS / Universal","0","722.5","850","5"
"415018700","SCH SCREW M5X20","General Spare Parts","TVS / Universal","0","425","500","5"
"415021000","HEX LOCK NuT MS 8 ZNB (AIT)","General Spare Parts","TVS / Universal","0","425","500","5"
"415031000","STARTING LEVER","General Spare Parts","TVS / Universal","0","425","500","5"
"415039000","STOPPER THROTTLE TUBE","General Spare Parts","TVS / Universal","0","425","500","5"
"416015000","BULB SV 25W HEADLAMP","Engine","TVS / Universal","0","425","500","5"
"416015000E","BULB SV 25W HEADLAMP","Engine","TVS / Universal","0","425","500","5"
"416046000","BULB SV SW","Electrical","TVS / Universal","0","425","500","5"
"417031000","NIPPLE ANCHOR","General Spare Parts","TVS / Universal","0","425","500","5"
"418005000","CYL BASE GASKET","Engine","TVS / Universal","0","425","500","5"
"418021700","TUBE INNER LONG","General Spare Parts","TVS / Universal","0","425","500","5"
"418064700","TUBE INNER SHORT","General Spare Parts","TVS / Universal","0","425","500","5"
"418134000","STOPPER OIL SEAL CLUTCH SIDE","Oils & Fluids","TVS / Universal","0","425","500","5"
"418139000","RUBBER BUSH LONG","General Spare Parts","TVS / Universal","0","425","500","5"
"418141000","RUaaER BUSH SHORT","General Spare Parts","TVS / Universal","0","425","500","5"
"419080000","IGNITION LOCK AT","General Spare Parts","TVS / Universal","0","1929.5","2270","5"
"419119000","SPEEDO BULB AT","Electrical","TVS / Universal","0","425","500","5"
"420001700","PUNCHED WASHER A6.S ZNB","General Spare Parts","TVS / Universal","0","425","500","5"
"420002700","PUNCHED WASHER A7.S ZNc(Tsos-0003)","General Spare Parts","TVS / Universal","0","425","500","5"
"420008700","PUNCHED WASHER All ZNB (ALTI","General Spare Parts","TVS / Universal","0","425","500","5"
"420011700","PLAIN WASHER AS-4 ZNC (ALTI","General Spare Parts","TVS / Universal","0","425","500","5"
"420015700","PUNCHED WASHER","General Spare Parts","TVS / Universal","0","425","500","5"
"420051000","SPRING WASHER","General Spare Parts","TVS / Universal","0","425","500","5"
"420053000","SPRING WASHER 310 - WEGO","General Spare Parts","TVS / Universal","0","425","500","5"
"420201000","MTL WASHER A6_4 P","General Spare Parts","TVS / Universal","0","425","500","5"
"420202000","MTL WASHER AIO.5 P (Tsos-0002)","General Spare Parts","TVS / Universal","0","425","500","5"
"420204000","MTL WASHER A5_1 P","General Spare Parts","TVS / Universal","0","425","500","5"
"420302700","HEX NUT MS","General Spare Parts","TVS / Universal","0","6.8","8","5"
"420305700","HEX NUT MS","General Spare Parts","TVS / Universal","0","6.8","8","5"
"420307700","HEX NuT M7 8 ZNC(TSDS0304 2 of 2)","General Spare Parts","TVS / Universal","0","425","500","5"
"420308700","HEX NUT MIO 8 ZNC","General Spare Parts","TVS / Universal","0","425","500","5"
"420313700","HEX NUT M12 8 ZNS","General Spare Parts","TVS / Universal","0","425","500","5"
"420402000","BALLS DIA 5/32","General Spare Parts","TVS / Universal","0","425","500","5"
"420404000","3/16 BALLS","General Spare Parts","TVS / Universal","0","425","500","5"
"420452700","HEX SCREW M6X12 88 ZNB","General Spare Parts","TVS / Universal","0","425","500","5"
"420454700","HEX SCREW M8X20 88 ZNC","General Spare Parts","TVS / Universal","0","425","500","5"
"420457400","OTHER PARTS","General Spare Parts","TVS / Universal","0","425","500","5"
"420462700","HEX SCREW M6X20 88 ZNB","General Spare Parts","TVS / Universal","0","425","500","5"
"420464700","HEX SCREW M6X16 88 ZNB","General Spare Parts","TVS / Universal","0","425","500","5"
"420465700","CH HD SCR M5x16 ZNS (AIT)","General Spare Parts","TVS / Universal","0","425","500","5"
"420468700","HEX SCREW M6X35 88 ZNB (ALTI","General Spare Parts","TVS / Universal","0","425","500","5"
"420469700","HEX BOLT M8XS5 8.8 ZNB","General Spare Parts","TVS / Universal","0","425","500","5"
"420470000","CH HD SCREW M4 X","General Spare Parts","TVS / Universal","0","25.5","30","5"
"420476700","HEX SCREW M6X30 88 ZNC","General Spare Parts","TVS / Universal","0","425","500","5"
"420486700","CH HD SCR M4x30 ZNC (AIT)","General Spare Parts","TVS / Universal","0","425","500","5"
"420496700","HEX BOLT MIOX40 8.8 ZNB","General Spare Parts","TVS / Universal","0","425","500","5"
"420507700","HEX BOLT M8Xg5 8.8 ZNC","General Spare Parts","TVS / Universal","0","425","500","5"
"420510700","HEX SCREW M5x16","General Spare Parts","TVS / Universal","0","425","500","5"
"420515700","RECESSED PAN HEAD SCW M4x10-s_6","Engine","TVS / Universal","0","425","500","5"
"420518700","REC PAN HD SCREW M6X20- WEGO","General Spare Parts","TVS / Universal","0","425","500","5"
"420523700","OTHER PARTS","General Spare Parts","TVS / Universal","0","425","500","5"
"420566000","NEEDLE CAGE PISTON PIN 12x16x13 R ED (ALTI","Engine","TVS / Universal","0","425","500","5"
"420577000","NEEDLE ROLLER BEARING 15x21x18","General Spare Parts","TVS / Universal","0","1232.5","1450","5"
"420601000","BALL BEARING 15x42x13 Cs 6302","General Spare Parts","TVS / Universal","0","1487.5","1750","5"
"420602000","BALL BEARING 12x32x10 6201 CS","General Spare Parts","TVS / Universal","0","425","500","5"
"420651000","OIL GAS SEAL CLUTCH SIDE","Oils & Fluids","TVS / Universal","0","425","500","5"
"420652000","OIL GAS SEAL MAGNETOSIDE","Oils & Fluids","TVS / Universal","0","425","500","5"
"420661000","SEALING RING WHEEL HUB","General Spare Parts","TVS / Universal","0","425","500","5"
"420667000","V PULLEY SEA","General Spare Parts","TVS / Universal","0","425","500","5"
"420701700","COTTER PIN","General Spare Parts","TVS / Universal","0","425","500","5"
"420702000","WOODRUFF KEY","General Spare Parts","TVS / Universal","0","425","500","5"
"420801000","SPRING DOWEL","General Spare Parts","TVS / Universal","0","425","500","5"
"420851700","CYLINDER STUD","Engine","TVS / Universal","0","425","500","5"
"420919000","CIR CLIP 8.0 - WEGO","General Spare Parts","TVS / Universal","0","425","500","5"
"420950000","SPRING RING12x1","General Spare Parts","TVS / Universal","0","425","500","5"
"420955700","HEX SCREW M8X40 88 ZNB","General Spare Parts","TVS / Universal","0","425","500","5"
"420957700","PHILIPS HD SCREW M4X15","General Spare Parts","TVS / Universal","0","425","500","5"
"421011000","RETAINER","General Spare Parts","TVS / Universal","0","425","500","5"
"431031000","MANDREL STEERING CONE BOTTOM","General Spare Parts","TVS / Universal","0","2830.5","3330","5"
"432011000","FRONT BRAKE CABLE INNER","Brakes","TVS / Universal","0","425","500","5"
"432012000","REAR BRAKE CABLE INNER","Brakes","TVS / Universal","0","425","500","5"
"432014000","STARTING CABLE INNER","Electrical","TVS / Universal","0","425","500","5"
"432027000","BALL THRUST BUTTON ASSY","General Spare Parts","TVS / Universal","0","425","500","5"
"432031000","CONNECTING LINK-MOP.CHAIN","General Spare Parts","TVS / Universal","0","425","500","5"
"432149000","SPEEDO CABLEINNERCHAMP","Electrical","TVS / Universal","0","697","820","5"
"432149000S","SPEEDO CABLEINNERCHAMP","Electrical","TVS / Universal","0","425","500","5"
"5097030","IGNITION SWITCH ASSY (12V AC)","Electrical","TVS / Universal","0","3400","4000","5"
"5220320","SOCKET HEAD LAMP 12V","Engine","TVS / Universal","0","425","500","5"
"5220330","BULB HEAD LAMP 12v-35/35w-lMP","Engine","TVS / Universal","0","357","420","5"
"5227350","BULB RC LAMP 12V 10/5W","Electrical","TVS / Universal","0","425","500","5"
"5227360","BULB 12V/3.4 W","Electrical","TVS / Universal","0","425","500","5"
"7060050","COMBINED CDI / IGNITION COIL","Oils & Fluids","TVS / Universal","0","12520.5","14730","5"
"7100090","SEAL DUST","General Spare Parts","TVS / Universal","0","416.5","490","5"
"7100300","O RING","General Spare Parts","TVS / Universal","0","425","500","5"
"7100310","PACKING","General Spare Parts","TVS / Universal","0","425","500","5"
"7100320","BOLT (ALT)","General Spare Parts","TVS / Universal","0","425","500","5"
"7100380","PACKING","General Spare Parts","TVS / Universal","0","425","500","5"
"7100402","BKT UPPER PAINTED","General Spare Parts","TVS / Universal","0","5321","6260","5"
"7100610","SLIDE METAL","General Spare Parts","TVS / Universal","0","731","860","5"
"7100700","CAP ASSY FRONT FORK","General Spare Parts","TVS / Universal","0","425","500","5"
"7130020","NUT SEAT TAIL COVER CENTRE","General Spare Parts","TVS / Universal","0","425","500","5"
"7130140","WASHER cup ZnK","General Spare Parts","TVS / Universal","0","425","500","5"
"7130190","SEAT BASE","General Spare Parts","TVS / Universal","0","3281","3860","5"
"7140150","CAP ASSY FUEL TANK FILLER","General Spare Parts","TVS / Universal","0","3893","4580","5"
"7140370","FUEL COCK ASSY (FACE SEAL)","General Spare Parts","TVS / Universal","0","1751","2060","5"
"7150390","BRACKET","General Spare Parts","TVS / Universal","0","1020","1200","5"
"7150400","ADJUSTER","General Spare Parts","TVS / Universal","0","425","500","5"
"7150550","LEVER BRACKET LH","General Spare Parts","TVS / Universal","0","892.5","1050","5"
"7150560","BRAKE LIGHT SWITCH","Brakes","TVS / Universal","0","603.5","710","5"
"7160030","LAMP ASSY RR COMBINATION","Electrical","TVS / Universal","0","2601","3060","5"
"7160820","SPEEDOMETER ASSY","General Spare Parts","TVS / Universal","0","21420","25200","5"
"7160950","HEAD LAMP ASSY ROUND","Engine","TVS / Universal","0","7284.5","8570","5"
"7170050","CABLE ASSY THROTTLE","Electrical","TVS / Universal","0","1751","2060","5"
"7170060","CABLE ASSY STARTER","Electrical","TVS / Universal","0","425","500","5"
"7200120","BOLT","General Spare Parts","TVS / Universal","0","425","500","5"
"7300010","MIRROR RH - SAMURAI","General Spare Parts","TVS / Universal","0","2091","2460","5"
"7300020","MIRROR LH -SAMURAI","General Spare Parts","TVS / Universal","0","2091","2460","5"
"7300220","SAREE GUARD","General Spare Parts","TVS / Universal","0","4165","4900","5"
"7310030","CLUTCH SLEEVE HUB HOLDER","General Spare Parts","TVS / Universal","0","1496","1760","5"
"7320060","SEAL FUEL COCK","General Spare Parts","TVS / Universal","0","425","500","5"
"8060060","ADJUSTER CLUTCH RELEASE","General Spare Parts","TVS / Universal","0","425","500","5"
"8060070","SEAL 12-20.6-5","General Spare Parts","TVS / Universal","0","425","500","5"
"8060090","COVER MAGNETO PAINTED","General Spare Parts","TVS / Universal","0","1368.5","1610","5"
"8081250","SPROCKET REAR 39T","General Spare Parts","TVS / Universal","0","3850.5","4530","5"
"8081410","STOPPER GEAR SHIFT CAM","Brakes","TVS / Universal","0","425","500","5"
"8081460","ARRESTOR PLATE COMP","General Spare Parts","TVS / Universal","0","425","500","5"
"8081530","SPRING GS SHAFT RETURN","General Spare Parts","TVS / Universal","0","425","500","5"
"8090120","SHOCK ABSORBER REAR","General Spare Parts","TVS / Universal","0","10693","12580","5"
"8110250","AXLE REAR","General Spare Parts","TVS / Universal","0","3102.5","3650","5"
"8110260","SHAFT RR SPROCKET NEW","General Spare Parts","TVS / Universal","0","425","500","5"
"8110270","ADUSTER COMP CHAIN L NEW (AIT)","General Spare Parts","TVS / Universal","0","425","500","5"
"8110280","ADJUSTER COMP CHAIN R NEW","General Spare Parts","TVS / Universal","0","425","500","5"
"8120140","BAR COMP FRONT FOOTREST PAINTED","General Spare Parts","TVS / Universal","0","3017.5","3550","5"
"8160020","REFLEX REFLECTOR","General Spare Parts","TVS / Universal","0","425","500","5"
"8200120","CRPH TAPPING SCREW M5*12","General Spare Parts","TVS / Universal","0","425","500","5"
"8200130","PUNCHED WASHER s_5x11xL6 ZNK","General Spare Parts","TVS / Universal","0","425","500","5"
"8200300","WASHER","General Spare Parts","TVS / Universal","0","425","500","5"
"8200320","CIRCLIP 50 IS:3075 TYPE E","General Spare Parts","TVS / Universal","0","425","500","5"
"8310100","PULLER ASSEMBLY-BAFFLE MAGNETO","General Spare Parts","TVS / Universal","0","3136.5","3690","5"
"8322710","CRANKE CASE ASSY","Engine","TVS / Universal","0","4420","5200","5"
"9130080","FRAME SEAT BOTTOM","General Spare Parts","TVS / Universal","0","5321","6260","5"
"9200150","3D WASHER A12.5 ZNC","General Spare Parts","TVS / Universal","0","425","500","5"
"9200160","WASHER A12_5 ZNS","General Spare Parts","TVS / Universal","0","425","500","5"
"9320020","STATOR PLATE ASSY","Electrical","TVS / Universal","0","11619.5","13670","5"
"A01305G","CYLINDER HEAD GASKET MP","Engine","TVS / Universal","0","425","500","5"
"A013110","XL CYLINDER BLOCK M/c DIA 38_g R","Engine","TVS / Universal","0","7607.5","8950","5"
"A013200","PISTON RING","Engine","TVS / Universal","0","790.5","930","5"
"A031010","CRANK CASE GASKET M","Engine","TVS / Universal","0","425","500","5"
"A045580","REED VALVE ASSY RUBBERISED","Engine","TVS / Universal","0","1785","2100","5"
"A0541GO","CLIP EXHAUST TUBE","General Spare Parts","TVS / Universal","0","425","500","5"
"A063070","COVER MAGNETO","General Spare Parts","TVS / Universal","0","425","500","5"
"A063240","IGNITION COIL COMP INTEGRAL","Oils & Fluids","TVS / Universal","0","9486","11160","5"
"A063250","MAGNETO ASSY COMMON","General Spare Parts","TVS / Universal","0","18555.5","21830","5"
"A103030","SPRING FRONT FORK","General Spare Parts","TVS / Universal","0","425","500","5"
"A1033600A","FORK TUBE COMP INNER LH MARBLE RED","General Spare Parts","TVS / Universal","0","603.5","710","5"
"A1033602B","FORK TUBE INNER COMP LH CANDY BLUE (ALTI","General Spare Parts","TVS / Universal","0","2006","2360","5"
"A1033608B","INNER TUBE-CHAMP","General Spare Parts","TVS / Universal","0","2193","2580","5"
"A1033700A","FORK TUBE INNER COMP R MARBLE RED","General Spare Parts","TVS / Universal","0","425","500","5"
"A1033702B","FORK TUBE INNER COMP R CANDY BLUE (ALT)","General Spare Parts","TVS / Universal","0","2006","2360","5"
"A1033708B","FORK TUBE INNER","General Spare Parts","TVS / Universal","0","756.5","890","5"
"A114290","AXLE FRONT M12X1","General Spare Parts","TVS / Universal","0","705.5","830","5"
"A128730","BUTTON ASSL\' FLOOR MAT","General Spare Parts","TVS / Universal","0","425","500","5"
"A143350","FUEL TAP ASSY M14","General Spare Parts","TVS / Universal","0","1156","1360","5"
"A151050","SLEEVE SWITCH ASSY","Electrical","TVS / Universal","0","425","500","5"
"A151108","LEVER BRKT RH OLD","General Spare Parts","TVS / Universal","0","1071","1260","5"
"A151270000","LEVER BRACKET R PAINTED","General Spare Parts","TVS / Universal","0","1020","1200","5"
"A163200","ACTUATOR STOP LAMP","Electrical","TVS / Universal","0","425","500","5"
"A170940","NIPPLE ANCHOR BRAKE LIGHT SYSTEM","Brakes","TVS / Universal","0","425","500","5"
"A171050","CABLE ASSY THROTTLE","Electrical","TVS / Universal","0","425","500","5"
"A171050S","CABLE ASSY THROTTLE","Electrical","TVS / Universal","0","425","500","5"
"A182020","BASE GASKET M","Engine","TVS / Universal","0","425","500","5"
"A182060","COVER MAGNETO","General Spare Parts","TVS / Universal","0","790.5","930","5"
"A182080","FAN COMPLETE","General Spare Parts","TVS / Universal","0","425","500","5"
"A182100","COWLING","General Spare Parts","TVS / Universal","0","425","500","5"
"A182300","COWL FAN","General Spare Parts","TVS / Universal","0","425","500","5"
"A182310","FAN -NEW","General Spare Parts","TVS / Universal","0","425","500","5"
"A182380","SPARK PLUG SPR","General Spare Parts","TVS / Universal","0","1657.5","1950","5"
"A1823GO","SPARK PLUG PR L 11 yc (TSDs-0401)","General Spare Parts","TVS / Universal","0","2142","2520","5"
"A200030","DOMED CAP NUT M8","General Spare Parts","TVS / Universal","0","425","500","5"
"A200050","HEX SOC HD CAP SCR M6x25 P 8.8","General Spare Parts","TVS / Universal","0","425","500","5"
"A200570","DOMED CAP NUT","General Spare Parts","TVS / Universal","0","425","500","5"
"A200580","NUT REAR SHOK ABSORBER","General Spare Parts","TVS / Universal","0","425","500","5"
"A210950","CABLE STRAP ASSEMBLY","Electrical","TVS / Universal","0","425","500","5"
"A210970","CRANK SHAFT ASSY KIT","Engine","TVS / Universal","0","23485.5","27630","5"
"A2109GO","CLUTCH SHIM KIT MOPED","General Spare Parts","TVS / Universal","0","425","500","5"
"A3120080","STAND COMP PAINTED","General Spare Parts","TVS / Universal","0","2371.5","2790","5"
"A326050","INNER TUBE-CHAMP","General Spare Parts","TVS / Universal","0","425","500","5"
"A326070","SPOKES & NIPPLE INNER - XL","General Spare Parts","TVS / Universal","0","425","500","5"
"A326080","SPOKES & NIPPLE OUTER -XL","General Spare Parts","TVS / Universal","0","425","500","5"
"A3260GO","PISTON RING 39 DIA I O/S","Engine","TVS / Universal","0","425","500","5"
"A326100","PISTON RING 39 DIA II O/S","Engine","TVS / Universal","0","833","980","5"
"A326140","PISTON KIT 40 DIA STD","Engine","TVS / Universal","0","3893","4580","5"
"A326150","PISTON KIT 39 DIA STD","Engine","TVS / Universal","0","4165","4900","5"
"A326210","CHAIN AND SPROCKET KIT -X","General Spare Parts","TVS / Universal","0","5712","6720","5"
"A326280","DECARB GASKET KIT XL/CH 49CC","Engine","TVS / Universal","0","425","500","5"
"A326340","SET BRAKE SHOE STD","Brakes","TVS / Universal","0","425","500","5"
"A326340L","SET BRAKE SHOE STD","Brakes","TVS / Universal","0","425","500","5"
"A326450","PISTON KIT - sg DIA O/S","Engine","TVS / Universal","0","4020.5","4730","5"
"A326460","PISTON KIT 39 DIA II-O S","Engine","TVS / Universal","0","4020.5","4730","5"
"A326470","CYLINDER AND PISTON KIT X","Engine","TVS / Universal","0","14271.5","16790","5"
"A326650","GUIDE BUSH KIT","General Spare Parts","TVS / Universal","0","425","500","5"
"A3268GO","STARTER LEAF SPRING KIT","General Spare Parts","TVS / Universal","0","425","500","5"
"A4050010","PIPE COMP EXHAUST XL - PL","General Spare Parts","TVS / Universal","0","4131","4860","5"
"A4050150","MUFFLER COMP","General Spare Parts","TVS / Universal","0","425","500","5"
"A4050420","MUFFLER COMP","General Spare Parts","TVS / Universal","0","4165","4900","5"
"A4120010","SILENCER SUPPORT ARM PAINTED 1,","General Spare Parts","TVS / Universal","0","246.5","290","5"
"ACOOOI","SUPER XL SIDE SAREEGUARD)","General Spare Parts","TVS / Universal","0","867","1020","5"
"AC0002","SUPER XL CROSS GUARD - BUTTERFLY) 1,","General Spare Parts","TVS / Universal","0","510","600","5"
"AC0003","XL SUPER STARIGHT BAR)","General Spare Parts","TVS / Universal","0","612","720","5"
"AC001148K-PS","SEAT COVER-BUTTON TYPE-STAR","General Spare Parts","TVS / Universal","0","425","500","5"
"AC0014","Tvs CHAMP SIDE GUARD)","General Spare Parts","TVS / Universal","0","595","700","5"
"AC0016","Tvs CHAMP BAG HOOK PLAIN)","General Spare Parts","TVS / Universal","0","425","500","5"
"AC0017","XL SUPER YOKE TO YOKE BAG HOOK)","General Spare Parts","TVS / Universal","0","646","760","5"
"AC0020","PEP REAR GUARD -CHROMIUM)","General Spare Parts","TVS / Universal","0","646","760","5"
"AC0021","PEP REAR GUARD -BLACK)","General Spare Parts","TVS / Universal","0","969","1140","5"
"AC0029","PEP FRONT GUARD - CHROMIUM)","General Spare Parts","TVS / Universal","0","1895.5","2230","5"
"AC00293","PEPFRONT GUARD -BLACK)","General Spare Parts","TVS / Universal","0","2329","2740","5"
"AC0030","PEP FRONT GUARD - BLAC)","General Spare Parts","TVS / Universal","0","1759.5","2070","5"
"AC0033","SIDE HANDLE WITH HOOK - m/c)","General Spare Parts","TVS / Universal","0","357","420","5"
"AC0034","SIDE HANDLE WITH HOOK - CHROMIUM)","General Spare Parts","TVS / Universal","0","357","420","5"
"AC0041","Tvs STAR SEAT COVER ENGRAVED)","General Spare Parts","TVS / Universal","0","425","500","5"
"AC0047","FULL BIKE COVER WITH DOUBLE MIRROR)","General Spare Parts","TVS / Universal","0","1028.5","1210","5"
"AC0049A","Tvs VICTOR SEAT COVER GOLD LINED)","General Spare Parts","TVS / Universal","0","425","500","5"
"AC00493","Tvs VICTOR TANK COVER GOLD LINED)","General Spare Parts","TVS / Universal","0","603.5","710","5"
"AC0049C","Tvs VICTOR SEAT COVER ENGRAVED)","General Spare Parts","TVS / Universal","0","739.5","870","5"
"AC0050","FIERO F2 SEST COVER ENGRAVED)","General Spare Parts","TVS / Universal","0","969","1140","5"
"AC0051","FIERO F2 SEAT COVER LINED)","General Spare Parts","TVS / Universal","0","739.5","870","5"
"AC0052","SUPER XL SEAT COVER SET 0F2 LUGGAGE","General Spare Parts","TVS / Universal","0","1079.5","1270","5"
"AC00523K","OTHER PARTS","General Spare Parts","TVS / Universal","0","909.5","1070","5"
"AC0053","SUPER XL SEAT CVR FULL SEAT ENGRED","General Spare Parts","TVS / Universal","0","425","500","5"
"AC00533K","OTHER PARTS","General Spare Parts","TVS / Universal","0","977.5","1150","5"
"AC00533K-CH","OTHER PARTS","General Spare Parts","TVS / Universal","0","425","500","5"
"AC0055","Tvs scoop,' PEP SEAT COVER ENGRAVED)","General Spare Parts","TVS / Universal","0","739.5","870","5"
"AC0056","TVS scoop,' PEP SEAT COVER GLO LINE","General Spare Parts","TVS / Universal","0","969","1140","5"
"AC0057","Tvs CENTRA SEAT COVER ENGRAVED)","General Spare Parts","TVS / Universal","0","425","500","5"
"AC0058","Tvs CENTRA SEAT COVER GOLD LINED)","General Spare Parts","TVS / Universal","0","425","500","5"
"AC0060","Tvs FIERO FX SEAT COVER ENGRAVED)","General Spare Parts","TVS / Universal","0","739.5","870","5"
"AC0061","Tvs FIERO FX SEAT COVER GOLD LINED)","General Spare Parts","TVS / Universal","0","425","500","5"
"AC0062","Tvs VICTOR GLX SEAT COVER ENGRAVED)","General Spare Parts","TVS / Universal","0","739.5","870","5"
"AC0063","TVS VICTOR GLX SEAT COVER GLD LINE","General Spare Parts","TVS / Universal","0","425","500","5"
"AC0064","TVS STAR CITY SEAT COVER -GLO LINE","General Spare Parts","TVS / Universal","0","425","500","5"
"AC00653K","SUPERXL VISOR ASSY)","General Spare Parts","TVS / Universal","0","1028.5","1210","5"
"AC00653L","SUPERW VISOR ASSY)","General Spare Parts","TVS / Universal","0","977.5","1150","5"
"AC0065GR","XL SUPER VISOR ASSY)","General Spare Parts","TVS / Universal","0","977.5","1150","5"
"AC0065RD","SUPERXL VISOR ASSW)","General Spare Parts","TVS / Universal","0","425","500","5"
"AC00663K","SMILE SID E BOXES. BLACK)","General Spare Parts","TVS / Universal","0","2609.5","3070","5"
"AC00663L","SMILE SID E BOXES. BLUE)","General Spare Parts","TVS / Universal","0","2609.5","3070","5"
"AC0066C","SMILE SIDE Box)","General Spare Parts","TVS / Universal","0","2881.5","3390","5"
"AC0066F","SMILE SID E BXES)","General Spare Parts","TVS / Universal","0","2881.5","3390","5"
"AC0066RD","SMILE SID E BOXES. RED)","General Spare Parts","TVS / Universal","0","2609.5","3070","5"
"AC0066S","SMILE SID E BOXEES)","General Spare Parts","TVS / Universal","0","2881.5","3390","5"
"AC0066SL","SMILE SID E BOXES_SILVER)","General Spare Parts","TVS / Universal","0","2609.5","3070","5"
"AC0066V","SMILE SID E BOXES)","General Spare Parts","TVS / Universal","0","2881.5","3390","5"
"AC0066WT","ASILE SIDE aoXXESWHlTE)","General Spare Parts","TVS / Universal","0","2881.5","3390","5"
"AC0066X","BOXES SMILE SIDE)","General Spare Parts","TVS / Universal","0","2881.5","3390","5"
"AC0067","SIDE BAG-HEAVY BLACK COLOUR)","General Spare Parts","TVS / Universal","0","1564","1840","5"
"AC0068","GRIP SET OF 2)","General Spare Parts","TVS / Universal","0","425","500","5"
"AC0069","GRIP SET WITH LEVER SLEEVE)","General Spare Parts","TVS / Universal","0","425","500","5"
"AC0070","GRIP SET HEAVY MUM)","General Spare Parts","TVS / Universal","0","425","500","5"
"AC0071","LEVER SLEEVE ONLY SET OF 2)","General Spare Parts","TVS / Universal","0","425","500","5"
"AC0072","FOOT REST MAT -SC)","General Spare Parts","TVS / Universal","0","425","500","5"
"AC0073","HELMET LOCK ROUND SEAT HANDLE)","General Spare Parts","TVS / Universal","0","1062.5","1250","5"
"AC0074","HELMET LOCK -FLAT SEAT HANDLE)","General Spare Parts","TVS / Universal","0","1062.5","1250","5"
"AC00753K","BUTTON TYP SEAT CVR+TANK CVR SET-BK","General Spare Parts","TVS / Universal","0","1666","1960","5"
"AC00753K-S","SEAT COVER BUTTON","General Spare Parts","TVS / Universal","0","425","500","5"
"AC00753K-T","TANK COVER SUTTON TYPE","General Spare Parts","TVS / Universal","0","2295","2700","5"
"AC00753L","BUTTON TYP SEAT CVR+TANK CVR SET-B","General Spare Parts","TVS / Universal","0","1028.5","1210","5"
"AC0075GR","BUTTON TYP SEAT CVR+TANK CVR SET-GR","General Spare Parts","TVS / Universal","0","1666","1960","5"
"AC0075GY","BUTTON TYP SEAT CVR+TANK CVR SET-GY","General Spare Parts","TVS / Universal","0","1666","1960","5"
"AC0075RD","BUTTON TYP SEAT CVR+TANK CVR SET-RD","General Spare Parts","TVS / Universal","0","1666","1960","5"
"AC00763K","BUTTON TYP SEAT CVR+TANK CVR SET-BK","General Spare Parts","TVS / Universal","0","2133.5","2510","5"
"AC00763K-S","SEAT COVER -BUTTON TYPE VICTOR GX","General Spare Parts","TVS / Universal","0","425","500","5"
"AC00763L","BUTTON TYP SEAT CVR+TANK CVR SET-B","General Spare Parts","TVS / Universal","0","1666","1960","5"
"AC0076GR","BUTTON TYP SEAT CVR+TANK CVR SET-GR","General Spare Parts","TVS / Universal","0","2133.5","2510","5"
"AC0076GY","BUTTON TYP SEAT CVR+TANK CVR SET-GY","General Spare Parts","TVS / Universal","0","2133.5","2510","5"
"AC0076RD","BUTTON TYP SEAT CVR+TANK CVR SET-RD","General Spare Parts","TVS / Universal","0","2133.5","2510","5"
"AC00773K","BUTTON TYP SEAT CVR+TANK CVR SET-BK","General Spare Parts","TVS / Universal","0","2133.5","2510","5"
"AC0077-3K-S","BUTTON TYPE SEAT COVER GLX","General Spare Parts","TVS / Universal","0","425","500","5"
"AC00773K-T","BUTTON TYPE TANK COVER-VICTOR GLX","General Spare Parts","TVS / Universal","0","969","1140","5"
"AC00773L","BUTTON TYP SEAT CVR+TANK CVR SET-B","General Spare Parts","TVS / Universal","0","2133.5","2510","5"
"AC0077AS","BUTTON TYP SEAT CVR+TANK CVR SET-BS","General Spare Parts","TVS / Universal","0","2133.5","2510","5"
"AC0077CP","BUTTON TYP SEAT CVR+TANK CVR SET-CP","General Spare Parts","TVS / Universal","0","2133.5","2510","5"
"AC0077GR","BUTTON TYP SEAT CVR+TANK CVR SET-GR","General Spare Parts","TVS / Universal","0","2133.5","2510","5"
"AC0077RD","BUTTON TYP SEAT CVR+TANK CVR SET-RD","General Spare Parts","TVS / Universal","0","1666","1960","5"
"AC0077RS","BUTTON TYP SEAT CVR+TANK CVR SET-RS","General Spare Parts","TVS / Universal","0","2133.5","2510","5"
"AC0077YL","BUTTON TYP SEAT CVR+TANK CVR SET4L","General Spare Parts","TVS / Universal","0","2133.5","2510","5"
"AC00783G","BUTN TYP SEAT CVR+TANK CVR SET-aGLD","General Spare Parts","TVS / Universal","0","2133.5","2510","5"
"AC00783K","BUTN TYP SEAT CVR+TANK CVR SET-aGLD","General Spare Parts","TVS / Universal","0","2133.5","2510","5"
"AC00783L","BUTN TYP SEAT CVR+TAN CVR ST-BGD-aL","General Spare Parts","TVS / Universal","0","2133.5","2510","5"
"AC0078GB","BUTN TYP SEAT CVR+TAN CVR ST-G8LK","General Spare Parts","TVS / Universal","0","2133.5","2510","5"
"AC0078GY","BUTN TYP SEAT CVR+TAN CVR ST-GRA","General Spare Parts","TVS / Universal","0","2133.5","2510","5"
"AC0078RD","BUTN TYP SEAT CVR+TAN CVR ST","General Spare Parts","TVS / Universal","0","2133.5","2510","5"
"AC0078RG","BUTN TYP SEAT CVR+TAN CVR ST-RGLD","General Spare Parts","TVS / Universal","0","2133.5","2510","5"
"AC0078RS","BUTN TYP SEAT CVR+TAN CVR ST-R SIV","General Spare Parts","TVS / Universal","0","2133.5","2510","5"
"AC00793K","BUTN TYP SEAT CVR+TAN CVR ST OF RD","General Spare Parts","TVS / Universal","0","2133.5","2510","5"
"AC00793L","BUTN TYP SEAT CVR+TAN CVR ST-BL-BLU","General Spare Parts","TVS / Universal","0","2133.5","2510","5"
"AC0079GY","BUTN TYP SEAT CVR+TAN CVR ST OF GY","General Spare Parts","TVS / Universal","0","2133.5","2510","5"
"AC0079RD","BUTN TYP SEAT CVR+TAN CVR ST-R","General Spare Parts","TVS / Universal","0","2133.5","2510","5"
"AC00803K","BUTN TYP SEAT CVR+TAN CVR ST OF BK","General Spare Parts","TVS / Universal","0","2133.5","2510","5"
"AC0080GR","BUTN TYP SEAT CVR+TAN CVR ST OF PL","General Spare Parts","TVS / Universal","0","2133.5","2510","5"
"AC0080RD","BUTN TYP SEAT CVR+TAN CVR ST OF RED","General Spare Parts","TVS / Universal","0","2133.5","2510","5"
"AC00813K","BUTN TYP SEAT CVR+TAN CVR ST OF BK","General Spare Parts","TVS / Universal","0","2133.5","2510","5"
"AC00813K-S","SEAT COVER BUTTON TYPE","General Spare Parts","TVS / Universal","0","425","500","5"
"AC00813K-T","OTHER PARTS","General Spare Parts","TVS / Universal","0","2295","2700","5"
"AC0081GR","BUTN TYP SEAT CVR+TAN CVR ST OF GR","General Spare Parts","TVS / Universal","0","2133.5","2510","5"
"AC0081PL","BUTN TYP SEAT CVR+TAN CVR ST OF PPL","General Spare Parts","TVS / Universal","0","2133.5","2510","5"
"AC0081RD","BUTN TYP SEAT CVR+TAN CVR ST OF RD","General Spare Parts","TVS / Universal","0","1666","1960","5"
"AC00823K","SEAT COVER -BUTTON TYPE -SC PEP)","General Spare Parts","TVS / Universal","0","425","500","5"
"AC0082AS","SEAT COVER -BUTTON TYPE -S.","General Spare Parts","TVS / Universal","0","1028.5","1210","5"
"AC0082CP","SEAT COVER -BUTTON TYPE -SCOv PEP)","General Spare Parts","TVS / Universal","0","425","500","5"
"AC0082GR","SEAT COVER - BUTTON TYPE SC)","General Spare Parts","TVS / Universal","0","425","500","5"
"AC0082GY","SEAT COVER -BUTTON TYPE -SCO PEP)","General Spare Parts","TVS / Universal","0","425","500","5"
"AC0082LV","SEAT COVER -BUTTON TYPE-scoo PEP)","General Spare Parts","TVS / Universal","0","425","500","5"
"AC0082RD","SEAT COVER - BUTTON TYPE -scar,' PEP","General Spare Parts","TVS / Universal","0","425","500","5"
"AC0082RP","SEAT COVER - BUTTON TYPE -scooTY)","General Spare Parts","TVS / Universal","0","425","500","5"
"AC00833K","BUTN SEAT CVR+TAN CVR ST/BK/APACHE","General Spare Parts","TVS / Universal","0","2295","2700","5"
"AC00833L","BUTN SEAT CVR+TAN CVR ST/BLU/APACHE","General Spare Parts","TVS / Universal","0","2295","2700","5"
"AC0083RD","BUTN SEAT CVR+TAN CVR ST/RD/APACHE","General Spare Parts","TVS / Universal","0","1666","1960","5"
"AC0083SL","BUTN SEAT CVR+TAN CVR ST/BLU/APACHE","General Spare Parts","TVS / Universal","0","2295","2700","5"
"AC0084","TVS STAR SPORT SEAT COVER-GLD LINE","General Spare Parts","TVS / Universal","0","1071","1260","5"
"AC00843K-S","SEAT COVER-BUTTON TYPE-APACHE","General Spare Parts","TVS / Universal","0","425","500","5"
"AC0084P","TVS STAR SPORT SEAT COVER-GOLD LINE","General Spare Parts","TVS / Universal","0","425","500","5"
"AC0085","TVS STAR CITY SEAT COVER-GLD LINE","General Spare Parts","TVS / Universal","0","1071","1260","5"
"AC0086","Tvs APACHE SEAT COVER-GOLD LINED)","General Spare Parts","TVS / Universal","0","425","500","5"
"AC00873K","CHALLENGE BOX SIDE BOX 8K FIT-BLK","General Spare Parts","TVS / Universal","0","3901.5","4590","5"
"AC00873L","CHALLENGE BOX SIDE BOX BAK FIT.BLU","General Spare Parts","TVS / Universal","0","3901.5","4590","5"
"AC0087RD","CHALLENGE BOX SIDE BOX BAK FIT.RED","General Spare Parts","TVS / Universal","0","3901.5","4590","5"
"AC0087SL","CHALLENGE BOX SIDE BOX BACK FIT.SLV","General Spare Parts","TVS / Universal","0","3901.5","4590","5"
"AC0087WT","CHALLENGE BOX SIDE BOX BAK FIT.WHIT","General Spare Parts","TVS / Universal","0","3901.5","4590","5"
"AC0088","CUSHIONING SEAT COVER-VICTOR GL","General Spare Parts","TVS / Universal","0","1377","1620","5"
"AC0089","CUSHIONING SEAT COVER -CENTRA)","General Spare Parts","TVS / Universal","0","1377","1620","5"
"AC0090","CUSHIONING SEAT COVER -STAR CITY)","General Spare Parts","TVS / Universal","0","1377","1620","5"
"AC0091","CUSHIONING SEAT COVER-STAR SPORT)","General Spare Parts","TVS / Universal","0","1377","1620","5"
"AC0091P","CUSHION SEAT COVER","General Spare Parts","TVS / Universal","0","425","500","5"
"AC0092","CUSHIONING SEAT COVER-VICTOR GX)","General Spare Parts","TVS / Universal","0","1377","1620","5"
"AC0093","CUSHIONING SEAT COVER-APACHE)","General Spare Parts","TVS / Universal","0","1377","1620","5"
"AC00943K","SPIDER SIDE BOX-BLACK)","General Spare Parts","TVS / Universal","0","3136.5","3690","5"
"AC00943L","SPIDER SIDE aox-B LIE)","General Spare Parts","TVS / Universal","0","3136.5","3690","5"
"AC0094RD","SPIDER SIDE BOX-RED)","General Spare Parts","TVS / Universal","0","3136.5","3690","5"
"AC0094SL","SPIDER SIDE BOX-SILVER)","General Spare Parts","TVS / Universal","0","3136.5","3690","5"
"AC0094WT","SPIDER SIDE BOX-WHITE)","General Spare Parts","TVS / Universal","0","3136.5","3690","5"
"AC00953K","COMPACT SIDE BOX-PIPE FIT.3LK","General Spare Parts","TVS / Universal","0","3077","3620","5"
"AC00953L","COMPACT SIDE BOX-PIPE FITTING. BLUE)","General Spare Parts","TVS / Universal","0","3077","3620","5"
"AC0095RD","COMPACT SIDE BOX-PIPE FITTING. RED)","General Spare Parts","TVS / Universal","0","3077","3620","5"
"AC0095SL","COMPACT SIDE BOX-PIPE FIT.SLV","General Spare Parts","TVS / Universal","0","3077","3620","5"
"AC0095WT","COMPACT SIDE BOX-PIPE FIT-WHITE","General Spare Parts","TVS / Universal","0","3077","3620","5"
"AC00963K","TIGER TOP BOXES.3LACK)","General Spare Parts","TVS / Universal","0","6120","7200","5"
"AC00963L","TIGER TOP BOXES.RED)","General Spare Parts","TVS / Universal","0","6120","7200","5"
"AC0096RD","TIGER TOP BOXES.3LUE)","General Spare Parts","TVS / Universal","0","6120","7200","5"
"AC0096SL","TIGER TOP BOXES.SILVER)","General Spare Parts","TVS / Universal","0","6120","7200","5"
"AC0097","BUTN TYP SEAT CVR+TAN CVR ST/H_H S","General Spare Parts","TVS / Universal","0","2133.5","2510","5"
"AC0098","BUTN TYP SEAT CVR+TAN CVR ST/H_H S","General Spare Parts","TVS / Universal","0","2133.5","2510","5"
"AC0099","BUTN TYP SEAT CVR+TAN CVR ST/H_H CB","General Spare Parts","TVS / Universal","0","2295","2700","5"
"ACOIOO","RAIN COAT FULL SET BLUE)","General Spare Parts","TVS / Universal","0","1589.5","1870","5"
"ACOIOI","RAIN COAT FULL SET BLACK)","General Spare Parts","TVS / Universal","0","1589.5","1870","5"
"AC0102","BUTN TYP SEAT CVR+TAN CVR ST/H_H","General Spare Parts","TVS / Universal","0","2133.5","2510","5"
"AC0103","BUTN TYP SEAT CVR+TAN CVR ST/H H CO","General Spare Parts","TVS / Universal","0","2133.5","2510","5"
"AC0104","BUTN TYP SEAT CVR+TAN CVR ST/H H PA","General Spare Parts","TVS / Universal","0","2133.5","2510","5"
"AC01043L","BUTN TYP SEAT CVR+TAN CVR ST OF RD","General Spare Parts","TVS / Universal","0","2133.5","2510","5"
"AC0104RD","BUTN TYP SEAT CVR+TAN CVR ST OF RD","General Spare Parts","TVS / Universal","0","2133.5","2510","5"
"AC0105","BUTN TYP SEAT CVR+TAN CVR ST/B_aox","General Spare Parts","TVS / Universal","0","1666","1960","5"
"AC0106","BUTN TYP SEAT CVR+TAN CVR ST/B CAL","General Spare Parts","TVS / Universal","0","2133.5","2510","5"
"AC0107","BUTN TYP SEAT CVR+TAN CVR ST/B aox","General Spare Parts","TVS / Universal","0","2133.5","2510","5"
"AC0108","BUTN TYP SEAT CVR+TAN CVR ST/B PUL","General Spare Parts","TVS / Universal","0","2295","2700","5"
"AC0109","BUTN TYP SEAT CVR+TAN CVR ST/B PUL","General Spare Parts","TVS / Universal","0","2295","2700","5"
"ACOIIO","BUTN TYP SEAT CVR+TAN CVR ST 3 CT","General Spare Parts","TVS / Universal","0","1666","1960","5"
"AC0111","BUTN TYP SEAT CVR+TAN CVR ST 3 DIS","General Spare Parts","TVS / Universal","0","1666","1960","5"
"AC0112","BUTN TYP SEAT CVR+TAN CVR ST Y CRX","General Spare Parts","TVS / Universal","0","2133.5","2510","5"
"AC0113","BUTN TYP SEAT CVR+TAN CVR STY Lia","General Spare Parts","TVS / Universal","0","2133.5","2510","5"
"AC01143K-PS","SEAT COVER-BUTTON TYPE-STAR SPORT","General Spare Parts","TVS / Universal","0","1283.5","1510","5"
"AC01143K-T","BUTTON TYPE TANK COVER-STAR SPORT","General Spare Parts","TVS / Universal","0","2133.5","2510","5"
"AC088","OTHER PARTS","General Spare Parts","TVS / Universal","0","1377","1620","5"
"AC-TVOOOI","Tvs VICTOR GX SEAT COVER ENGRAVED)","General Spare Parts","TVS / Universal","0","739.5","870","5"
"AC-TV0002","TVS VICTOR GX SEAT COVER GLD LINE","General Spare Parts","TVS / Universal","0","425","500","5"
"AC-TVOOOS","TANK COVER Tvs STAR GOLDLINED)","General Spare Parts","TVS / Universal","0","697","820","5"
"AC-TV0004","TANK COVER Tvs FIERO FX GOLD LINED)","General Spare Parts","TVS / Universal","0","697","820","5"
"AC-TV0005","TANK COVER Tvs VICTOR GX GOLDLINED)","General Spare Parts","TVS / Universal","0","697","820","5"
"AC-TV0006","TANK COVER Tvs FIERO F2GOLD LINED)","General Spare Parts","TVS / Universal","0","697","820","5"
"AC-TV0007","TANK COVER Tvs CENTRA GOLDLINED)","General Spare Parts","TVS / Universal","0","697","820","5"
"AC-TV0008","TANK COVER Tvs GLX GOLD LINED)","General Spare Parts","TVS / Universal","0","697","820","5"
"AC-TVOOOG","Tvs VICTOR TANK COVER ENGRAVED)","General Spare Parts","TVS / Universal","0","697","820","5"
"AC-TVOOIO","TANK COVER Tvs STAR ENGRAVED)","General Spare Parts","TVS / Universal","0","603.5","710","5"
"AC-TVOOII","TANK COVER Tvs FIERO F2 ENGRAVED)","General Spare Parts","TVS / Universal","0","603.5","710","5"
"AC-TV0012","TANK COVER Tvs VICTOR GX ENGRAVED)","General Spare Parts","TVS / Universal","0","603.5","710","5"
"AC-TVOOIS","TANK COVER Tvs FIERO FX ENGRAVED)","General Spare Parts","TVS / Universal","0","603.5","710","5"
"AC-TV0014","TANK COVER Tvs CENTRA ENGRAVED)","General Spare Parts","TVS / Universal","0","603.5","710","5"
"AC-TV0015","TANK COVER Tvs GLX ENGRAVED)","General Spare Parts","TVS / Universal","0","977.5","1150","5"
"AC-TV0016","TANK COVER - STAR CITY -GOLD LINED)","General Spare Parts","TVS / Universal","0","1054","1240","5"
"AC-TV0017","TANK COVER -STAR CITY -ENGRAVED)","General Spare Parts","TVS / Universal","0","977.5","1150","5"
"AC-TV-0018","TVS VICTOR GLK TANK COVER-GLD LINE","General Spare Parts","TVS / Universal","0","1054","1240","5"
"AC-TV0018-P","TVS STAR SPORT TANK CVR-GLD LINE","General Spare Parts","TVS / Universal","0","2133.5","2510","5"
"AC-TV-001G","TVS STAR SPORT TANK COVER-GLD LINE","General Spare Parts","TVS / Universal","0","1054","1240","5"
"AC-TV-0020","Tvs CHAMP TANK COVER-GOLD LINED)","General Spare Parts","TVS / Universal","0","425","500","5"
"AC-TV-0021","Tvs XL SUPER TANK COVER-GOLD LINED)","General Spare Parts","TVS / Universal","0","425","500","5"
"AC-TV-0022","Tvs XL SUPER/HD TANK COVER-GLD LINE","General Spare Parts","TVS / Universal","0","425","500","5"
"AC-TV-0023","Tvs APACHE TANK COVER-GOLD LINED)","General Spare Parts","TVS / Universal","0","1054","1240","5"
"AS0098","OTHER PARTS","General Spare Parts","TVS / Universal","0","2133.5","2510","5"
"81150080","HOUSING INSTRUMENT PANEL","General Spare Parts","TVS / Universal","0","663","780","5"
"81150099","COVER INSTRUMENT PANEL NEW","General Spare Parts","TVS / Universal","0","425","500","5"
"81160080","LAMP ASSY TURN SIGNAL RR RH","Electrical","TVS / Universal","0","425","500","5"
"81160150","LAMP ASSY TURN SIGNAL RR LH","Electrical","TVS / Universal","0","1479","1740","5"
"81160180","TURN SIGNAL ASSY FRONT LH","General Spare Parts","TVS / Universal","0","1479","1740","5"
"81160190","TURN SIGNAL ASSY FRONT RH","General Spare Parts","TVS / Universal","0","425","500","5"
"83150080","MIRROR ASSY. RH","General Spare Parts","TVS / Universal","0","1963.5","2310","5"
"84150170","MIRROR ASSY L UNPAINTED","General Spare Parts","TVS / Universal","0","2303.5","2710","5"
"84150180","MIRROR ASSY R UNPAINTED","General Spare Parts","TVS / Universal","0","646","760","5"
"84160060","8RKT COMP HEAD LAMP AOL-STREAK","Engine","TVS / Universal","0","425","500","5"
"84170080","CABLE ASSY THROTTLE","Electrical","TVS / Universal","0","1530","1800","5"
"84200030","CRR PAN HEAD SCREW M5x16","Engine","TVS / Universal","0","425","500","5"
"84220360","8RKT COMP","General Spare Parts","TVS / Universal","0","722.5","850","5"
"84220380","BAG HOOK - WEGO","General Spare Parts","TVS / Universal","0","425","500","5"
"85020100","PISTON ASSY DIA 51.0","Engine","TVS / Universal","0","4615.5","5430","5"
"85060050","TCI UNIT ZEST","General Spare Parts","TVS / Universal","0","9562.5","11250","5"
"85070010","DRUM CLUTCH COMP","General Spare Parts","TVS / Universal","0","4165","4900","5"
"85070020","PLATE ASSY PRIMARY DRIVE","General Spare Parts","TVS / Universal","0","7565","8900","5"
"85080220","GEAR OILPUMP DRIVE","Oils & Fluids","TVS / Universal","0","977.5","1150","5"
"85080360","GEAR COMP PRIMARY DRIVEN","General Spare Parts","TVS / Universal","0","7726.5","9090","5"
"85080410","OILPUMP ASSY","Oils & Fluids","TVS / Universal","0","2643.5","3110","5"
"BASCOL","CHAIN SPROCKET KIT -BOXER AR)","General Spare Parts","TVS / Universal","0","2992","3520","5"
"BAS002","CHAIN SPROCKET KIT-BOXER AT)","General Spare Parts","TVS / Universal","0","2992","3520","5"
"BAS003","CHAIN SPROCKET KIT-BOXER CT DELUXE)","General Spare Parts","TVS / Universal","0","2465","2900","5"
"CHAIN","SPROCKET KIT-CALIBER 115)","General Spare Parts","TVS / Universal","0","3077","3620","5"
"BDS001","CHAIN SPROCKET KIT -DISCOVER)","Brakes","TVS / Universal","0","3442.5","4050","5"
"BKS001","CHAIN SPROCKET KIT- Ka 100)","General Spare Parts","TVS / Universal","0","3230","3800","5"
"BPS001","CHAIN SPROCKET KITS-PULSAR 1500 CC)","General Spare Parts","TVS / Universal","0","3179","3740","5"
"BPS002","CHAIN SPROCKET KIT-PU LSAR 180CC)","General Spare Parts","TVS / Universal","0","3179","3740","5"
"BTSOOI","CHAIN SPROCKET KIT-CT 100)","General Spare Parts","TVS / Universal","0","2992","3520","5"
"COSS020","STATOR ASSY-PULSER","Electrical","TVS / Universal","0","3026","3560","5"
"COO","030 LAMP COIL PULSER","Oils & Fluids","TVS / Universal","0","425","500","5"
"COSS040","SOURCE COIL PULSER","Oils & Fluids","TVS / Universal","0","2227","2620","5"
"C1050570","PROTECTOR MUFFLER CAT","General Spare Parts","TVS / Universal","0","3629.5","4270","5"
"C1050790","BODY' MUFFLER COMP","General Spare Parts","TVS / Universal","0","27820.5","32730","5"
"C1050810","MUFFLER SUB ASSY","General Spare Parts","TVS / Universal","0","34858.5","41010","5"
"C1050860","PIPE ASSY BAFFLE","General Spare Parts","TVS / Universal","0","1929.5","2270","5"
"C1080630","GEAR II DRIVEN","General Spare Parts","TVS / Universal","0","3918.5","4610","5"
"C1080650","GEAR II DRIVE","General Spare Parts","TVS / Universal","0","4029","4740","5"
"C1080660","GEAR Ill DRIVEN","General Spare Parts","TVS / Universal","0","5814","6840","5"
"C1080670","GEAR 3rd DRIVE (1ST)","General Spare Parts","TVS / Universal","0","3340.5","3930","5"
"C1150010","MIRROR RH - MAX","General Spare Parts","TVS / Universal","0","1938","2280","5"
"C1150020","MIRROR LH - MAX","General Spare Parts","TVS / Universal","0","1691.5","1990","5"
"C1200020","SCREW","General Spare Parts","TVS / Universal","0","425","500","5"
"C164030","HEAD LAMP ASSY XL/XT","Engine","TVS / Universal","0","3621","4260","5"
"C200020","NEEDLE ROLLER BEARING 16x22x14","General Spare Parts","TVS / Universal","0","807.5","950","5"
"C326010","SPOKE KNIPPLE ASSY INNER XT/CH","General Spare Parts","TVS / Universal","0","425","500","5"
"C326020","SPOKE KNIPPLE ASSY OUTER XT/CH","General Spare Parts","TVS / Universal","0","425","500","5"
"C326050","CHAIN AND SPROCKET KIT - CHAMP","General Spare Parts","TVS / Universal","0","5882","6920","5"
"C326050L","CHAIN AND SPROCKET KIT - CHAMP 1,","General Spare Parts","TVS / Universal","0","586.5","690","5"
"C8060020","SUPPRESSOR CAP ASSY","General Spare Parts","TVS / Universal","0","1037","1220","5"
"C8080200","GUIDE COMP GEARSHIFT","General Spare Parts","TVS / Universal","0","654.5","770","5"
"C8080260","BEARING KICK STARTER DRIVEN G 1,","General Spare Parts","TVS / Universal","0","246.5","290","5"
"CGOG0110","SWINGARM SUB ASSY MAX 100","General Spare Parts","TVS / Universal","0","9817.5","11550","5"
"CGOG0230","AXLE 12*255","General Spare Parts","TVS / Universal","0","1207","1420","5"
"C8100010","STAY COMP R","General Spare Parts","TVS / Universal","0","425","500","5"
"C8100020","STAY COMP L","General Spare Parts","TVS / Universal","0","790.5","930","5"
"C8100180","UPPER BRACKET PAINTED","General Spare Parts","TVS / Universal","0","3672","4320","5"
"C8100210","80 LT","General Spare Parts","TVS / Universal","0","425","500","5"
"C8130030","SEAT ASSY NEW RTR","General Spare Parts","TVS / Universal","0","4156.5","4890","5"
"C8150070","HANDLE BAR - PLATED","General Spare Parts","TVS / Universal","0","3485","4100","5"
"C8160110","COMBINED REGULATOR CUM RELAY","General Spare Parts","TVS / Universal","0","4785.5","5630","5"
"CG010010","CYLINDER COMZ - VE","Engine","TVS / Universal","0","18215.5","21430","5"
"CG040010","CARBURATOR ASSLY_","General Spare Parts","TVS / Universal","0","26885.5","31630","5"
"CG060010","MAGNETO ASSY","General Spare Parts","TVS / Universal","0","29750","35000","5"
"CG150060","GRIP COMP THROTTLE-RH (NEW)","General Spare Parts","TVS / Universal","0","892.5","1050","5"
"CG150070","GRIP LH (NEW)","General Spare Parts","TVS / Universal","0","425","500","5"
"CG160160","LAMP ASSY RC 12 V (NEW)","Electrical","TVS / Universal","0","2805","3300","5"
"0031080","XL / CH CRANKCASE ASSY MACHINED","Engine","TVS / Universal","0","425","500","5"
"0043730","CHAMBER INDUCTION SILENCER","General Spare Parts","TVS / Universal","0","425","500","5"
"0043740","FILTER HOUSING","Filters","TVS / Universal","0","425","500","5"
"0044280","INSERT INDUCTION SILENCER","General Spare Parts","TVS / Universal","0","425","500","5"
"0046050","TOOL aox","General Spare Parts","TVS / Universal","0","1300.5","1530","5"
"0046070","PILOT JET NO","General Spare Parts","TVS / Universal","0","25.5","30","5"
"0046090","O RING","General Spare Parts","TVS / Universal","0","425","500","5"
"0046110","MIXTURE CONTROLLER SCREW","General Spare Parts","TVS / Universal","0","425","500","5"
"0046120","GASKET","Engine","TVS / Universal","0","425","500","5"
"0046130","MIXING CHAMP COVER","General Spare Parts","TVS / Universal","0","416.5","490","5"
"0046140","MAIN JET","General Spare Parts","TVS / Universal","0","42.5","50","5"
"0046190","CARBURETOR ASSY P1104","General Spare Parts","TVS / Universal","0","9231","10860","5"
"0046200","LOCK TOOL aox","General Spare Parts","TVS / Universal","0","2176","2560","5"
"0046220","SEALING RING-CARS","General Spare Parts","TVS / Universal","0","425","500","5"
"0046230","GUIDE BUSH CARBURETTOR","General Spare Parts","TVS / Universal","0","425","500","5"
"0053570","EXHAUST GUARD PAINTED","General Spare Parts","TVS / Universal","0","416.5","490","5"
"0054302","PIPE COMP BAFFLE PAINTED (SPARE)","General Spare Parts","TVS / Universal","0","867","1020","5"
"0054327","SILENCER ASSY SOCC CHAMP","General Spare Parts","TVS / Universal","0","4505","5300","5"
"0062020","SOURCE COIL ELECTRONIC CHAMP","Oils & Fluids","TVS / Universal","0","2822","3320","5"
"0062540","CDI-UNIT-PULSER","General Spare Parts","TVS / Universal","0","7293","8580","5"
"0072790","CL_COVER ASSY COMPXT/CH","General Spare Parts","TVS / Universal","0","1028.5","1210","5"
"0084660","PULLEY COVER","General Spare Parts","TVS / Universal","0","637.5","750","5"
"0085220","PEDAL SHAFT COMPLETE","General Spare Parts","TVS / Universal","0","2150.5","2530","5"
"0085230","CYCLE CHAIN 081 96 LINKS","General Spare Parts","TVS / Universal","0","1666","1960","5"
"0086040","PEDAL CRANK ASSY","Engine","TVS / Universal","0","1793.5","2110","5"
"0086150","V PULLEY ASSY CHAMP SOCC HP (SPARE)","General Spare Parts","TVS / Universal","0","5397.5","6350","5"
"0092750","UPPER CHAIN CASE ASSY PAINTED","General Spare Parts","TVS / Universal","0","2363","2780","5"
"0092760","LOWER CHAIN CASE ASSY PAINTED","General Spare Parts","TVS / Universal","0","2541.5","2990","5"
"D1026700A","FORK COMP FRONT MARBLE RED","General Spare Parts","TVS / Universal","0","5712","6720","5"
"010267000","FRONT FORK COMP HG BLACK","General Spare Parts","TVS / Universal","0","5712","6720","5"
"010267028","FORK COMP FRONT CANDY BLUE (ALTI","General Spare Parts","TVS / Universal","0","5712","6720","5"
"010267088","FORK COMP FRONT DEEP MET BLUE-CHA","General Spare Parts","TVS / Universal","0","1870","2200","5"
"0113473","BACK PLATE REAR- PAINTED","General Spare Parts","TVS / Universal","0","4105.5","4830","5"
"0113508","BRAKE CAM REAR","Brakes","TVS / Universal","0","425","500","5"
"0114150","CHAIN TENSIONER CAM","Brakes","TVS / Universal","0","425","500","5"
"0127420","ICENCE PLATE PAINTED","General Spare Parts","TVS / Universal","0","773.5","910","5"
"0128330","LOCK ASSY STEERING","General Spare Parts","TVS / Universal","0","1428","1680","5"
"01283400A","R MARBLE RED","General Spare Parts","TVS / Universal","0","1887","2220","5"
"012834028","CHAINGUARD+TAPESET R CANDY BLUE (ALTI","General Spare Parts","TVS / Universal","0","1887","2220","5"
"012834088","CHAINGUARD + TAPESET","General Spare Parts","TVS / Universal","0","425","500","5"
"0143080","HOSE FUEL METRO +","General Spare Parts","TVS / Universal","0","425","500","5"
"0143100","FUEL FILTER CHAMP","Filters","TVS / Universal","0","416.5","490","5"
"0151090","HOUSING INSTRUMENT PANEL","General Spare Parts","TVS / Universal","0","595","700","5"
"0163320","ASSY SWITCH STOP LAMP (AIT)","Electrical","TVS / Universal","0","425","500","5"
"0163450","BULB-RC LAMP-6V low","Electrical","TVS / Universal","0","425","500","5"
"0164030","SWITCH BASE ASSY NEW","Electrical","TVS / Universal","0","748","880","5"
"0164290","LAMP ASSY REAR COMBINATION","Electrical","TVS / Universal","0","1538.5","1810","5"
"0164300","HEAD LAMP ASSY","Engine","TVS / Universal","0","2864.5","3370","5"
"0164320","WIRING HARNESS","General Spare Parts","TVS / Universal","0","1819","2140","5"
"02050010","PIPE COMP EXHAUST CHAMP","General Spare Parts","TVS / Universal","0","2643.5","3110","5"
"0210980","PISTON KIT 42.6 1 0/S PLAIN","Engine","TVS / Universal","0","4445.5","5230","5"
"0210990","PISTON KIT 42.6 II O/S PLAIN","Engine","TVS / Universal","0","5023.5","5910","5"
"0211010","DECARB KIT CH60cc","General Spare Parts","TVS / Universal","0","425","500","5"
"0260059","LOGO SET BLUE CH SOCC","General Spare Parts","TVS / Universal","0","688.5","810","5"
"0260069","LOGO SET RED CH SOCC","General Spare Parts","TVS / Universal","0","603.5","710","5"
"0326010","CYLINDER BLOCK & PISTON KIT 55cc","Engine","TVS / Universal","0","12282.5","14450","5"
"0326320","BRAKE SHOE KIT - XT/CH STD","Brakes","TVS / Universal","0","425","500","5"
"046200","LOCK TOOL aox","General Spare Parts","TVS / Universal","0","425","500","5"
"E073060","CLUTCH HSG ASSY WITH BEARING CHAM","General Spare Parts","TVS / Universal","0","3043","3580","5"
"E31000SO","UNDER BRACKET COMP","General Spare Parts","TVS / Universal","0","12911.5","15190","5"
"E312002013A","COVER FRAME R+TAPESET MET BLUE","General Spare Parts","TVS / Universal","0","6205","7300","5"
"E312002013B","COVER FRAME R+TAPESET MET BLUE","General Spare Parts","TVS / Universal","0","5737.5","6750","5"
"ELECBATCHA","Electronic Battery Charger - EP-VAI","Electrical","TVS / Universal","0","19482","22920","5"
"ELECBATCHA-2010","EP_V'AR - 2010 V","General Spare Parts","TVS / Universal","0","40069","47140","5"
"ELECBATCHA-2030","Electronic Battery Charger-2030","Electrical","TVS / Universal","0","33694","39640","5"
"ESD-12MF25","ESDEE BATTERY 12MF2.5","Electrical","TVS / Universal","0","2881.5","3390","5"
"ESD-12MF5-1A","ESDEE BATTERY 12MF5-1A","Electrical","TVS / Universal","0","4768.5","5610","5"
"ESD-12MF5-33","ESDEE BATTERY 12MF5-33","Electrical","TVS / Universal","0","4683.5","5510","5"
"ESD-12MF7-1A","ESDEE BATTERY 12MF7-1A","Electrical","TVS / Universal","0","6613","7780","5"
"ESD-12MF7-2A","ESDEE BATTERY 12MF7-2A","Electrical","TVS / Universal","0","6536.5","7690","5"
"ESD-12MF7-3A","ESDEE BATTERY 12MF7-3A","Electrical","TVS / Universal","0","5924.5","6970","5"
"ESD-12MF9-1A","ESDEE BATTERY 12MF9-1A","Electrical","TVS / Universal","0","7335.5","8630","5"
"ESD-12MF9-2A","ESDEE BATTERY 12MF9-2A","Electrical","TVS / Universal","0","6511","7660","5"
"ESD-12MFV4","ESDEE BATTERY 12MFV4","Electrical","TVS / Universal","0","4275.5","5030","5"
"ESD-12MFV5","ESDEE BATTERY 12MFV5","Electrical","TVS / Universal","0","4641","5460","5"
"ESDEE-12MF5-1A","ESDEE BATTERY 12MF5-1A","Electrical","TVS / Universal","0","10030","11800","5"
"ESDEE-12MF5-33","ESDEE BATTERY 12MF5-33","Electrical","TVS / Universal","0","9860","11600","5"
"ESDEE-12MFV4","ESDEE BATTERY 12MFV4","Electrical","TVS / Universal","0","8984.5","10570","5"
"F020570","CRANKSHAFT ASSY","Engine","TVS / Universal","0","20408.5","24010","5"
"F044040","FILTER COMP","Filters","TVS / Universal","0","425","500","5"
"FOS0220","IGHTING COIL PULSER 12V","Oils & Fluids","TVS / Universal","0","2439.5","2870","5"
"FOS0230","SOURCE COIL PULSER 12V","Oils & Fluids","TVS / Universal","0","1878.5","2210","5"
"FOS0250","SUPPRESSOR CAP ASSY (AIT)","General Spare Parts","TVS / Universal","0","425","500","5"
"F071770","CENTRAL SPRING CLUTCH","General Spare Parts","TVS / Universal","0","425","500","5"
"F080010","V BELT (OBSOLETE)","General Spare Parts","TVS / Universal","0","4828","5680","5"
"F080130","FAN COMPLETE","General Spare Parts","TVS / Universal","0","425","500","5"
"F081870","SPRING KICK STARTE","General Spare Parts","TVS / Universal","0","425","500","5"
"F083940","ROLLER","General Spare Parts","TVS / Universal","0","425","500","5"
"F084010","GASKET OIL DRAIN","Oils & Fluids","TVS / Universal","0","637.5","750","5"
"F084089","PEDAL LEVER PLATED","General Spare Parts","TVS / Universal","0","867","1020","5"
"F084100","WASHER KICKSTARTER LEVER+CIOII","General Spare Parts","TVS / Universal","0","425","500","5"
"F084398","SPROCKET ENGINE 13 T","Engine","TVS / Universal","0","425","500","5"
"F085120","PRIMARY SHEAVE FIXED","General Spare Parts","TVS / Universal","0","2227","2620","5"
"F085230","BOLT OIL DRAIN","Oils & Fluids","TVS / Universal","0","425","500","5"
"FLI3620","BOLT CABLE ABUTMENT","Electrical","TVS / Universal","0","425","500","5"
"F123718","PIVOT PIN STAND","General Spare Parts","TVS / Universal","0","425","500","5"
"F126650","CUSHION STAND","General Spare Parts","TVS / Universal","0","425","500","5"
"FIS0420","LAMP ASSY TURN SIGNAL","Electrical","TVS / Universal","0","425","500","5"
"FIS0490","BULB LAMP 12 V 5 W","Electrical","TVS / Universal","0","425","500","5"
"FIS0610","SWITCH ASSY IGNITION","Electrical","TVS / Universal","0","3400","4000","5"
"F170010","CABLE ASSY BRAKE FRONT","Brakes","TVS / Universal","0","1071","1260","5"
"F170020","CABLE ASSY BRAKE REAR","Brakes","TVS / Universal","0","1105","1300","5"
"F170130","CABLE ASSY THROTTLE","Electrical","TVS / Universal","0","1547","1820","5"
"F170140","STARTER CABLE","Electrical","TVS / Universal","0","425","500","5"
"F200030","BALL BEARING 15x35x11 Cs 6202","General Spare Parts","TVS / Universal","0","1802","2120","5"
"F200040","OIL SEAL SHAFT DRIVEN","Oils & Fluids","TVS / Universal","0","425","500","5"
"F200058","CRPH SCR M5x35 6.8 ZNC ZEST","General Spare Parts","TVS / Universal","0","425","500","5"
"F200098","CRPH SCR M5X20 ZNB","General Spare Parts","TVS / Universal","0","425","500","5"
"F200140","CYLINDER STUD","Engine","TVS / Universal","0","425","500","5"
"F200230","OIL SEAL","Oils & Fluids","TVS / Universal","0","425","500","5"
"F300060","MUDFLAP","General Spare Parts","TVS / Universal","0","425","500","5"
"F310170","HOLDER MAGNETO","General Spare Parts","TVS / Universal","0","2193","2580","5"
"F310240","ASSY TOOL CLUTCH","General Spare Parts","TVS / Universal","0","17289","20340","5"
"G055070","END CAP COMP PAINTED","General Spare Parts","TVS / Universal","0","399.5","470","5"
"G4041100","CLAMP TUBE OUTLET","Electrical","TVS / Universal","0","425","500","5"
"G4041110","CLAMP PIPE INTAKE","Electrical","TVS / Universal","0","425","500","5"
"G4161SOO","MOBILE CHARGER Usa","General Spare Parts","TVS / Universal","0","4454","5240","5"
"G4200070","HEX FLANGE BOLT","General Spare Parts","TVS / Universal","0","425","500","5"
"G4320290","SCREW FLOAT CHAMBER - PHOENIX","General Spare Parts","TVS / Universal","0","425","500","5"
"G5200280","PUNCHED WASHER 8.5 x 25 x","General Spare Parts","TVS / Universal","0","1.7","2","5"
"G5320480","MAIN JET - WEGO","General Spare Parts","TVS / Universal","0","425","500","5"
"G7200070","COPPER WASHER 100 160","General Spare Parts","TVS / Universal","0","8.5","10","5"
"HELMAT","HALF FACE","General Spare Parts","TVS / Universal","0","2082.5","2450","5"
"HCSOOL","CHAIN SPROCKET KIT-CBZ)","General Spare Parts","TVS / Universal","0","3961","4660","5"
"HPS001","CHAIN SPROCKET KIT- PASSION)","General Spare Parts","TVS / Universal","0","3425.5","4030","5"
"HSSOO","CHAIN SPROCKET KIT -SPLENDOR)","General Spare Parts","TVS / Universal","0","3425.5","4030","5"
"IVS60PA","RACING 2T 40ML","General Spare Parts","TVS / Universal","0","807.5","950","5"
"IVS60PN","RACING 2T 05ML","General Spare Parts","TVS / Universal","0","425","500","5"
"IVS620A2","CHAMP 4T","General Spare Parts","TVS / Universal","0","867","1020","5"
"IVS621D","VALVOLINE OIL 210 LTR","Oils & Fluids","TVS / Universal","0","230137.5","270750","5"
"IVS62KA","CHAMP 4T 20W40","General Spare Parts","TVS / Universal","0","425","500","5"
"IVS68PKC","FRONT FORK OIL","Oils & Fluids","TVS / Universal","0","425","500","5"
"JOG0140","CHAIN CASE COMP UPPER","General Spare Parts","TVS / Universal","0","3332","3920","5"
"JOGOL","70 CHAIN CASE COMP-LOWER","General Spare Parts","TVS / Universal","0","3179","3740","5"
"JOG0260","DUMMY CHAIN COVER","General Spare Parts","TVS / Universal","0","425","500","5"
"JOG0450","SWING ARM COMP","General Spare Parts","TVS / Universal","0","7973","9380","5"
"J1000502G","FRONT FORK COMP.w LACQRD (sp)","General Spare Parts","TVS / Universal","0","6664","7840","5"
"J120S502G","COVER SIDE L WINE RED LACQUERED","General Spare Parts","TVS / Universal","0","3638","4280","5"
"J120S902G","COVER FRAME L WINE RED LACQUERED","General Spare Parts","TVS / Universal","0","2414","2840","5"
"J1204002G","COVER FRAME R WINE RED LACQUERED","General Spare Parts","TVS / Universal","0","2414","2840","5"
"J1207802G","HSG HEAD LAMP RR WINE RED LACQD","Engine","TVS / Universal","0","8279","9740","5"
"J1208802G","COVER HEAD LAMP HSG WINE RED","Engine","TVS / Universal","0","425","500","5"
"J1400102G","TANK COMP FUEL WINE RED LACQUERED","General Spare Parts","TVS / Universal","0","12648","14880","5"
"12103601","D COVER SIDE RH CH.GREY","General Spare Parts","TVS / Universal","0","2805","3300","5"
"J210S602G","COVER SIDE RH W.RED","General Spare Parts","TVS / Universal","0","2805","3300","5"
"K010160","DAMPER CYLINDER HEAD","Engine","TVS / Universal","0","425","500","5"
"K06012000","BATTERY 12V 5Ah (ALTI","Electrical","TVS / Universal","0","4097","4820","5"
"K060130","STARTER RELAY ASSY","General Spare Parts","TVS / Universal","0","1989","2340","5"
"K060200","IGNITION COIL ASSY","Oils & Fluids","TVS / Universal","0","4496.5","5290","5"
"K060490","IGNITION-CUM CDI COIL","Oils & Fluids","TVS / Universal","0","2983.5","3510","5"
"K070010","HOUSING CLUTCH","General Spare Parts","TVS / Universal","0","2898.5","3410","5"
"K070170","CLUTCH ASSY","General Spare Parts","TVS / Universal","0","12911.5","15190","5"
"K080010","VARIAMATIC BELT","General Spare Parts","TVS / Universal","0","6655.5","7830","5"
"K080030","RATCHET NUT K S","General Spare Parts","TVS / Universal","0","1742.5","2050","5"
"K080120","COVER VARIATOR MACHINED","General Spare Parts","TVS / Universal","0","11186","13160","5"
"K080320","SHIM 8 x 16 x","General Spare Parts","TVS / Universal","0","425","500","5"
"K080410","SHIM 15x27xo 5 OILED [TSDS0402]","Oils & Fluids","TVS / Universal","0","425","500","5"
"K080420","SHAFT INTERMEDIATE OLD 13T","General Spare Parts","TVS / Universal","0","11942.5","14050","5"
"K080460","RETAINER STOPPER OIL SEAL","Oils & Fluids","TVS / Universal","0","425","500","5"
"K080530","SPRING GEAR K s DRIVEN","General Spare Parts","TVS / Universal","0","425","500","5"
"K080640","SHAFT REAR WHEEL 18T","General Spare Parts","TVS / Universal","0","12350.5","14530","5"
"KOBI","100 RETAINER OIL SEAL L","Oils & Fluids","TVS / Universal","0","425","500","5"
"K081730","COVER ROLLER","General Spare Parts","TVS / Universal","0","425","500","5"
"KOG0030","TUBE INNER SHOCK ABSORBER EYELET","General Spare Parts","TVS / Universal","0","425","500","5"
"K100570","CONE TOP","General Spare Parts","TVS / Universal","0","425","500","5"
"K101430","CUP TOP","General Spare Parts","TVS / Universal","0","816","960","5"
"K110370","HUB DRIVE","General Spare Parts","TVS / Universal","0","1079.5","1270","5"
"K110470","SPRING REAR BRAKE CABLE","Brakes","TVS / Universal","0","425","500","5"
"K110550","HUB COMP RR WHEEL PAINTED-18SPLlNES","General Spare Parts","TVS / Universal","0","10055.5","11830","5"
"K1200040","BALL BEARING ( 804984-FAG)","General Spare Parts","TVS / Universal","0","1572.5","1850","5"
"K120550","STEERING / IGN LOCK","General Spare Parts","TVS / Universal","0","5797","6820","5"
"K122810","CUSHION COVER FRAM","General Spare Parts","TVS / Universal","0","425","500","5"
"K124850","LOCK SET scooTY","General Spare Parts","TVS / Universal","0","2422.5","2850","5"
"K130110","ASSY SEAT LOCK","General Spare Parts","TVS / Universal","0","782","920","5"
"K130190","STOPPER SEAT","General Spare Parts","TVS / Universal","0","425","500","5"
"K140460","FILTER FUEL OUTLET","Filters","TVS / Universal","0","425","500","5"
"K140720","HOSE FUEL","General Spare Parts","TVS / Universal","0","416.5","490","5"
"K140780","HOSE FUEL MAIN","General Spare Parts","TVS / Universal","0","119","140","5"
"K140820","HOSE CLIP","General Spare Parts","TVS / Universal","0","425","500","5"
"K150150","BRAKE LEVER (ALTI","Brakes","TVS / Universal","0","892.5","1050","5"
"K150340","BRAKE LEVER 'R","Brakes","TVS / Universal","0","892.5","1050","5"
"K150420","CASE THROTTLE UPPER","General Spare Parts","TVS / Universal","0","425","500","5"
"K150430","CASE THROTTLE LOWER","General Spare Parts","TVS / Universal","0","357","420","5"
"K160240","SWITCH ASSY STOP LAMP REAR - PEP*","Electrical","TVS / Universal","0","425","500","5"
"K160500","SWITCH BEAM CONTROL","Electrical","TVS / Universal","0","425","500","5"
"K160510","SWITCH LIGHTING","Electrical","TVS / Universal","0","425","500","5"
"K160640","ELECTRONIC BEEPER","General Spare Parts","TVS / Universal","0","1028.5","1210","5"
"K170020","CABLE ASSY THROTTLE","Electrical","TVS / Universal","0","765","900","5"
"K170030","CABLE ASSY BRAKE REAR","Brakes","TVS / Universal","0","748","880","5"
"K170040","CABLE ASSY STARTER","Electrical","TVS / Universal","0","1071","1260","5"
"K170050","CABLE ASSY SPEEDOMETER","Electrical","TVS / Universal","0","1147.5","1350","5"
"K200010","NEEDLE ROLLER BEARING 10x16x12","General Spare Parts","TVS / Universal","0","425","500","5"
"K200020","NEEDLE ROLLER BEARING 15x21x12","General Spare Parts","TVS / Universal","0","425","500","5"
"K2000SO","CIRCLIP 42*1.75 N IS:3075 INT","General Spare Parts","TVS / Universal","0","425","500","5"
"K200120","CIRCLIP 47x2 H IS:3075 INT-TSDS0411","General Spare Parts","TVS / Universal","0","425","500","5"
"K200160","HEX NUT MIO 8 ZNG","General Spare Parts","TVS / Universal","0","425","500","5"
"K200200","HEX SCREW MIOX25 88 ZNS (ALTI","General Spare Parts","TVS / Universal","0","425","500","5"
"K200210","OIL SEAL CR SHAFT R","Oils & Fluids","TVS / Universal","0","425","500","5"
"K200220","BALL BEARING 12x24x6 C3 6301 (ALTI","General Spare Parts","TVS / Universal","0","2694.5","3170","5"
"K200260","REC CSK HD SCR M4x6 6.6 ZNa-Tsos","General Spare Parts","TVS / Universal","0","425","500","5"
"K200280","OIL SEAL WHEEL SHAFT","Oils & Fluids","TVS / Universal","0","425","500","5"
"K200300","CRR PAN HD TAP SCR STS_5X16 ZNK","General Spare Parts","TVS / Universal","0","425","500","5"
"K200320","CRR PAN HD TAP SCR ST4_2X16 ZNK","General Spare Parts","TVS / Universal","0","425","500","5"
"K200370","PUNCHED WASHER 15x33Ex3.15 ZNS (AIT)","General Spare Parts","TVS / Universal","0","425","500","5"
"K200410","M 14 X LSU- NUT","General Spare Parts","TVS / Universal","0","1691.5","1990","5"
"K200500","HEX BOLT MIOX45 129 P (ACT)","General Spare Parts","TVS / Universal","0","425","500","5"
"K200520","CRPH SCR M5x10 6.8 ZNK (ALTI","General Spare Parts","TVS / Universal","0","425","500","5"
"K200540","HEX SCREW M6X38 88 ZNB","General Spare Parts","TVS / Universal","0","425","500","5"
"K200570","U NUT lox F LANGED","General Spare Parts","TVS / Universal","0","620.5","730","5"
"K200630","OIL SEAL CS -R","Oils & Fluids","TVS / Universal","0","382.5","450","5"
"K200690","HEX NUT MIO 8 ZNS","General Spare Parts","TVS / Universal","0","425","500","5"
"K200700","CRPH SCR M6x25 8.8 ZNBH","General Spare Parts","TVS / Universal","0","425","500","5"
"K2010010","COVER CYL HD","General Spare Parts","TVS / Universal","0","5924.5","6970","5"
"K2010060","PLATE BREATHER","General Spare Parts","TVS / Universal","0","425","500","5"
"K2010070","GASKET PLATE BREATHER","Engine","TVS / Universal","0","425","500","5"
"K2010080","CYLINDER HEAD ASSY. KIT","Engine","TVS / Universal","0","47268.5","55610","5"
"K2010090","SPACER CAMSHAFT","Brakes","TVS / Universal","0","425","500","5"
"K2010120","HEAD COMP CYLINDER","Engine","TVS / Universal","0","25712.5","30250","5"
"K2010160","CYLINDER COMP","Engine","TVS / Universal","0","11721.5","13790","5"
"K20101607D","CYLINDER BLOCK COMP GLOSSY TITAN GREY","Engine","TVS / Universal","0","12146.5","14290","5"
"K20101807D","CYLINDER HEAD COMP GLOSSY TITAN GREY","Engine","TVS / Universal","0","30974","36440","5"
"K2010190","PACKING SEAL, COVER CYLINDER","Engine","TVS / Universal","0","1105","1300","5"
"K2010220","COVER CYL HEAD","Engine","TVS / Universal","0","2932.5","3450","5"
"K20102807D","CYLINDER HEAD COMP GLOSSY TITAN GRY","Engine","TVS / Universal","0","32512.5","38250","5"
"K2010290","CYLINDER HEAD ASSY WITHOUT SAI","Engine","TVS / Universal","0","48679.5","57270","5"
"K2020110","PISTON ASSEMBLY NEW NTORQ","Engine","TVS / Universal","0","5015","5900","5"
"K2030120","COVER OILPLIMP MC","Oils & Fluids","TVS / Universal","0","3476.5","4090","5"
"K2030140","GASKET COVER OIL PUMP","Oils & Fluids","TVS / Universal","0","425","500","5"
"K2030170","CRANKCASE KIT LH","Engine","TVS / Universal","0","36006","42360","5"
"K2030180","CRANKCASE KIT RH","Engine","TVS / Universal","0","16643","19580","5"
"K2030220","COVER VARIATOR","General Spare Parts","TVS / Universal","0","10336","12160","5"
"K20302207D","COVER VARIATOR GLOSSY TITAN GREY (ALTI","General Spare Parts","TVS / Universal","0","12359","14540","5"
"K2030310","COVER MAGNETO MC","General Spare Parts","TVS / Universal","0","7097.5","8350","5"
"K2030370","COVER VARIATOR Plug","General Spare Parts","TVS / Universal","0","425","500","5"
"K2040030","PIPE INTAKE COMP","General Spare Parts","TVS / Universal","0","2405.5","2830","5"
"K2040040","CARBURETTOR ASSY (ALTI","General Spare Parts","TVS / Universal","0","22304","26240","5"
"K2040050","INSULATOR PAD","Brakes","TVS / Universal","0","425","500","5"
"K2040090","O-RING PIPE INTAKE","General Spare Parts","TVS / Universal","0","1785","2100","5"
"K2040120","FOAM AIR CLEANER","Filters","TVS / Universal","0","425","500","5"
"K2040150","SAI VALVE SUB ASSY","Engine","TVS / Universal","0","5975.5","7030","5"
"K2040160","PIPE COMP SAI","General Spare Parts","TVS / Universal","0","1232.5","1450","5"
"K2040170","HOSE SAI INLET","General Spare Parts","TVS / Universal","0","646","760","5"
"K2040180","HOSE AIR CUT VALVE","Engine","TVS / Universal","0","425","500","5"
"K2040190","8RKT SAI MTG","General Spare Parts","TVS / Universal","0","603.5","710","5"
"K2040200","RUBBER CAP","General Spare Parts","TVS / Universal","0","425","500","5"
"K2040240","CARBURETTOR","General Spare Parts","TVS / Universal","0","22168","26080","5"
"K2040260","HOSE BREATHER PCV","General Spare Parts","TVS / Universal","0","612","720","5"
"K2040300","INSULATOR PAD","Brakes","TVS / Universal","0","425","500","5"
"K2040370","8RKT SAI MTG","General Spare Parts","TVS / Universal","0","425","500","5"
"K2040530","FILTER HOLDER COMP","Filters","TVS / Universal","0","2669","3140","5"
"K2040540","AIR CLEANER ASSY ASSY","Filters","TVS / Universal","0","11526","13560","5"
"K2040750","BODY' THROTTLE ASSY","General Spare Parts","TVS / Universal","0","27557","32420","5"
"K2040870","PIPE INTAKE COMP","General Spare Parts","TVS / Universal","0","2762.5","3250","5"
"K2040880","CAP INJECTOR COMP","General Spare Parts","TVS / Universal","0","425","500","5"
"K2050030","MUFFLER sua ASSY (A","General Spare Parts","TVS / Universal","0","41531","48860","5"
"K2050040","MUFFLER COMP (ALTI","General Spare Parts","TVS / Universal","0","37578.5","44210","5"
"K2050070","GUARD EXHAUST","General Spare Parts","TVS / Universal","0","425","500","5"
"K2050080","GUARD EXHAUST REAR BOTTOM (ALTI","General Spare Parts","TVS / Universal","0","425","500","5"
"K2050090","GUARD EXHAUST REAR TOP","General Spare Parts","TVS / Universal","0","425","500","5"
"K2050100","MUFFLER SUB ASSY 2 2","General Spare Parts","TVS / Universal","0","49895","58700","5"
"K2050120","GUARD EXHAUST REAR L BOTTOM (ALT)","General Spare Parts","TVS / Universal","0","425","500","5"
"K2050270","GUARD EXHAUST REAR","General Spare Parts","TVS / Universal","0","867","1020","5"
"K2050370","MUFFLER SUB ASSY","General Spare Parts","TVS / Universal","0","138048.5","162410","5"
"K2050400","GUARD EXHAUST FRONT 1,","General Spare Parts","TVS / Universal","0","246.5","290","5"
"K2060010","MAGNETO ASSY MAGNETO 3 VALVE —SCOO","Engine","TVS / Universal","0","16498.5","19410","5"
"K2060030","COMBINED IDI & IGNITION col","General Spare Parts","TVS / Universal","0","13124","15440","5"
"K2060050","SPEED SENSOR","Electrical","TVS / Universal","0","7344","8640","5"
"K2060070","REGULATOR cuM RECTIFIER","General Spare Parts","TVS / Universal","0","9001.5","10590","5"
"K2060100","EFI INJECTOR","General Spare Parts","TVS / Universal","0","8236.5","9690","5"
"K2060110","IGNITION COIL ASSY","Oils & Fluids","TVS / Universal","0","5066","5960","5"
"K2060150","REGULATOR cuM RECTIFIER LED","General Spare Parts","TVS / Universal","0","8993","10580","5"
"K2060160","MAGNETO ASSY LED","General Spare Parts","TVS / Universal","0","17629","20740","5"
"K2060170","MAGNETO ASSY 3SVl","General Spare Parts","TVS / Universal","0","15589","18340","5"
"K2060420","OXYGEN SENSOR ASSY","Electrical","TVS / Universal","0","12053","14180","5"
"K2060450","STARTER MOTOR","General Spare Parts","TVS / Universal","0","15954.5","18770","5"
"K206064G","ECU UNIT","General Spare Parts","TVS / Universal","0","42041","49460","5"
"K2070010","CVT SET DRIVEN (ALTI","General Spare Parts","TVS / Universal","0","49971.5","58790","5"
"K2070020","CVT SET DRIVE","General Spare Parts","TVS / Universal","0","12648","14880","5"
"K2070030","PLATE MOVABLE DRIVE","General Spare Parts","TVS / Universal","0","1453.5","1710","5"
"K2070040","DAMPER MOVABLE DRIVE","General Spare Parts","TVS / Universal","0","425","500","5"
"K2070050","FACE FIXED DRIVEN","General Spare Parts","TVS / Universal","0","7386.5","8690","5"
"K2070060","FACE MOVABLE DRIVEN","General Spare Parts","TVS / Universal","0","3876","4560","5"
"K2070070","PIN, MOVABLE DRIVEN (ALTI","General Spare Parts","TVS / Universal","0","425","500","5"
"K2070080","NUT CLUTCH SHOE","Brakes","TVS / Universal","0","425","500","5"
"K2070090","OIL SEAL MOVABLE DRIVEN","Oils & Fluids","TVS / Universal","0","357","420","5"
"K2070100","O-RING MOVABLE DRIVEN","General Spare Parts","TVS / Universal","0","0.85","1","5"
"K2070110","O-RING MOVABLE DRIVEN","General Spare Parts","TVS / Universal","0","1.7","2","5"
"K2070120","HOUSING CLUTCH","General Spare Parts","TVS / Universal","0","7233.5","8510","5"
"K2070130","CLUTCH ASSY","General Spare Parts","TVS / Universal","0","3893","4580","5"
"K2070150","SPRING CLUTCH","General Spare Parts","TVS / Universal","0","425","500","5"
"K2070160","DAMPER CLUTCH SHOE","Brakes","TVS / Universal","0","425","500","5"
"K2070170","COVER FAN CVT","General Spare Parts","TVS / Universal","0","1156","1360","5"
"K2070230","V BELT","General Spare Parts","TVS / Universal","0","4972.5","5850","5"
"K2070240","CVT SET DRIVE","General Spare Parts","TVS / Universal","0","9528.5","11210","5"
"K2070250","ROLLER MOVABLE DRIVE COMP","General Spare Parts","TVS / Universal","0","357","420","5"
"K2070270","CVT SET DRIVEN","General Spare Parts","TVS / Universal","0","42942","50520","5"
"K2070290","SPRING MOVABLE DRIVEN","General Spare Parts","TVS / Universal","0","986","1160","5"
"K2070630","COLLAR SPRING.","General Spare Parts","TVS / Universal","0","425","500","5"
"K2070660","PIN, MOVABLE DRIVEN--_","General Spare Parts","TVS / Universal","0","425","500","5"
"K2070670","COLLAR SPRING—TOP","General Spare Parts","TVS / Universal","0","425","500","5"
"K2070700","DAMPER MOVABLE DRIVE—.","General Spare Parts","TVS / Universal","0","425","500","5"
"K2070710","FACE MOVABLE DRIVE.COM","General Spare Parts","TVS / Universal","0","2278","2680","5"
"K2070730","SPACER MOVABLE DRIVE--24_0","General Spare Parts","TVS / Universal","0","1054","1240","5"
"K2080030","V BELT","General Spare Parts","TVS / Universal","0","4947","5820","5"
"K2080050","FACE FIXED DRIVE COMP","General Spare Parts","TVS / Universal","0","3111","3660","5"
"K2080070","FACE MOVABLE DRIVE COMP","General Spare Parts","TVS / Universal","0","1453.5","1710","5"
"K2080110","SHAFT RR WHEEL COMP","General Spare Parts","TVS / Universal","0","8313","9780","5"
"K2080130","SPACER MOVABLE DRIVE 170","General Spare Parts","TVS / Universal","0","765","900","5"
"K2080170","ROLLER MOVABLE DRIVE COMP","General Spare Parts","TVS / Universal","0","425","500","5"
"K2080210","GEAR COMP STARTER CLUTCH","General Spare Parts","TVS / Universal","0","7692.5","9050","5"
"K2080220","GEAR STARTER CLUTCH","General Spare Parts","TVS / Universal","0","5992.5","7050","5"
"K2080240","GEAR INTERMEDIATE","General Spare Parts","TVS / Universal","0","6995.5","8230","5"
"K2080250","SHAFT INTERMEDIATE","General Spare Parts","TVS / Universal","0","5227.5","6150","5"
"K2080270","ONE WAY CLUTCH","General Spare Parts","TVS / Universal","0","8729.5","10270","5"
"K2080280","OIL FILTER","Oils & Fluids","TVS / Universal","0","425","500","5"
"K2080290","RATCHET KICK STARTER","General Spare Parts","TVS / Universal","0","790.5","930","5"
"K2080300","GEAR COMP KICKSTARTER DRIVEN","General Spare Parts","TVS / Universal","0","2380","2800","5"
"K2080340","SPACER, PIN MOVABLE DRIVEN (ALTI","General Spare Parts","TVS / Universal","0","425","500","5"
"K2080350","SPRING MOVABLE DRIVEN (ACT)","General Spare Parts","TVS / Universal","0","1504.5","1770","5"
"K2080360","COLLAR SPRING TOP","General Spare Parts","TVS / Universal","0","646","760","5"
"K2080370","COLLAR SPRING BOT","General Spare Parts","TVS / Universal","0","425","500","5"
"K2080410","GEAR KICKSTARTER DRIVE COMP","General Spare Parts","TVS / Universal","0","4012","4720","5"
"K2090020","SHOCK ABSORBER REAR RED","General Spare Parts","TVS / Universal","0","7055","8300","5"
"K20900202D","SHOCK ABSORBER REAR HG BLACK (ALTI","General Spare Parts","TVS / Universal","0","7760.5","9130","5"
"K2100100","LOWER BRKT COMP","General Spare Parts","TVS / Universal","0","17365.5","20430","5"
"K2100140","FORK TUBE OUTER LH","General Spare Parts","TVS / Universal","0","8449","9940","5"
"K2100150","FORK TUBE OUTER RH","General Spare Parts","TVS / Universal","0","8627.5","10150","5"
"K2100160","INNER TUBE ASSY.","General Spare Parts","TVS / Universal","0","9171.5","10790","5"
"K2100190","LEG ASSY LH 30 40400","General Spare Parts","TVS / Universal","0","13387.5","15750","5"
"K2100200","LEG ASSY RH 30 40400","General Spare Parts","TVS / Universal","0","12291","14460","5"
"K2100240","SPRING FR FORK","General Spare Parts","TVS / Universal","0","1334.5","1570","5"
"K2100250","DAMPER PISTON FRONT FORK","Engine","TVS / Universal","0","1844.5","2170","5"
"K2100270","ARRESTER STEERING STEM TOP","General Spare Parts","TVS / Universal","0","425","500","5"
"K2100290","DUST SEAL UPPER","General Spare Parts","TVS / Universal","0","425","500","5"
"K210800","O' RING","General Spare Parts","TVS / Universal","0","425","500","5"
"K2110010","SPACER COMP","General Spare Parts","TVS / Universal","0","425","500","5"
"K2110020","TYRE FRONT TUBELESS","General Spare Parts","TVS / Universal","0","22533.5","26510","5"
"K2110030","ALLOY WHEEL 12 250 5 DRUM FRONT","General Spare Parts","TVS / Universal","0","22380.5","26330","5"
"K2110060","TYRE TUBELESS 12 11000 REAR","General Spare Parts","TVS / Universal","0","28143.5","33110","5"
"K2110070","ALLOY WHEEL 12 275 5 DRUM REAR","General Spare Parts","TVS / Universal","0","37519","44140","5"
"K21100708F","ALLOY WHEEL 12 275 5 DRUM REAR RACING","General Spare Parts","TVS / Universal","0","38921.5","45790","5"
"K2110080","WHEEL ASSY. REAR ALLOY TUBELESS","General Spare Parts","TVS / Universal","0","51969","61140","5"
"K2110120","ALLOY WHEEL","General Spare Parts","TVS / Universal","0","38309.5","45070","5"
"K21101208F","ALLOY WHEEL FRONT X 12 Disc RACING R 39,","Brakes","TVS / Universal","0","595","700","5"
"K2110130","WHEEL ASSY DISC TUBELESS FRONT","Brakes","TVS / Universal","0","54731.5","64390","5"
"K2110170","DISC FRONT BRAKE","Brakes","TVS / Universal","0","9647.5","11350","5"
"K2110180","HOSE DISC BRAKE FR","Brakes","TVS / Universal","0","5831","6860","5"
"K211020","SPEEDO CABLE GUIDE","Electrical","TVS / Universal","0","425","500","5"
"K2110230","LEVER COMP BRAKE REAR","Brakes","TVS / Universal","0","425","500","5"
"K2110300","MASTER CYL SUB ASSY FRONT","General Spare Parts","TVS / Universal","0","15002.5","17650","5"
"K21103508F","ALLOY WHEEL REAR 2_5x12 DRUM TL R_RED","General Spare Parts","TVS / Universal","0","38335","45100","5"
"BAND","HEADLAMP","Engine","TVS / Universal","0","425","500","5"
"K211120","CABLE STRAP (ACT)","Electrical","TVS / Universal","0","425","500","5"
"K2120010","FRAME, SCOOTER COMP (A","General Spare Parts","TVS / Universal","0","58063.5","68310","5"
"K2120320","PILLION FOOTREST LH","General Spare Parts","TVS / Universal","0","2142","2520","5"
"K2120330","PILLION FOOTREST RH","General Spare Parts","TVS / Universal","0","1793.5","2110","5"
"K2120390","8RKT FUEL TANK MTG RR","General Spare Parts","TVS / Universal","0","425","500","5"
"K2120490","8RKT BATTERY HOLDER COMP 1,","Electrical","TVS / Universal","0","476","560","5"
"K2120570","BATTERY BOX 80T","Electrical","TVS / Universal","0","1632","1920","5"
"K2120580","BATTERY BOX TOP","Electrical","TVS / Universal","0","765","900","5"
"K2120620","PACKING BATTERY","Electrical","TVS / Universal","0","425","500","5"
"K2120700","8RKT FUEL TANK MTG RR","General Spare Parts","TVS / Universal","0","357","420","5"
"K2120750","BATTERY HOLDER BOT","Electrical","TVS / Universal","0","1717","2020","5"
"K2120760","8RKT ECU MTG","General Spare Parts","TVS / Universal","0","425","500","5"
"K2120820","8RKT CANISTER MTG COMP","General Spare Parts","TVS / Universal","0","425","500","5"
"K2120980","SPRING PROP STAND","General Spare Parts","TVS / Universal","0","425","500","5"
"K2122920","Kit Pillion Footrest JuplIO/IQUBE/Ntorq","General Spare Parts","TVS / Universal","0","3825","4500","5"
"K2130010","PACKING SEAT BASE FRONT","General Spare Parts","TVS / Universal","0","425","500","5"
"K2130110","Seat assy I","General Spare Parts","TVS / Universal","0","18912.5","22250","5"
"K2140020","FUEL TANK ASSY","General Spare Parts","TVS / Universal","0","13668","16080","5"
"K2140030","FUEL TANK COMP","General Spare Parts","TVS / Universal","0","13345","15700","5"
"K2140050","CAP FUEL TANK","General Spare Parts","TVS / Universal","0","7038","8280","5"
"K2140080","HOSE ASSY","General Spare Parts","TVS / Universal","0","1776.5","2090","5"
"K2140090","HOSE CARBURETTOR","General Spare Parts","TVS / Universal","0","425","500","5"
"K2140100","8RKT HOSE GUIDE","General Spare Parts","TVS / Universal","0","425","500","5"
"K2140120","AUTO FUEL COCK ASSY","General Spare Parts","TVS / Universal","0","4692","5520","5"
"K2140130","GUIDE HOSE COMP","General Spare Parts","TVS / Universal","0","399.5","470","5"
"K2140150","8RKT FUEL COCK MTG COMP","General Spare Parts","TVS / Universal","0","425","500","5"
"K2140180","FUEL TANK COMP EFI","General Spare Parts","TVS / Universal","0","11662","13720","5"
"K2140240","CAP FUEL TANK ASSY","General Spare Parts","TVS / Universal","0","6451.5","7590","5"
"K2140250","HOSE ASSY","General Spare Parts","TVS / Universal","0","4097","4820","5"
"K2140260","PLATE GUIDE COMP","General Spare Parts","TVS / Universal","0","425","500","5"
"K2140270","GUIDE HOSE","General Spare Parts","TVS / Universal","0","425","500","5"
"K2140290","HOSE CANISTER","General Spare Parts","TVS / Universal","0","425","500","5"
"K2140300","800T CANISTER","General Spare Parts","TVS / Universal","0","425","500","5"
"K2140320","HOSE DRAIN CANISTER","General Spare Parts","TVS / Universal","0","425","500","5"
"K2140350","8RKT FUEL TANK COMP","General Spare Parts","TVS / Universal","0","425","500","5"
"K2140450","HOSE INDUCTION","General Spare Parts","TVS / Universal","0","0.85","1","5"
"K2150020","HANDLE BAR COMP","General Spare Parts","TVS / Universal","0","2898.5","3410","5"
"K2150090","IGNITION LOCK","General Spare Parts","TVS / Universal","0","5678","6680","5"
"K2150100","LOCK SET","General Spare Parts","TVS / Universal","0","9214","10840","5"
"K2150110","HANDLE BAR COMP (ACT)","General Spare Parts","TVS / Universal","0","6315.5","7430","5"
"K2150130","DAMPER HANDLE BAR","General Spare Parts","TVS / Universal","0","1249.5","1470","5"
"K2150170","1,700","General Spare Parts","TVS / Universal","0","425","500","5"
"K2150200","CAM SEAT LOCK ASSY","Brakes","TVS / Universal","0","2133.5","2510","5"
"K2150210","CONTROL LEVER ASSY R","General Spare Parts","TVS / Universal","0","1955","2300","5"
"K2150220","CONTROL LEVER R","General Spare Parts","TVS / Universal","0","646","760","5"
"K2150240","SEAT LOCK ASSY","General Spare Parts","TVS / Universal","0","1300.5","1530","5"
"K2150250","LOCK STOPPER PARKING BRAKE COMP","Brakes","TVS / Universal","0","425","500","5"
"K2150260","CONTROL LEVER ASSY L","General Spare Parts","TVS / Universal","0","2618","3080","5"
"K2150270","HINGE PARKING BRAKE","Brakes","TVS / Universal","0","425","500","5"
"K2150290","DAMPER HANDLE BAR Disc","Brakes","TVS / Universal","0","425","500","5"
"K2160020","DIGITAL SPEEDOMETER ASSY (ACT)","General Spare Parts","TVS / Universal","0","72360.5","85130","5"
"K2160030","FUEL SENDER ASSY","General Spare Parts","TVS / Universal","0","4080","4800","5"
"K2160040","WIRING HARNESS","General Spare Parts","TVS / Universal","0","30549","35940","5"
"K2160060","SWITCH ASSY L","Electrical","TVS / Universal","0","4165","4900","5"
"K2160070","SWITCH ASSY R","Electrical","TVS / Universal","0","4131","4860","5"
"K2160090","WIRING HARNESS BASIC (AIT)","General Spare Parts","TVS / Universal","0","18802","22120","5"
"K2160100","SWITCH ASSY R BASIC","Electrical","TVS / Universal","0","4479.5","5270","5"
"K2160150","CORD SET LAMP LIC PLATE","Electrical","TVS / Universal","0","790.5","930","5"
"K2160160","CORD SET TURN SIGNAL LAMP ASSY FR L","Electrical","TVS / Universal","0","425","500","5"
"K2160170","CORD SET TURN SIGNAL LAMP ASSY FR R","Electrical","TVS / Universal","0","425","500","5"
"K2160200","SWITCH ASSY L BASIC","Electrical","TVS / Universal","0","4734.5","5570","5"
"K2160210","HORN ASSY","Electrical","TVS / Universal","0","2873","3380","5"
"K2160250","SPEEDOMETER ASSY TOP VERSION","General Spare Parts","TVS / Universal","0","57545","67700","5"
"K2160280","WIRING HARNESS","General Spare Parts","TVS / Universal","0","27276.5","32090","5"
"K2160300","SWITCH ASSY R","Electrical","TVS / Universal","0","3995","4700","5"
"K2160310","FUEL SENDER ASSY","General Spare Parts","TVS / Universal","0","3740","4400","5"
"K2160580","DIGITAL SPEEDOMETER ASSY RIDE MODE","General Spare Parts","TVS / Universal","0","84150","99000","5"
"K2160600","SWITCH ASSY R 2","Electrical","TVS / Universal","0","4709","5540","5"
"K2160620","SWITCH CHANGE OVER UNIT","Electrical","TVS / Universal","0","1989","2340","5"
"K2161040","SIDE STAND SWITCH","Electrical","TVS / Universal","0","2728.5","3210","5"
"K2161050","WIRING HARNESS LED","General Spare Parts","TVS / Universal","0","25449","29940","5"
"K2161060","800T ECU","General Spare Parts","TVS / Universal","0","425","500","5"
"K2161100","DIGITAL SPEEDOMETER ASSY","General Spare Parts","TVS / Universal","0","52147.5","61350","5"
"K2170030","CABLE FUEL TANK","Electrical","TVS / Universal","0","425","500","5"
"K2170040","CABLE ASSY BRAKE FR TOP","Brakes","TVS / Universal","0","1317.5","1550","5"
"K2170050","THROTTLE ASSY","General Spare Parts","TVS / Universal","0","2303.5","2710","5"
"K2180040","HOUSING FAN","General Spare Parts","TVS / Universal","0","2405.5","2830","5"
"K2180050","DEFLECTOR","General Spare Parts","TVS / Universal","0","1054","1240","5"
"K2180060","GROMMET PIPE INTAKE","General Spare Parts","TVS / Universal","0","425","500","5"
"K2180070","GROMMET SPARK PLUG","General Spare Parts","TVS / Universal","0","425","500","5"
"K2180100","BEADING COWL TOP","General Spare Parts","TVS / Universal","0","748","880","5"
"K2180110","BEADING COWL 30T L","General Spare Parts","TVS / Universal","0","425","500","5"
"K2180120","BEADING COWL 30T R","General Spare Parts","TVS / Universal","0","620.5","730","5"
"K2180140","COVER FAN","General Spare Parts","TVS / Universal","0","1147.5","1350","5"
"K2180150","GROMMET TENSIONER ADJ","General Spare Parts","TVS / Universal","0","425","500","5"
"K2180160","FAN, ENGINE COOLING","Engine","TVS / Universal","0","705.5","830","5"
"K2180180","MUDFLAP","General Spare Parts","TVS / Universal","0","1054","1240","5"
"K2180290","HOUSING FAN EFI","General Spare Parts","TVS / Universal","0","1912.5","2250","5"
"K2180300","DEFLECTOR EFI","General Spare Parts","TVS / Universal","0","1062.5","1250","5"
"K2180310","COVER FAN EFI","General Spare Parts","TVS / Universal","0","969","1140","5"
"K2180340","GROMMET PIPE INTAKE EFI","General Spare Parts","TVS / Universal","0","425","500","5"
"K2180350","BEADING COWL TOP R","General Spare Parts","TVS / Universal","0","697","820","5"
"K2180510","GROMMET SENSOR","Electrical","TVS / Universal","0","425","500","5"
"K2180910","GROMMET PIPE INTAKE LH","General Spare Parts","TVS / Universal","0","425","500","5"
"K2200010","BALL BEARING 12 37 12 HEAT TREAT","General Spare Parts","TVS / Universal","0","1385.5","1630","5"
"K2200020","BALL BEARING 17 40 12 HEAT TREAT","General Spare Parts","TVS / Universal","0","425","500","5"
"K2200030","BALL BEARING 25 52 15","General Spare Parts","TVS / Universal","0","1538.5","1810","5"
"K2200050","OIL SEAL 25 40 6","Oils & Fluids","TVS / Universal","0","1632","1920","5"
"K2200060","HEX FL NUT M14 150","General Spare Parts","TVS / Universal","0","416.5","490","5"
"K2200070","OIL SEAL 17 26 6","Oils & Fluids","TVS / Universal","0","612","720","5"
"K2200080","TRUSS HEAD CAP SCREW MS","Engine","TVS / Universal","0","13.6","16","5"
"K2200090","TRUSS HEAD CAP SCREW MS","Engine","TVS / Universal","0","8.5","10","5"
"K2220030","8RKT PANEL FRONT","General Spare Parts","TVS / Universal","0","722.5","850","5"
"K2220120","NUMBER PLATE LAMP","Electrical","TVS / Universal","0","2108","2480","5"
"K2220130","GROMMET MIRROR RH","General Spare Parts","TVS / Universal","0","425","500","5"
"K2220140","GROMMET MIRROR RH","General Spare Parts","TVS / Universal","0","425","500","5"
"K2220160","RETAINER HINGE","General Spare Parts","TVS / Universal","0","425","500","5"
"K2220170","BAG HOOK ASSY FR","General Spare Parts","TVS / Universal","0","671.5","790","5"
"K2220190","TAPESET COV HANDLE REAR","General Spare Parts","TVS / Universal","0","425","500","5"
"K2220240","TAPESET WHEEL RIM","General Spare Parts","TVS / Universal","0","1402.5","1650","5"
"K2220250","TAPESET SIDE PANEL LH 3D","General Spare Parts","TVS / Universal","0","1496","1760","5"
"K2220300","BRACKET TAIL LAM","General Spare Parts","TVS / Universal","0","425","500","5"
"K2220310","COVER HANDLE FR BOT","General Spare Parts","TVS / Universal","0","1691.5","1990","5"
"K2220370","GLOVE Sox ASSY","General Spare Parts","TVS / Universal","0","2040","2400","5"
"K2220410","PANEL RR ASSY","General Spare Parts","TVS / Universal","0","5176.5","6090","5"
"K2220450","FLOOR MAT -NTORQ","General Spare Parts","TVS / Universal","0","2609.5","3070","5"
"K2220530","KIT SCOOTER GUARD","General Spare Parts","TVS / Universal","0","6468.5","7610","5"
"K2220620","COVER FR","General Spare Parts","TVS / Universal","0","1615","1900","5"
"K2220630","SIDE PANEL REAR L TOP","General Spare Parts","TVS / Universal","0","425","500","5"
"K2220640","SIDE PANEL REAR R TOP","General Spare Parts","TVS / Universal","0","425","500","5"
"K2220650","TAIL COVER CTR","General Spare Parts","TVS / Universal","0","1870","2200","5"
"K2220700","TAPESET SPARES","General Spare Parts","TVS / Universal","0","6664","7840","5"
"K2220730","DEFLECTOR FUEL TANK","General Spare Parts","TVS / Universal","0","425","500","5"
"K2220740","TAPESET VISOR","General Spare Parts","TVS / Universal","0","425","500","5"
"K2220750","TAPESET GUARD EXHAUST","General Spare Parts","TVS / Universal","0","425","500","5"
"K2220760","TAPESET SIDE PANEL 3D","General Spare Parts","TVS / Universal","0","1394","1640","5"
"K2220800","CAP COVER HANDLE REAR","General Spare Parts","TVS / Universal","0","425","500","5"
"K2220810","CAP COVER HANDLE REAR R","General Spare Parts","TVS / Universal","0","425","500","5"
"K2220820","LOGO SIDE PANEL","General Spare Parts","TVS / Universal","0","3561.5","4190","5"
"K2220830","LOGO PANEL SIDE R","General Spare Parts","TVS / Universal","0","3561.5","4190","5"
"K2220850","SIDE TRIM FLOOR L +TAPESET (ALTI","General Spare Parts","TVS / Universal","0","4233","4980","5"
"K2220860","SIDE TRIM FLOOR R +TAPESET (ALTI","General Spare Parts","TVS / Universal","0","4233","4980","5"
"K2220910","HEADLAMP LED","Engine","TVS / Universal","0","27965","32900","5"
"K2220950","SIDE TRIM FLOOR LH","General Spare Parts","TVS / Universal","0","6162.5","7250","5"
"K2220960","SIDE TRIM FLOOR RH","General Spare Parts","TVS / Universal","0","5941.5","6990","5"
"K2221020","UTILITY BOX asvl","General Spare Parts","TVS / Universal","0","7539.5","8870","5"
"K2221030","BRACKET TAIL LAMP asvl","Electrical","TVS / Universal","0","425","500","5"
"K2221220","TAPESET COV HANDLE REAR RACING RED","General Spare Parts","TVS / Universal","0","425","500","5"
"K2221350","TAPESET SPARES RACING RED","General Spare Parts","TVS / Universal","0","12580","14800","5"
"K2221390","SIDE TRIM FLOOR L +TAPESET","General Spare Parts","TVS / Universal","0","425","500","5"
"K2221400","SIDE TRIM FLOOR R TAPESET","General Spare Parts","TVS / Universal","0","2040","2400","5"
"K2221600","TAPESET SPARES GLOSSY YELLOW","General Spare Parts","TVS / Universal","0","15436","18160","5"
"K2222370","TAPESET WHEEL RIM - RACING RED xp","General Spare Parts","TVS / Universal","0","425","500","5"
"K222302GOO","FENDER FRONT CENTER GLOSSY BLACK","General Spare Parts","TVS / Universal","0","4896","5760","5"
"K2223320","TAPESET","General Spare Parts","TVS / Universal","0","9095","10700","5"
"K2224690","TAPESET„. SPARES 50","General Spare Parts","TVS / Universal","0","8908","10480","5"
"K2224800","LOGO SIDE PANEL RH MATTE BLACK","General Spare Parts","TVS / Universal","0","2431","2860","5"
"K2224810","LOGO SIDE PANEL LH - MATTE BLACK","General Spare Parts","TVS / Universal","0","2431","2860","5"
"K2224940","TAPESET„. SPARES NH","General Spare Parts","TVS / Universal","0","8466","9960","5"
"K2S00330","AUTO SEAT OPENER-NTORQ","General Spare Parts","TVS / Universal","0","4581.5","5390","5"
"K2300400","FLOOR MAT DESIGNER BLUE - NTORQ","General Spare Parts","TVS / Universal","0","2720","3200","5"
"K2S00410","FLOOR MAT DESIGNER RED - NTORQ","General Spare Parts","TVS / Universal","0","2507.5","2950","5"
"K2S00490","VISOR HEADLAMP- NTORQ","Engine","TVS / Universal","0","2048.5","2410","5"
"K2S20070","JET NEEDLE","General Spare Parts","TVS / Universal","0","1640.5","1930","5"
"K2S20080","MAIN JET KEIHIN","General Spare Parts","TVS / Universal","0","425","500","5"
"K2S20090","PILOT JET KEIHIN","General Spare Parts","TVS / Universal","0","1147.5","1350","5"
"K2S20100","GASKET FLOAT BODY","Engine","TVS / Universal","0","425","500","5"
"K2S20110","THROTTLE VALVE","Engine","TVS / Universal","0","1283.5","1510","5"
"K2S20120","NEEDLE JET","General Spare Parts","TVS / Universal","0","425","500","5"
"K2S20130","SPRING PISTON VALVE","Engine","TVS / Universal","0","425","500","5"
"K2S20140","CAP TOP","General Spare Parts","TVS / Universal","0","790.5","930","5"
"K2S20160","IDLE ADJUSTER SCREW","General Spare Parts","TVS / Universal","0","425","500","5"
"K2S20170","MIXTURE CONTROL SCREW","General Spare Parts","TVS / Universal","0","425","500","5"
"K2S20180","DRAIN HOSE","General Spare Parts","TVS / Universal","0","425","500","5"
"K2S20190","HOSE AIR VENT","General Spare Parts","TVS / Universal","0","425","500","5"
"K2S20200","SPRING IDLE ADJ SCREW","General Spare Parts","TVS / Universal","0","425","500","5"
"K2S20220","KIT OILSEAL","Oils & Fluids","TVS / Universal","0","2677.5","3150","5"
"K2S20230","GASKET KIT","Engine","TVS / Universal","0","3578.5","4210","5"
"K2S20240","AUTO CHOKE","General Spare Parts","TVS / Universal","0","2618","3080","5"
"K2S20280","KIT CYL BLOCK & PISTON 5350 CHROM","Engine","TVS / Universal","0","13175","15500","5"
"K2S20340","KIT PROP STAND","General Spare Parts","TVS / Universal","0","1309","1540","5"
"K2S20350","KIT PARKING BRAKE","Brakes","TVS / Universal","0","425","500","5"
"K2S20360","KIT PILLION FOOTREST LH","General Spare Parts","TVS / Universal","0","425","500","5"
"K2S20370","KIT PILLION FOOTREST RH","General Spare Parts","TVS / Universal","0","1402.5","1650","5"
"K2S20390","KIT STEERING CONE","General Spare Parts","TVS / Universal","0","2516","2960","5"
"K2S20410","KIT THROTTLE CABLE","Electrical","TVS / Universal","0","2694.5","3170","5"
"K2S20430","CAP IGNITION LOCK","General Spare Parts","TVS / Universal","0","1062.5","1250","5"
"KS010140","PISTON DIA 47-YELLOW SET","Engine","TVS / Universal","0","2779.5","3270","5"
"KS010150","SPROCKET CAMSHAFT 32T","Brakes","TVS / Universal","0","1020","1200","5"
"KS010160","PISTON PIN","Engine","TVS / Universal","0","425","500","5"
"KS010170","RING PISTON TOP","Engine","TVS / Universal","0","790.5","930","5"
"KS010180","RING PISTON 2ND","Engine","TVS / Universal","0","748","880","5"
"KS010190","3 PIECE OIL RING","Oils & Fluids","TVS / Universal","0","1054","1240","5"
"KS010230","CAM CHAIN","Brakes","TVS / Universal","0","1785","2100","5"
"KS010310","HEAD CYLINDER MACHINED","Engine","TVS / Universal","0","19949.5","23470","5"
"KS010320","TENSIONER CAM CHAIN (ALTI (ALTI","Brakes","TVS / Universal","0","1105","1300","5"
"KS010330","GUIDE CAM CHAIN (AIT) (AIT)","Brakes","TVS / Universal","0","722.5","850","5"
"KS010350","GASKET CYLINDER","Engine","TVS / Universal","0","425","500","5"
"KS010360","GASKET CYLINDER HEAD","Engine","TVS / Universal","0","1912.5","2250","5"
"KS010380","CYLINDER BLOCK MACHINED","Engine","TVS / Universal","0","9749.5","11470","5"
"KS010400","CAMSHAFT COMP","Brakes","TVS / Universal","0","4309.5","5070","5"
"KS010410","GASKET PLATE BREATHER","Engine","TVS / Universal","0","425","500","5"
"KS010420","TUBE BREATHER","General Spare Parts","TVS / Universal","0","425","500","5"
"KS010430","ADJUSTER ASSY TENSIONER","General Spare Parts","TVS / Universal","0","2983.5","3510","5"
"KS010440","GASKET TENSIONER ADJUSTER","Engine","TVS / Universal","0","425","500","5"
"KS010470","PLATE BREATHER","General Spare Parts","TVS / Universal","0","425","500","5"
"KS010500","O-RING CYLINDER HEAD","Engine","TVS / Universal","0","425","500","5"
"KS010550","PLUG OIL HOLE","Oils & Fluids","TVS / Universal","0","425","500","5"
"KS010570","VALVE INTAKE","Engine","TVS / Universal","0","1708.5","2010","5"
"KS010580","BOLT SPROCKET","General Spare Parts","TVS / Universal","0","425","500","5"
"KS010590","STOPPER CAM SHAFT","Brakes","TVS / Universal","0","748","880","5"
"KS010600","PLATE SPROCKET (AIT)","General Spare Parts","TVS / Universal","0","425","500","5"
"KS010610","CAMSHAFT","Brakes","TVS / Universal","0","3111","3660","5"
"KS010630","COVER CYLINDER HEAD (ACT)","Engine","TVS / Universal","0","2414","2840","5"
"KS010640","BOLT CAM CHAIN TENSIONER","Brakes","TVS / Universal","0","425","500","5"
"KS010670","GUIDE CAM CHAIN","Brakes","TVS / Universal","0","875.5","1030","5"
"KS010680","SEAT VALVE SPRING","Engine","TVS / Universal","0","425","500","5"
"KS010700","TENSIONER CAM CHAIN","Brakes","TVS / Universal","0","1020","1200","5"
"KS010750","PACKING SEAL COVER HEAD","Engine","TVS / Universal","0","425","500","5"
"KACI","1040 CYLINDER BLOCK MACHINED SOCC (ALTI","Engine","TVS / Universal","0","10812","12720","5"
"1080","GASKET CYLINDER HEAD","Engine","TVS / Universal","0","2720","3200","5"
"KAOL","1090 STOPPER ROCKER SHAFT","General Spare Parts","TVS / Universal","0","425","500","5"
"HEAD","CYLINDER MACHINED","Engine","TVS / Universal","0","22610","26600","5"
"KS011150","CAMSHAFT COMP (A","Brakes","TVS / Universal","0","6800","8000","5"
"KS0114202P","CYLINDER HEAD COMP-SCOOTY + NEW","Engine","TVS / Universal","0","22975.5","27030","5"
"KS020270","CRANKSHAFT COMP (ALTI","Engine","TVS / Universal","0","24497","28820","5"
"KS020420","CRANKSHAFT ASSY - PEP gocc","Engine","TVS / Universal","0","35266.5","41490","5"
"KS030270","COVER OIL PUMP","Oils & Fluids","TVS / Universal","0","2405.5","2830","5"
"KS030280","COVER VARIATOR MACHINED (ACT)","General Spare Parts","TVS / Universal","0","10429.5","12270","5"
"KS0302807D","COVER VARIATOR MC TITANIUM GREY","General Spare Parts","TVS / Universal","0","13489.5","15870","5"
"KS030290","GASKET COVER OIL PUMP","Oils & Fluids","TVS / Universal","0","425","500","5"
"KS030310","GASKET COVER VARIATOR","Engine","TVS / Universal","0","1334.5","1570","5"
"KS030320","CRANKCASE R MACHINED","Engine","TVS / Universal","0","13455.5","15830","5"
"KS030330","CRANKCASE L MACHINED","Engine","TVS / Universal","0","30472.5","35850","5"
"KS030340","ADAPTOR COMP OIL LEVEL","Oils & Fluids","TVS / Universal","0","841.5","990","5"
"KS040060","INSULATOR PAD","Brakes","TVS / Universal","0","382.5","450","5"
"KS040070","AIR CLEANER ASSY","Filters","TVS / Universal","0","6077.5","7150","5"
"KS040100","FOAM AIR CLEANER (ALTI","Filters","TVS / Universal","0","425","500","5"
"KS040120","FLAME RETARDER COMP","General Spare Parts","TVS / Universal","0","425","500","5"
"KS040160","SUPPORT AIR CLEANER","Filters","TVS / Universal","0","425","500","5"
"KS040170","CARBURETTOR ASSY","General Spare Parts","TVS / Universal","0","19150.5","22530","5"
"KS040180","O-RING PIPE INTAKE","General Spare Parts","TVS / Universal","0","425","500","5"
"KS040190","SEAL AIR CLEANER","Filters","TVS / Universal","0","425","500","5"
"KS040210","PIPE COMP AIR INJECTION","General Spare Parts","TVS / Universal","0","425","500","5"
"KS040230","HOSE AIR OUTLET","General Spare Parts","TVS / Universal","0","425","500","5"
"KS040290","PIPE INTAKE COMP (AIT)","General Spare Parts","TVS / Universal","0","1292","1520","5"
"KS040390","PIPE COMP INTAKE","General Spare Parts","TVS / Universal","0","1547","1820","5"
"KS040410","HOSE AIR CUT VALVE","Engine","TVS / Universal","0","425","500","5"
"KS040420","GASKET AIR INJECTION","Engine","TVS / Universal","0","425","500","5"
"KS040440","SEC AIR INJ VALVE","Engine","TVS / Universal","0","9834.5","11570","5"
"KS040600","FILTER COMP AIR INJ","Filters","TVS / Universal","0","425","500","5"
"KS040630","FILTER ELEMENT AIR INJ","Filters","TVS / Universal","0","399.5","470","5"
"KS040640","SEAL AIR INJ FILTER","Filters","TVS / Universal","0","425","500","5"
"KS040650","GROMMET AIR INJ FILTER","Filters","TVS / Universal","0","425","500","5"
"KS040660","AIR FILTER","Filters","TVS / Universal","0","425","500","5"
"KS040670","HOSE AIR ENTRY","General Spare Parts","TVS / Universal","0","425","500","5"
"KS040870","AIR CLEANER ASSY","Filters","TVS / Universal","0","6579","7740","5"
"KS040880","TUBE INLET AIR CLEANER","Filters","TVS / Universal","0","425","500","5"
"KS040890","CARBURETTOR ASSY (ALTI","General Spare Parts","TVS / Universal","0","16260.5","19130","5"
"KS040950","PIPE COMP INTAKE TWE SPROUTS -PEP","General Spare Parts","TVS / Universal","0","2482","2920","5"
"KS040980","HOSE- CRANK CASE BREATHER","Engine","TVS / Universal","0","425","500","5"
"KS040990","CARBURETTOR ASSY- EUROPE","General Spare Parts","TVS / Universal","0","24429","28740","5"
"KS041050","HOSE GEAR CRANKCASE","Engine","TVS / Universal","0","425","500","5"
"KS041090","HOSE BREATHER PCV","General Spare Parts","TVS / Universal","0","425","500","5"
"KS041100","CARBURETTOR ASSY PEP* NEW","General Spare Parts","TVS / Universal","0","21318","25080","5"
"KS041150","AIR CLEANER ASSY","Filters","TVS / Universal","0","10591","12460","5"
"KS041170","CARBURETTOR ASSY","General Spare Parts","TVS / Universal","0","18708.5","22010","5"
"KS041180","INSULATOR PAD CYLINDER HEAD","Brakes","TVS / Universal","0","425","500","5"
"KS041190","PIPE INTAKE COMP","General Spare Parts","TVS / Universal","0","2235.5","2630","5"
"KS041210","INSULATOR PAD 1 CARBURETTOR","Brakes","TVS / Universal","0","425","500","5"
"KS041220","GASKET CARBURETTOR","Engine","TVS / Universal","0","425","500","5"
"KS041240","AIR CLEANER ASSY","Filters","TVS / Universal","0","6715","7900","5"
"KS041460","FILTER HOLDER COMP 1,","Filters","TVS / Universal","0","561","660","5"
"KS050460","GUARD MUFFLER","General Spare Parts","TVS / Universal","0","1071","1260","5"
"KS050820","BODY' COMP MUFFLER","General Spare Parts","TVS / Universal","0","19380","22800","5"
"KS050960","TUBE MTG EXHAUST COMP","General Spare Parts","TVS / Universal","0","1827.5","2150","5"
"KS051050","MUFFLER ASSEMBLY","General Spare Parts","TVS / Universal","0","21437","25220","5"
"KS051460","MUFFLER COMP (ALTI","General Spare Parts","TVS / Universal","0","47872","56320","5"
"KS051800","MUFFLER COMP","General Spare Parts","TVS / Universal","0","32801.5","38590","5"
"KS051840","GUARD EXHAUST FRONT","General Spare Parts","TVS / Universal","0","1317.5","1550","5"
"KS051960","HOLDER FILTER (ALTI","Filters","TVS / Universal","0","425","500","5"
"KS051970","FOAM FILTER (AIT)","Filters","TVS / Universal","0","425","500","5"
"KS060030","MAGNETO 12V ASSY (ALTI","General Spare Parts","TVS / Universal","0","11135","13100","5"
"KS060050E","CARBON BRUSH SET","General Spare Parts","TVS / Universal","0","612","720","5"
"KS060060","MOTOR ASSY STARTER","General Spare Parts","TVS / Universal","0","14229","16740","5"
"KS060070","BENDIX DRIVE","General Spare Parts","TVS / Universal","0","7395","8700","5"
"KS060080","ROTOR ASSY (AIT)","General Spare Parts","TVS / Universal","0","11815","13900","5"
"KS060090","STARTER PLATE ASSEMBLY","General Spare Parts","TVS / Universal","0","9299","10940","5"
"KS060160","IGNITION COIL (OLD)","Oils & Fluids","TVS / Universal","0","3332","3920","5"
"KS060190","BUSH BENDIX R","General Spare Parts","TVS / Universal","0","425","500","5"
"KS060250","TIMER CONTROL UNIT (ALTI","General Spare Parts","TVS / Universal","0","6868","8080","5"
"KS060260","THERMAL SENSOR","Electrical","TVS / Universal","0","1844.5","2170","5"
"KS060270","BRACKET BENDIX","General Spare Parts","TVS / Universal","0","2159","2540","5"
"KS060330","DIGITAL CDI OC","General Spare Parts","TVS / Universal","0","24437.5","28750","5"
"KS060340","MAGNETO ASSY (ACT)","General Spare Parts","TVS / Universal","0","17926.5","21090","5"
"KS060380","BRACKET BENDIX MOUNTING","General Spare Parts","TVS / Universal","0","705.5","830","5"
"KS060390","ASSY aRKT BENDRIX MTG (ACT)","General Spare Parts","TVS / Universal","0","1530","1800","5"
"KS060400","8KT,MTG BENDIX","General Spare Parts","TVS / Universal","0","425","500","5"
"KS060410","GNITION COIL (NEW)","Oils & Fluids","TVS / Universal","0","4496.5","5290","5"
"KS060430","DC DIGITAL CDI","General Spare Parts","TVS / Universal","0","21998","25880","5"
"KS060440","DC DIGITAL CDI - EUROPE","General Spare Parts","TVS / Universal","0","23502.5","27650","5"
"KS060470","COMBINED CDI CUM TCU - PEP*","General Spare Parts","TVS / Universal","0","16048","18880","5"
"KS060590","REGULATOR cuM RECTIFIER","General Spare Parts","TVS / Universal","0","3408.5","4010","5"
"KS060600","MAGNETO ASSY - WEGO (ALTI","General Spare Parts","TVS / Universal","0","17629","20740","5"
"KS060630","TCI CUM TCU UNIT- -scooTY + NEW","General Spare Parts","TVS / Universal","0","11662","13720","5"
"KS070290","HOUSING COMP CLUTCH OLD- 10 SPL (AL","General Spare Parts","TVS / Universal","0","4768.5","5610","5"
"KS070300","CLUTCH ASSY SHOE SET","Brakes","TVS / Universal","0","5907.5","6950","5"
"KS070310","PLATE COMP CLUTCH DRIVE","General Spare Parts","TVS / Universal","0","425","500","5"
"KS070350","SPRING-CLUTCH","General Spare Parts","TVS / Universal","0","425","500","5"
"KS070360","DAMPER CLUTCH SHOE","Brakes","TVS / Universal","0","705.5","830","5"
"KS070380","NUT SHOE CLUTCH","Brakes","TVS / Universal","0","425","500","5"
"KS070440","SHOE COMP CLUTCH (AIT)","Brakes","TVS / Universal","0","5678","6680","5"
"KS070580","HOUSING CLUTCH COMP NEW - 22 SPLINS","General Spare Parts","TVS / Universal","0","4054.5","4770","5"
"KS080160","SEAL MOVABLE DRIVEN OIL","Oils & Fluids","TVS / Universal","0","425","500","5"
"KS080520","FACE COMP MOVABLE DRIVE (AIT)","General Spare Parts","TVS / Universal","0","2108","2480","5"
"KS080620","PLATE MOVABLE DRIVE (AIT)","General Spare Parts","TVS / Universal","0","425","500","5"
"KS080640","FACE COMP FIXED DRIVEN","General Spare Parts","TVS / Universal","0","4207.5","4950","5"
"KS080670","FACE COMP MOVABLE DRIVEN NITRIDED","General Spare Parts","TVS / Universal","0","4632.5","5450","5"
"KS080680","Soss MOVABLE DRIVEN FACE (AIT)","General Spare Parts","TVS / Universal","0","2269.5","2670","5"
"KS080690","SPRING MOVABLE DRIVEN","General Spare Parts","TVS / Universal","0","425","500","5"
"KS080820","V-BELT DRIVE","General Spare Parts","TVS / Universal","0","3918.5","4610","5"
"KS080910","SPACER MOVABLE DRIVE","General Spare Parts","TVS / Universal","0","425","500","5"
"KS080920","ROLLER COMP MOVABLE DRIVE","General Spare Parts","TVS / Universal","0","425","500","5"
"KS080930","OUTER MOVABLE DRIVE ROLLER (ALT)","General Spare Parts","TVS / Universal","0","425","500","5"
"KS080940","ROLLER MOVABLE DRIVE","General Spare Parts","TVS / Universal","0","425","500","5"
"KS080950","FACE MOVABLE DRIVEN","General Spare Parts","TVS / Universal","0","425","500","5"
"KS080970","SPACER MOVABLE DRIVEN PIN","General Spare Parts","TVS / Universal","0","425","500","5"
"KS081000","O-RING MOVABLE DRIVEN","General Spare Parts","TVS / Universal","0","646","760","5"
"KS081200","GEAR INTERMEDIATE - BLANK","General Spare Parts","TVS / Universal","0","3816.5","4490","5"
"KS081210","SHAFT INTERMEDIATE - BLANK","General Spare Parts","TVS / Universal","0","5287","6220","5"
"KS081220","GEAR REAR WHEEL (ALT)","General Spare Parts","TVS / Universal","0","5372","6320","5"
"KS081230","SHAFT REAR WHEEL (AIT)","General Spare Parts","TVS / Universal","0","5015","5900","5"
"KS081240","GEAR KS DRIVEN","General Spare Parts","TVS / Universal","0","2142","2520","5"
"KS081250","OILPUMP ASSY (ALTI","Oils & Fluids","TVS / Universal","0","3068.5","3610","5"
"KS081260","RATCHET NUT KICK STARTER","General Spare Parts","TVS / Universal","0","425","500","5"
"KS081300","GEAR COMP KICKSTARTER DRIVE","General Spare Parts","TVS / Universal","0","2839","3340","5"
"KS081320","GEAR COMP KS IDLER","General Spare Parts","TVS / Universal","0","3442.5","4050","5"
"KS081350","GUIDE KICKSTARTER SPRING","General Spare Parts","TVS / Universal","0","425","500","5"
"KS081370","PLATE KICKSTARTER","General Spare Parts","TVS / Universal","0","790.5","930","5"
"KS081380","GEAR CASE MACHINED","General Spare Parts","TVS / Universal","0","3145","3700","5"
"KS081400","PLUG OIL FILL","Oils & Fluids","TVS / Universal","0","425","500","5"
"KS081440","GEAR OIL PUMP DRIVE (ACT)","Oils & Fluids","TVS / Universal","0","2006","2360","5"
"KS081460","GAUGE COMP OIL LEVEL (ALTI","Oils & Fluids","TVS / Universal","0","425","500","5"
"KS081490","GASKET GEAR CASE","Engine","TVS / Universal","0","425","500","5"
"KS081500","SPRING KS DRIVEN GEAR","General Spare Parts","TVS / Universal","0","425","500","5"
"KS081520","STARTER GEAR","General Spare Parts","TVS / Universal","0","1674.5","1970","5"
"KS081530","SPRING KS SHAFT","General Spare Parts","TVS / Universal","0","425","500","5"
"KS081540","COVER FAN CVT","General Spare Parts","TVS / Universal","0","425","500","5"
"KS081550","FACE COMP FIXED DRIVE","General Spare Parts","TVS / Universal","0","739.5","870","5"
"KS081590","SPRING KS LEVER","General Spare Parts","TVS / Universal","0","425","500","5"
"KS081630","PIPE BREATHER GEAR aox","General Spare Parts","TVS / Universal","0","425","500","5"
"KS081640","TUBE BREATHER GEAR Sox","General Spare Parts","TVS / Universal","0","425","500","5"
"KS081650","O-RING ADAPTOR OIL LEVEL","Oils & Fluids","TVS / Universal","0","425","500","5"
"KS081660","LEVER ASSY KICKSTARTER (ALTI","General Spare Parts","TVS / Universal","0","3111","3660","5"
"KS081670","KICK STARTER LEVER COMP","General Spare Parts","TVS / Universal","0","425","500","5"
"KS081690","PEDAL LEVER","General Spare Parts","TVS / Universal","0","425","500","5"
"KS081720","PIPE INLET OIL PUMP","Oils & Fluids","TVS / Universal","0","425","500","5"
"KS081750","OIL FILTER","Oils & Fluids","TVS / Universal","0","680","800","5"
"KS081760","SHAFT CLUTCH","General Spare Parts","TVS / Universal","0","3272.5","3850","5"
"KS081800","SHAFT CLUTCH","General Spare Parts","TVS / Universal","0","4989.5","5870","5"
"KS081810","GEAR INTERMEDIATE","General Spare Parts","TVS / Universal","0","425","500","5"
"KS081820","SHAFT INTERMEDIATE","General Spare Parts","TVS / Universal","0","4556","5360","5"
"KS081830","GEAR REAR WHEEL (ALT)","General Spare Parts","TVS / Universal","0","4037.5","4750","5"
"KS081880","DRAIN PLUG (AIT)","General Spare Parts","TVS / Universal","0","416.5","490","5"
"KS081910","STARTER GEAR COMP","General Spare Parts","TVS / Universal","0","3961","4660","5"
"KS081950","TUBE INLET CVT","General Spare Parts","TVS / Universal","0","986","1160","5"
"KS081960","HOLDER FILTER","Filters","TVS / Universal","0","425","500","5"
"KS081970","FOAM FILTER","Filters","TVS / Universal","0","425","500","5"
"KS082000","CLAMP TUBE INLET","Electrical","TVS / Universal","0","425","500","5"
"KS082010","GAUGE OIL LEVEL","Oils & Fluids","TVS / Universal","0","425","500","5"
"KS082060","PLATE MOVABLE DRIVE","General Spare Parts","TVS / Universal","0","1028.5","1210","5"
"KS082070","ROLLER COMP MOVABLE DRIVE","General Spare Parts","TVS / Universal","0","425","500","5"
"KS082080","OUTER MOVEABLE DRIVE (ALTI","General Spare Parts","TVS / Universal","0","382.5","450","5"
"KS082090","ROLLER MOVEABLE DRIVE","General Spare Parts","TVS / Universal","0","425","500","5"
"KS082170","BUSK KICK STARTER suppoRT PLATE","General Spare Parts","TVS / Universal","0","425","500","5"
"KS082190","BUSH KICK STARTER SHAFT","General Spare Parts","TVS / Universal","0","425","500","5"
"KS082200","PLATE SUPPORT COMP KS","General Spare Parts","TVS / Universal","0","739.5","870","5"
"KS082300","FACE COMP MOVABLE DRIVE NEW","General Spare Parts","TVS / Universal","0","1895.5","2230","5"
"KS082390","SHAFT REAR WHEEL (ACT)","General Spare Parts","TVS / Universal","0","4309.5","5070","5"
"KS082400","SHAFT COMP REAR WHEEL","General Spare Parts","TVS / Universal","0","6800","8000","5"
"KS082470","SHAFT CLUTCH NEW PEP","General Spare Parts","TVS / Universal","0","3757","4420","5"
"KS082510","V-BELT DRIVE (18X215X28)","General Spare Parts","TVS / Universal","0","4751.5","5590","5"
"KS082560","GEAR OILPUMP DRIVE NEW","Oils & Fluids","TVS / Universal","0","1904","2240","5"
"KS082580","OIL PUMP ASSY","Oils & Fluids","TVS / Universal","0","3587","4220","5"
"KS082740","PEDAL KICK LEVER","General Spare Parts","TVS / Universal","0","425","500","5"
"KS082760","LEVER KICKSTARTER ASSY - T GREY","General Spare Parts","TVS / Universal","0","3570","4200","5"
"KS090180","DAMPER TOGGLE LINK","General Spare Parts","TVS / Universal","0","425","500","5"
"KS090230","SHOCK ABSORBER ASSY","General Spare Parts","TVS / Universal","0","8075","9500","5"
"KS090270","SPACER ASSY TOGGLE LINK","General Spare Parts","TVS / Universal","0","425","500","5"
"KS090280","TOGGLE LINK COMP","General Spare Parts","TVS / Universal","0","2805","3300","5"
"KS090310","DAMPER TOGGLE LINK","General Spare Parts","TVS / Universal","0","425","500","5"
"KS090380","SILENT BLOCK ausH","General Spare Parts","TVS / Universal","0","425","500","5"
"KS090430","TOGGLE LINK COMP","General Spare Parts","TVS / Universal","0","3740","4400","5"
"KS090450","TOGGLE LINK ASSY","General Spare Parts","TVS / Universal","0","5678","6680","5"
"KS100070","DAMPER PISTON","Engine","TVS / Universal","0","425","500","5"
"KS100080","REBOUND SPRING","General Spare Parts","TVS / Universal","0","425","500","5"
"KS100090","PIECE ONE WAY VALVE","Engine","TVS / Universal","0","425","500","5"
"KS100110","PIECE OIL FORK","Oils & Fluids","TVS / Universal","0","425","500","5"
"KS100150","SLEEVE DAMPER PISTON","Engine","TVS / Universal","0","425","500","5"
"KS100170","PIVOT STEERING","General Spare Parts","TVS / Universal","0","11917","14020","5"
"KS100200","FORK TUBE COMP L LOWER","General Spare Parts","TVS / Universal","0","4020.5","4730","5"
"KS100210","FORK TUBE COMP R LOWER","General Spare Parts","TVS / Universal","0","3765.5","4430","5"
"KS100220","INNER TUBE COMP","General Spare Parts","TVS / Universal","0","3400","4000","5"
"KS100240","FRONT FORK ASSEMBLY - scooTY PEP (ACT)","General Spare Parts","TVS / Universal","0","34739.5","40870","5"
"KS100250","FORK ASSY LOWER LH","General Spare Parts","TVS / Universal","0","13532","15920","5"
"KS100260","FORK ASSY LOWER RH","General Spare Parts","TVS / Universal","0","13268.5","15610","5"
"KS100300","8RKT COMP LICENCE PLATE","General Spare Parts","TVS / Universal","0","425","500","5"
"KS100330","OIL SEAL","Oils & Fluids","TVS / Universal","0","425","500","5"
"KS100340","SEAL DUST","General Spare Parts","TVS / Universal","0","425","500","5"
"KS100350","SNAP RING","General Spare Parts","TVS / Universal","0","425","500","5"
"KS100400","PACKING","General Spare Parts","TVS / Universal","0","425","500","5"
"KS100410","SPRING FRONT FORK","General Spare Parts","TVS / Universal","0","425","500","5"
"KS100430","SPRING ONE WAY VALVE","Engine","TVS / Universal","0","425","500","5"
"KS100480","NUT FRONT FORK","General Spare Parts","TVS / Universal","0","425","500","5"
"KS100530","CONE TOP","General Spare Parts","TVS / Universal","0","731","860","5"
"KS100570","CUP TOP","General Spare Parts","TVS / Universal","0","790.5","930","5"
"KS100590","CUP BOTTOM","General Spare Parts","TVS / Universal","0","935","1100","5"
"KS100600","CONE BOTTOM","General Spare Parts","TVS / Universal","0","986","1160","5"
"KS100690","WASHER FRONT FORK","General Spare Parts","TVS / Universal","0","425","500","5"
"KS100710","COVER BALL RACE","General Spare Parts","TVS / Universal","0","425","500","5"
"KS100740","REFLEX REFLECTOR","General Spare Parts","TVS / Universal","0","425","500","5"
"KS100780","BOLT MIO *1.25 (ALTI","General Spare Parts","TVS / Universal","0","425","500","5"
"KS100800","ARRESTOR STEERING STEM","General Spare Parts","TVS / Universal","0","595","700","5"
"KS100830","WASHER STEERING STEM","General Spare Parts","TVS / Universal","0","425","500","5"
"KS10090","PULLER ASSY PRIMERY FIHED","General Spare Parts","TVS / Universal","0","824.5","970","5"
"KS101080","CONE TOP WEGO /JUPITER","General Spare Parts","TVS / Universal","0","1088","1280","5"
"KS101170","FORK ASSY FR. (STREAK) (","General Spare Parts","TVS / Universal","0","40825.5","48030","5"
"KS1011707D","FORK ASSY FR TITAN GREY","General Spare Parts","TVS / Universal","0","39950","47000","5"
"KS101180","FORK ASSY LOWER -STREAK","General Spare Parts","TVS / Universal","0","15478.5","18210","5"
"KS1011807D","LEG ASSY LH STREAK TITAN GREY","General Spare Parts","TVS / Universal","0","15198","17880","5"
"KS101190","FORK ASSY R LOWER- STREAK","General Spare Parts","TVS / Universal","0","14968.5","17610","5"
"KS1011907D","LEG ASSY RH STREAK TITAN GREY","General Spare Parts","TVS / Universal","0","14297","16820","5"
"KS101200","ER TUBE L-H STREAK","General Spare Parts","TVS / Universal","0","4938.5","5810","5"
"KS1012007D","ER TUBE L TITAN GREY","General Spare Parts","TVS / Universal","0","7114.5","8370","5"
"KS101210","ER TUBE R-H STREAK","General Spare Parts","TVS / Universal","0","6358","7480","5"
"KS1012107D","ER TUBE R TITAN GREY","General Spare Parts","TVS / Universal","0","6230.5","7330","5"
"KS101230","INNER TUBE FR FORK-STREAK","General Spare Parts","TVS / Universal","0","425","500","5"
"KS101290","O-RING FR FORK- STREAK","General Spare Parts","TVS / Universal","0","425","500","5"
"KS101300","NUT FRONT FORK- STREAK","General Spare Parts","TVS / Universal","0","425","500","5"
"KS101360","PISTON FRONT FORK SCOOTY STREAK","Engine","TVS / Universal","0","1632","1920","5"
"KS101380","BOLT FRONT FORK","General Spare Parts","TVS / Universal","0","425","500","5"
"KS102890","LICENCE PLATE FRONT","General Spare Parts","TVS / Universal","0","654.5","770","5"
"KS110160","HUB COMP FRONT WHEEL MACHINED","General Spare Parts","TVS / Universal","0","7990","9400","5"
"KS1101603C","HUB COMP FRONT BR SILVER","General Spare Parts","TVS / Universal","0","9018.5","10610","5"
"KS1101607D","HUB COMP FRONT WHEEL MC TITANIUM GR","General Spare Parts","TVS / Universal","0","12189","14340","5"
"KS110180","BRAKE PANEL FRONT POWDER COATED (ALTI","Brakes","TVS / Universal","0","3417","4020","5"
"KS1101803C","FRONT PANEL AIT)","General Spare Parts","TVS / Universal","0","4607","5420","5"
"KS1101807D","BRAKE PANEL FR MACHINED T GREY ZEST 6","Brakes","TVS / Universal","0","408","480","5"
"KS110210","HUB COMP RR WHEEL MACHINED","General Spare Parts","TVS / Universal","0","7777.5","9150","5"
"KS1102103C","HUB COMP RR WHEEL BR SILVER","General Spare Parts","TVS / Universal","0","9239.5","10870","5"
"KS1102107D","HUB COMP RR WHEEL MC TITANIUM GREY","General Spare Parts","TVS / Universal","0","12189","14340","5"
"KS110260","RIM COMP WHEEL ( ALTI","General Spare Parts","TVS / Universal","0","3595.5","4230","5"
"KS1102603C","RIM COMP WHEEL SILVER ACT)","General Spare Parts","TVS / Universal","0","4063","4780","5"
"KS1102607D","RIM COMP WHEEL TITANIUM GREY","General Spare Parts","TVS / Universal","0","3595.5","4230","5"
"KS110270","TYRE FRONT s_0X10","General Spare Parts","TVS / Universal","0","11492","13520","5"
"KS110280","TUBE 3'X10","General Spare Parts","TVS / Universal","0","3026","3560","5"
"KS110290","WHEEL ASSY FRONT / REAR (ALTI","General Spare Parts","TVS / Universal","0","15504","18240","5"
"KS110310","BRAKE PANEL ASSY FRONT AIT)","Brakes","TVS / Universal","0","7140","8400","5"
"KS1103107D","BRAKE PANEL ASSY FRONT TITANIUN GRE ACT)","Brakes","TVS / Universal","0","9749.5","11470","5"
"KS110330","SPACER COMP FRONT HUB","General Spare Parts","TVS / Universal","0","425","500","5"
"KS110400","AXLE COMP FRONT M12 X 1.25 ( ALTI","General Spare Parts","TVS / Universal","0","841.5","990","5"
"KS110420","SPACER R FRONT WHEEL","General Spare Parts","TVS / Universal","0","425","500","5"
"KS110440","LEVER COMP BRAKE REAR ( ALTI","Brakes","TVS / Universal","0","425","500","5"
"KS110460","WASHER CAM BRAKE ( ALT)","Brakes","TVS / Universal","0","425","500","5"
"KS110470","CAM BRAKE REAR","Brakes","TVS / Universal","0","909.5","1070","5"
"KS110510","LEVER COMP BRAKE REAR","Brakes","TVS / Universal","0","425","500","5"
"KS110530","HUB DRIVE","General Spare Parts","TVS / Universal","0","1887","2220","5"
"KS110540","GEAR WHEEL SPEEDO DRIVE ( AIT)","General Spare Parts","TVS / Universal","0","425","500","5"
"KS110550","PINION SPEEDO DRIVE ( ALTI","General Spare Parts","TVS / Universal","0","382.5","450","5"
"KS110590","SPACER SPEEDO SIDE FR WHEEL","General Spare Parts","TVS / Universal","0","425","500","5"
"KS110640","SHOE COMP REAR","Brakes","TVS / Universal","0","425","500","5"
"KS110690","SPRING BRAKE CABLE REAR","Brakes","TVS / Universal","0","425","500","5"
"KS110700","O RING SPEEDO","General Spare Parts","TVS / Universal","0","425","500","5"
"KS110720","AXLE NEW 1281755 -PEP","General Spare Parts","TVS / Universal","0","977.5","1150","5"
"KS1107807D","FRONT WHEEL SUB ASSY TITAN GREY","General Spare Parts","TVS / Universal","0","23766","27960","5"
"KS110950","TYRE FRONT go/gox 10.00.-STREAK","General Spare Parts","TVS / Universal","0","14076","16560","5"
"KS110960","TUBE 90/90 x IO-STREAK","General Spare Parts","TVS / Universal","0","2728.5","3210","5"
"KS120400","REAR VIEW MIRROR L","General Spare Parts","TVS / Universal","0","2006","2360","5"
"KS1204000D","HOUSING HEADLAMP FR BLACK","Engine","TVS / Universal","0","3859","4540","5"
"KS1204001A","HSG HEADLAMP FR s_aROWN","Engine","TVS / Universal","0","5304","6240","5"
"KS1204001B","HSG HEADLAMP FR MET BLUE","Engine","TVS / Universal","0","5329.5","6270","5"
"KS1204001F","HOUSING HEADLAMP FRONT WHITE","Engine","TVS / Universal","0","4870.5","5730","5"
"KS1204001S","HOUSING HEADLAMP FRONT LAVENDER","Engine","TVS / Universal","0","3519","4140","5"
"KS1204002G","HOUSING HEADLAMP FR WINE RED","Engine","TVS / Universal","0","3519","4140","5"
"KS1204004A","HSG HEADLAMP FR PEARL PEACH","Engine","TVS / Universal","0","5321","6260","5"
"KS1204004B","HOUSING HEADLAMP FRONT PURPLE -PEP","Engine","TVS / Universal","0","3485","4100","5"
"KS1204004H","HOUSING HEADLAMP FR MAUVE - PEP*","Engine","TVS / Universal","0","4471","5260","5"
"KS1204004L","HOUSING HEADLAMP FR JEWEL GREEN","Engine","TVS / Universal","0","3519","4140","5"
"KS120400SG","HOUSING HEADLAMP FR FLAME RED","Engine","TVS / Universal","0","3927","4620","5"
"KS120400GG","HOUSING HEADLAMP FRONT ORANGE -PEP","Engine","TVS / Universal","0","3519","4140","5"
"KS120400GH","HOUSING HEADLAMP FRONT","Engine","TVS / Universal","0","7803","9180","5"
"KS120400AL","HOUSING HEADLAMP FR TOP FROST -","Engine","TVS / Universal","0","7828.5","9210","5"
"KS120400C","HOUSING HEADLAMP FR SIL MET GREY","Engine","TVS / Universal","0","3646.5","4290","5"
"KS120410","HOUSING HEADLAMP REAR","Engine","TVS / Universal","0","2694.5","3170","5"
"KS1205700D","FRONT PANEL BOTTOM BLACK","General Spare Parts","TVS / Universal","0","3876","4560","5"
"KS1205700DA","PANEL FRONT + TAPESET COPPER pgo","General Spare Parts","TVS / Universal","0","1700","2000","5"
"KS1205700D8","PANEL FRONT BLACK -PEP +","General Spare Parts","TVS / Universal","0","6511","7660","5"
"KS1205701A","PANEL FR+TAPESET STALLION BROWN","General Spare Parts","TVS / Universal","0","7709.5","9070","5"
"KS1205701B","PANEL FR + TAPESET MET BLUE","General Spare Parts","TVS / Universal","0","7990","9400","5"
"KS1205701F","PANEL FRONT +TAPESET DEEP PURPLE","General Spare Parts","TVS / Universal","0","425","500","5"
"KS1205701FA","PANEL FRONT +TAPESET CAM GREEN","Brakes","TVS / Universal","0","1912.5","2250","5"
"KS1205701FC","PANEL FRONT +TAPESET FLAME RED","General Spare Parts","TVS / Universal","0","4224.5","4970","5"
"KS1205701FD","PANEL FRONT +TAPESET METALIC SLUE","General Spare Parts","TVS / Universal","0","6579","7740","5"
"KS1205701S","PANEL FRONT LAVENDER -PEP","General Spare Parts","TVS / Universal","0","4080","4800","5"
"KS1205702G","PANEL FRONT WINE RED","General Spare Parts","TVS / Universal","0","3680.5","4330","5"
"KS1205703H","PANEL FRONT +TAPESET PINK","General Spare Parts","TVS / Universal","0","6511","7660","5"
"KS1205704A","PANEL FR+TAPESET PEARL PEACH","General Spare Parts","TVS / Universal","0","8185.5","9630","5"
"KS1205704B","PANEL FRONT PURPLE-PEP","General Spare Parts","TVS / Universal","0","4403","5180","5"
"KS1205704BA","PANEL FRONT + TAPESET PURPLE pgo","General Spare Parts","TVS / Universal","0","6953","8180","5"
"KS1205704HA","PANEL FR+LOGO MAUVE - PEP*","General Spare Parts","TVS / Universal","0","8219.5","9670","5"
"KS1205704L","PANEL FRONT JEWEL GREEN","General Spare Parts","TVS / Universal","0","3655","4300","5"
"205706B","PANEL FRONT MC BLUE","General Spare Parts","TVS / Universal","0","4598.5","5410","5"
"KS120570SG","PANEL FRONT FLAME RED","General Spare Parts","TVS / Universal","0","3757","4420","5"
"KS120570SGA","PANEL FRONT + TAPESET FLAME RED pso","General Spare Parts","TVS / Universal","0","6919","8140","5"
"KS120570GG","PANEL FRONT ORANGE-PEP","General Spare Parts","TVS / Universal","0","4080","4800","5"
"KS120570GH","PANEL FRONT-PEP+-PINK DESINGED","General Spare Parts","TVS / Universal","0","11755.5","13830","5"
"KS120570ALA","PANEL FR+LOGO TOP FROST - PEP*","General Spare Parts","TVS / Universal","0","9851.5","11590","5"
"KS120570C","PANEL FRONT SIL MET GREY","General Spare Parts","TVS / Universal","0","4080","4800","5"
"KS120580","PANEL FRONT TOP LOGO TVS","General Spare Parts","TVS / Universal","0","3332","3920","5"
"KS1205800CA","PANEL FRONT TOP LOGO TVS SAF BLU E ( ALTI","General Spare Parts","TVS / Universal","0","3255.5","3830","5"
"KS1205808G","PANEL FRONT TOP COPPER - PEP","General Spare Parts","TVS / Universal","0","3587","4220","5"
"205808GA","PANEL FRONT TOP COPPER - PEPgo","General Spare Parts","TVS / Universal","0","3723","4380","5"
"KS120580C","PANEL FRONT TOP + LOGO SILVER - PEP","General Spare Parts","TVS / Universal","0","3587","4220","5"
"KS120580CA","PANEL FRONT TOP","General Spare Parts","TVS / Universal","0","3587","4220","5"
"KS1206200DA","PANEL BOTTOM FRONT+TAPESET BLACK -","General Spare Parts","TVS / Universal","0","13251.5","15590","5"
"KS1206201B","PANEL BOTTOM FRONT MET BLUE+TAPESET","General Spare Parts","TVS / Universal","0","10659","12540","5"
"KS1206204B","PANEL BOTTOM FRONT DEEP PURPLE+TAPE","General Spare Parts","TVS / Universal","0","11993.5","14110","5"
"KS120620SG","PANEL BOTTOM FRONT FLAME RED + TAPE","General Spare Parts","TVS / Universal","0","10659","12540","5"
"KS1206208G","FRONT PANEL BOTTOM COPPER","General Spare Parts","TVS / Universal","0","7624.5","8970","5"
"KS120620GG","OTHER PARTS","General Spare Parts","TVS / Universal","0","425","500","5"
"KS120620C","FRONT PANEL BOTTOM SIL MET GREY","General Spare Parts","TVS / Universal","0","7624.5","8970","5"
"KS120620EL","PANEL BOTTOM FRONT CAM GREEN+TAPESE","Brakes","TVS / Universal","0","425","500","5"
"KS12062GOO","PANEL BOTTOM FRONT BLACK","General Spare Parts","TVS / Universal","0","12835","15100","5"
"KS120630","PANEL REAR INNER","General Spare Parts","TVS / Universal","0","3349","3940","5"
"KS120640","PANEL REAR OUTER","General Spare Parts","TVS / Universal","0","3408.5","4010","5"
"KS1206501F","PILLION HANDLE PAINTED REF PEP*","General Spare Parts","TVS / Universal","0","2550","3000","5"
"KS120730","FLOOR BOARD","General Spare Parts","TVS / Universal","0","3544.5","4170","5"
"KS120760","LOCK PLATE CENTER STAND","General Spare Parts","TVS / Universal","0","425","500","5"
"KS120800","STOPPER CENTER STAND","General Spare Parts","TVS / Universal","0","425","500","5"
"KS120810","CE BLACK","General Spare Parts","TVS / Universal","0","2312","2720","5"
"KS1208100CH","SIDE PANEL- BOTTOM + LOGO DEEP PU","General Spare Parts","TVS / Universal","0","6443","7580","5"
"KS1208100CL","SIDE PANEL- BOTTOM + LOGO CAM GRE","Brakes","TVS / Universal","0","6910.5","8130","5"
"KS1208100CJ","SIDE PANEL- BOTTOM + LOGO CLASSIC","General Spare Parts","TVS / Universal","0","7548","8880","5"
"KS1208100CK","SIDE PANEL- BOTTOM + LOGO FLAME R","General Spare Parts","TVS / Universal","0","6910.5","8130","5"
"KS1208100CN","SIDE PANEL BOTTOM L + LOGO SIL M","General Spare Parts","TVS / Universal","0","8355.5","9830","5"
"KS1208101A","SIDE PANEL BOTTOM L+TAPESET s_8ROWN","General Spare Parts","TVS / Universal","0","6460","7600","5"
"KS1208101B","SIDE PANEL BOTTOM L + TAPESET M","General Spare Parts","TVS / Universal","0","6281.5","7390","5"
"KS1208104A","SIDE PANEL BOTTOM L+TAPESET PEARL P","General Spare Parts","TVS / Universal","0","2805","3300","5"
"KS1208108G","SIDE PANEL BOTTOM LH COPPER -PEP","General Spare Parts","TVS / Universal","0","5100","6000","5"
"KS1208108GA","SIDE PANEL BOTTOM LH COPPER -PEP*","General Spare Parts","TVS / Universal","0","5100","6000","5"
"KS120810C","SIDE PANEL BOTTOM L SIL MET GREY","General Spare Parts","TVS / Universal","0","5100","6000","5"
"KS120810CA","SIDE PANEL BOTTOM L+TAPESET W RED ( ALTI","General Spare Parts","TVS / Universal","0","5100","6000","5"
"KS120810CC","SIDE PANEL BOTTOM L+TAPESET MC BLUE","General Spare Parts","TVS / Universal","0","986","1160","5"
"KS120810CD","SIDE PANEL BOTTOM L+TAPESET J GREEN","General Spare Parts","TVS / Universal","0","4649.5","5470","5"
"KS120810CE","SIDE PANEL BOTTOM L+TAPESET BLACK","General Spare Parts","TVS / Universal","0","425","500","5"
"KS120810CF","SIDE PANEL BOTTOM L+TAPESET ORANGE","General Spare Parts","TVS / Universal","0","5567.5","6550","5"
"KS12081GC","SIDE PANEL BOTTOM L SIL MET GREY","General Spare Parts","TVS / Universal","0","6094.5","7170","5"
"KS1208200CH","SIDE PANEL- BOTTOM R + LOGO DP puRP","General Spare Parts","TVS / Universal","0","6443","7580","5"
"208200CL","SIDE PANEL- BOTTOM R + LOGO CAM GRE","Brakes","TVS / Universal","0","6443","7580","5"
"KS1208200CJ","SIDE PANEL- BOTTOM R + LOGO CLASSIC","General Spare Parts","TVS / Universal","0","6443","7580","5"
"KS1208200CK","SIDE PANEL- BOTTOM R + LOGO FLAME R","General Spare Parts","TVS / Universal","0","6910.5","8130","5"
"KS1208200CL","SIDE PANEL- BOTTOM R + LOGO MET SLU","General Spare Parts","TVS / Universal","0","6256","7360","5"
"KS1208200CN","SIDE PANEL BOTTOM R + LOGO SIL MET","General Spare Parts","TVS / Universal","0","9673","11380","5"
"KS1208201A","SIDE PANEL BOTTOM R+TAPESET s.BROWN","General Spare Parts","TVS / Universal","0","4139.5","4870","5"
"KS1208201B","IDE PANEL BOTTOM R + TAPESET MET BL","General Spare Parts","TVS / Universal","0","7633","8980","5"
"KS1208204A","SIDE PANEL BOTTOM R+TAPESET PEARL P","General Spare Parts","TVS / Universal","0","7429","8740","5"
"KS1208208G","SIDE PANEL BOTTOM RH COPPER -PEP","General Spare Parts","TVS / Universal","0","1334.5","1570","5"
"KS1208208GA","SIDE PANEL BOTTOM RH COPPER - PEP*","General Spare Parts","TVS / Universal","0","5100","6000","5"
"KS120820C","SIDE PANEL BOTTOM R SIL MET GREY","General Spare Parts","TVS / Universal","0","5100","6000","5"
"KS120820CA","SIDE PANEL BOTTOM R+TAPESET W RED (ALTI","General Spare Parts","TVS / Universal","0","5100","6000","5"
"KS120820CC","SIDE PANEL BOTTOM R+TAPESET MC BLUE ( AIT)","General Spare Parts","TVS / Universal","0","5100","6000","5"
"KS120820CD","SIDE PANEL BOTTOM R+TAPESET J GREEN","General Spare Parts","TVS / Universal","0","4845","5700","5"
"KS120820CE","SIDE PANEL BOTTOM R+TAPESET BLACK","General Spare Parts","TVS / Universal","0","5100","6000","5"
"KS120820CF","SIDE PANEL BOTTOM R+TAPESET ORANGE","General Spare Parts","TVS / Universal","0","5210.5","6130","5"
"KS12082GC","SIDE PANEL BOTTOM RH","General Spare Parts","TVS / Universal","0","6876.5","8090","5"
"KS120830","8RKT COMP CENTER STAND (AIT)","General Spare Parts","TVS / Universal","0","425","500","5"
"KS120920","PROP STAND COMP","General Spare Parts","TVS / Universal","0","425","500","5"
"KS120930","SPRING PROP STAND","General Spare Parts","TVS / Universal","0","425","500","5"
"KS120940","BAG HANGER","General Spare Parts","TVS / Universal","0","425","500","5"
"KS120950","MUDGUARD REAR","General Spare Parts","TVS / Universal","0","1980.5","2330","5"
"KS1209600DA","SIDE PANEL TOP LH BLACK (COPPER)","General Spare Parts","TVS / Universal","0","5040.5","5930","5"
"KS1209600D8","SIDE PANEL TOP L+TAPESET COPPER pgo","General Spare Parts","TVS / Universal","0","5516.5","6490","5"
"KS12096000C","SIDE PANEL TOP L+TAPESET 8LK+Sl","General Spare Parts","TVS / Universal","0","6434.5","7570","5"
"KS1209601A","SIDE PANEL TOP L+TAPESET STALLION a","General Spare Parts","TVS / Universal","0","4573","5380","5"
"209601B","SIDE PANEL TOP L + TAPESET MET BLUE","General Spare Parts","TVS / Universal","0","7913.5","9310","5"
"KS1209601F","SIDE PANEL TOP L + LOGO L DP PURPLE","General Spare Parts","TVS / Universal","0","7624.5","8970","5"
"KS1209601FA","SIDE PANEL TOP L + LOGO L CAM GREEN","Brakes","TVS / Universal","0","3468","4080","5"
"KS1209601FC","SIDE PANEL TOP L + LOGO L FLAME RED","General Spare Parts","TVS / Universal","0","1657.5","1950","5"
"KS1209601FD","SIDE PANEL TOP L + LOGO L MET BLUE","General Spare Parts","TVS / Universal","0","8899.5","10470","5"
"KS1209601S","SIDE PANEL TOP LH OAVENDER -","General Spare Parts","TVS / Universal","0","5856.5","6890","5"
"KS1209602G","SIDE PANEL TOP TAPESET WINE RED","General Spare Parts","TVS / Universal","0","1453.5","1710","5"
"KS1209603H","SIDE PANEL TOP L+TAPESET PINK","General Spare Parts","TVS / Universal","0","1300.5","1530","5"
"KS1209604A","SIDE PANEL TOP L+TAPESET PEARL PEAC","General Spare Parts","TVS / Universal","0","2898.5","3410","5"
"KS1209604BA","SIDE PANEL TOP L+TAPESET PURPLE pgo","General Spare Parts","TVS / Universal","0","4105.5","4830","5"
"KS1209604HA","SIDE PANEL TOP L+LOGO MAUVE - PEP*","General Spare Parts","TVS / Universal","0","4309.5","5070","5"
"KS1209604L","SIDE PANEL TOP L+TAPESET JEWELGREEN","General Spare Parts","TVS / Universal","0","6400.5","7530","5"
"KS1209606B","SIDE PANEL TOP L+TAPESET MC BLUE","General Spare Parts","TVS / Universal","0","425","500","5"
"KS120960SG","SIDE PANEL TOP L +TAPESET FLAME RED","General Spare Parts","TVS / Universal","0","5856.5","6890","5"
"KS120960SGA","SIDE PANEL TOP L+TAPESET FL RED pgo","General Spare Parts","TVS / Universal","0","6434.5","7570","5"
"KS120960GG","SIDE PANEL TOP LH ORANGE -PEP","General Spare Parts","TVS / Universal","0","5856.5","6890","5"
"KS120960GH","SIDE PANEL TOP LH-PEP+-PINK DESINGE","General Spare Parts","TVS / Universal","0","11024.5","12970","5"
"KS120960ALA","SIDE PANEL TOP L+LOGO TOP FROST - P","General Spare Parts","TVS / Universal","0","10999","12940","5"
"KS120960C","SIDE PANEL TOP L+TAPESET SILMETGREY","General Spare Parts","TVS / Universal","0","5440","6400","5"
"KS12096GOO","SIDE PANEL TOP L BLACK","General Spare Parts","TVS / Universal","0","4845","5700","5"
"KS1209700D","SIDE PANEL TOP R+TAPESET BLACK","General Spare Parts","TVS / Universal","0","425","500","5"
"KS1209700DA","SIDE PANEL TOP RH BLACK COPPER","General Spare Parts","TVS / Universal","0","5856.5","6890","5"
"KS1209700D8","SIDE PANEL TOP R+TAPESET COPPER","General Spare Parts","TVS / Universal","0","5746","6760","5"
"KS12097000C","SIDE PANEL TOP R+TAPESET BLK+SIL","General Spare Parts","TVS / Universal","0","6434.5","7570","5"
"KS1209701A","SIDE PANEL TOP R+TAPESET STALLION B","General Spare Parts","TVS / Universal","0","2949.5","3470","5"
"KS1209701B","SIDE PANEL TOP R + TAPESET MET BLUE","General Spare Parts","TVS / Universal","0","8262","9720","5"
"KS1209701F","SIDE PANEL TOP R+LOGO R DP PURPLE","General Spare Parts","TVS / Universal","0","2992","3520","5"
"KS1209701FA","SIDE PANEL TOP R+LOGO R CAM GREEN","Brakes","TVS / Universal","0","3451","4060","5"
"KS1209701FC","SIDE PANEL TOP R+LOGO R FLAME RED","General Spare Parts","TVS / Universal","0","1589.5","1870","5"
"KS1209701FD","SIDE PANEL TOP R+LOGO R MET BLUE","General Spare Parts","TVS / Universal","0","8143","9580","5"
"KS1209701S","SIDE PANEL TOP RH LAVENDER -PEP","General Spare Parts","TVS / Universal","0","5856.5","6890","5"
"KS1209702G","SIDE PANEL TOP R+TAPESET WINE RED","General Spare Parts","TVS / Universal","0","5856.5","6890","5"
"KS1209703H","SIDE PANEL TOP R+TAPESET PINK","General Spare Parts","TVS / Universal","0","1351.5","1590","5"
"KS1209704A","SIDE PANEL TOP R+TAPESET PEARL PEAC","General Spare Parts","TVS / Universal","0","2890","3400","5"
"KS1209704B","SIDE PANEL TOP RH PURPLE -PEP","General Spare Parts","TVS / Universal","0","5856.5","6890","5"
"KS1209704BA","SIDE PANEL TOP R+TAPESET PURPLE pso","General Spare Parts","TVS / Universal","0","7157","8420","5"
"KS1209704HA","SIDE PANEL TOP R+LOGO MAUVE - PEP*","General Spare Parts","TVS / Universal","0","11101","13060","5"
"KS1209704L","SIDE PANEL TOP R+TAPESET JGREEN","General Spare Parts","TVS / Universal","0","5856.5","6890","5"
"KS1209706B","SIDE PANEL TOP R+TAPESET MC BLUE","General Spare Parts","TVS / Universal","0","5856.5","6890","5"
"KS120970SG","SIDE PANEL TOP R +TAPESET FLAME RED 1,","General Spare Parts","TVS / Universal","0","246.5","290","5"
"KS120970SGA","SIDE PANEL TOP R+TAPESET FL RED pgo","General Spare Parts","TVS / Universal","0","6876.5","8090","5"
"KS120970GG","SIDE PANEL TOP RH ORANGE -PEP","General Spare Parts","TVS / Universal","0","5856.5","6890","5"
"KS120970GH","SIDE PANEL TOP RH-PEP+-PINK DESINGE","General Spare Parts","TVS / Universal","0","11024.5","12970","5"
"KS120970ALA","SIDE PANEL TOP R+LOGO TOP FROST - P","General Spare Parts","TVS / Universal","0","11364.5","13370","5"
"KS120970C","SIDE PANEL TOP R+TAPESET SILMETGREY","General Spare Parts","TVS / Universal","0","5856.5","6890","5"
"KS121000","FRAME COMP 4S","General Spare Parts","TVS / Universal","0","35011.5","41190","5"
"KS1210600D","SIDE PANEL BTM CNTR BLACK","General Spare Parts","TVS / Universal","0","1037","1220","5"
"KS1210608G","SIDE PANEL BOTTOM CENTER COPPER -","General Spare Parts","TVS / Universal","0","1785","2100","5"
"KS121060C","SIDE PANEL BTM CNTR SLVRMGREY(PTD)","Brakes","TVS / Universal","0","1878.5","2210","5"
"KS121110","PILLION HANDLE PAINTED (EXEC)","General Spare Parts","TVS / Universal","0","5049","5940","5"
"KS1211400D","COVER SPARK PLUG BLACK","General Spare Parts","TVS / Universal","0","2847.5","3350","5"
"KS1211401S","COVER SPARK PLUG LAVENDER -PEP","General Spare Parts","TVS / Universal","0","2847.5","3350","5"
"KS1211402G","COVER SPARK PLUG WINE RED","General Spare Parts","TVS / Universal","0","1300.5","1530","5"
"KS1211403H","COVER SPARK PLUG PINK","General Spare Parts","TVS / Universal","0","2847.5","3350","5"
"KS1211404B","COVER SPARK PLUG PURPLE-PEP","General Spare Parts","TVS / Universal","0","2805","3300","5"
"KS1211404L","COVER SPARK PLUG JEWEL GREEN","General Spare Parts","TVS / Universal","0","2958","3480","5"
"KS1211406B","COVER SPARK PLUG MC BLUE","General Spare Parts","TVS / Universal","0","2847.5","3350","5"
"KS121140SG","COVER SPARK PLUG FLAME RED","General Spare Parts","TVS / Universal","0","2805","3300","5"
"KS121140GG","COVER SPARK PLUG ORANGE -PEP","General Spare Parts","TVS / Universal","0","2847.5","3350","5"
"KS121140GH","COVER SPARK PLUG","General Spare Parts","TVS / Universal","0","6502.5","7650","5"
"KS121140C","COVER SPARK PLUG SIL MET GREY","General Spare Parts","TVS / Universal","0","2847.5","3350","5"
"KS121160","MUDGUARD FRONT","General Spare Parts","TVS / Universal","0","425","500","5"
"KS121170","STEERING CUM IGNITION LOCK (AIT)","General Spare Parts","TVS / Universal","0","425","500","5"
"KS121180","sua FRAME ASSEMBLY","General Spare Parts","TVS / Universal","0","2626.5","3090","5"
"KS121440","UTILITY BOX","General Spare Parts","TVS / Universal","0","8109","9540","5"
"KS121690","CENTER STAND COMP (AIT)","General Spare Parts","TVS / Universal","0","4071.5","4790","5"
"KS121700","CENTER STAND ASSY (AIT)","General Spare Parts","TVS / Universal","0","7225","8500","5"
"KS121810","FOOTREST COMP L PILLION","General Spare Parts","TVS / Universal","0","2397","2820","5"
"KS121840","GUARD COMP SIDE PANEL BOTTOM R","General Spare Parts","TVS / Universal","0","2295","2700","5"
"KS121860","BAG HOOK COMP (ALTI","General Spare Parts","TVS / Universal","0","1878.5","2210","5"
"KS121870","TRAY BATTERY","Electrical","TVS / Universal","0","425","500","5"
"KS122140","SPRING CENTER STAND","General Spare Parts","TVS / Universal","0","425","500","5"
"KS122150","MUDGUARD FRONT","General Spare Parts","TVS / Universal","0","425","500","5"
"KS122160","BOLT SPL PILLION FOOTREST","General Spare Parts","TVS / Universal","0","382.5","450","5"
"KS122240","HEX BOLT M5XS5 (ALTI","General Spare Parts","TVS / Universal","0","425","500","5"
"KS12224G","BOLT MS x 65.-STREAK","General Spare Parts","TVS / Universal","0","425","500","5"
"KS122250","STRIP FENDER","General Spare Parts","TVS / Universal","0","425","500","5"
"KS122310","BOTTOM COVER (ALTI","General Spare Parts","TVS / Universal","0","2490.5","2930","5"
"KS122390","GROMMET R HOUSING HEADLAMP","Engine","TVS / Universal","0","425","500","5"
"KS122430","BRACKET COVER SPARKPLUG","General Spare Parts","TVS / Universal","0","425","500","5"
"KS122550","SPACER LICENCE PLATE","General Spare Parts","TVS / Universal","0","425","500","5"
"KS122580","8RKT SEAT LOCK","General Spare Parts","TVS / Universal","0","425","500","5"
"KS122650","PILLION HANDLE PAINTED","General Spare Parts","TVS / Universal","0","2550","3000","5"
"KS1226500D","PILLION HANDLE BLACK PEP","General Spare Parts","TVS / Universal","0","5049","5940","5"
"KS1226501A","PILLION HANDLE STALLION BROWN","General Spare Parts","TVS / Universal","0","2558.5","3010","5"
"KS1226501B","PILLION HANDLE MET BLUE","General Spare Parts","TVS / Universal","0","5355","6300","5"
"KS1226501S","PILLION HANDLE LAVENDER","General Spare Parts","TVS / Universal","0","10472","12320","5"
"KS1226503H","PILLION HANDLE PINK","General Spare Parts","TVS / Universal","0","10472","12320","5"
"KS1226504A","PILLION HANDLE PEARL PEACH","General Spare Parts","TVS / Universal","0","2856","3360","5"
"KS1226504B","PILLION HANDLE DEEP PURPLE - PEP","General Spare Parts","TVS / Universal","0","8976","10560","5"
"KS1226504H","PILLION HANDLE MAUVE - PEP*","General Spare Parts","TVS / Universal","0","3077","3620","5"
"KS122650SG","PILLION HANDLE FLAME RED","General Spare Parts","TVS / Universal","0","10472","12320","5"
"KS122650GG","PILLION HANDLE ORANGE-PEP","General Spare Parts","TVS / Universal","0","10472","12320","5"
"KS122650GH","PILLION HANDLE-PEP+-PINK DESINGED","General Spare Parts","TVS / Universal","0","12027.5","14150","5"
"KS122650AL","PILLION HANDLE TOP FROST - PEP*","General Spare Parts","TVS / Universal","0","5720.5","6730","5"
"KS122760","FOOTREST COMP L PILLION","General Spare Parts","TVS / Universal","0","5593","6580","5"
"KS122800","SPRING FOOTREST FOLDABLE","General Spare Parts","TVS / Universal","0","425","500","5"
"KS122820","PIN FOOTREST FOLDABLE","General Spare Parts","TVS / Universal","0","425","500","5"
"KS122830","PIN FOOTREST FOLDABLE","General Spare Parts","TVS / Universal","0","425","500","5"
"KS122840","COTTER PIN FOOTREST FOLDABLE","General Spare Parts","TVS / Universal","0","425","500","5"
"KS122850","COTTER PIN FOOTREST FOLDABLE","General Spare Parts","TVS / Universal","0","425","500","5"
"KS122860","FOOTREST ASSY FOLDABLE PILLION ALU (A T)","General Spare Parts","TVS / Universal","0","5831","6860","5"
"KS1228607D","FOOTREST ASSY FOLD3LE PILLION ALU","General Spare Parts","TVS / Universal","0","4641","5460","5"
"KS122890","ICENCE PLATE FR ZEST (ALTI","General Spare Parts","TVS / Universal","0","705.5","830","5"
"KS123140","PAD FOOTREST FOLDABLE (ALTI","Brakes","TVS / Universal","0","3128","3680","5"
"KS1231407D","PAD FOOTREST FOLDABLE","Brakes","TVS / Universal","0","4513.5","5310","5"
"KS123270","FOOTREST COMP LH PILLION","General Spare Parts","TVS / Universal","0","3068.5","3610","5"
"KS123280","TUBE COMP FOOTREST PILLION","General Spare Parts","TVS / Universal","0","1802","2120","5"
"KS123300","COTTER PIN FOOTREST FOLDABLE","General Spare Parts","TVS / Universal","0","425","500","5"
"KS123310","FOOTREST ASSY FOLDABLE PILLION (AIT)","General Spare Parts","TVS / Universal","0","5831","6860","5"
"KS123320","HOUSING HEADLAMP REAR BLACK - PEP","Engine","TVS / Universal","0","2771","3260","5"
"KS123330","PANEL REAR OUTER BLACK","General Spare Parts","TVS / Universal","0","3315","3900","5"
"KS123340","PANEL REAR INNER BLACK","General Spare Parts","TVS / Universal","0","3366","3960","5"
"KS123350","FLOOR BOARD BLACK","General Spare Parts","TVS / Universal","0","3740","4400","5"
"KS1233701A","COVER SPARK PLUG BLK STAL ION BROWN","General Spare Parts","TVS / Universal","0","2677.5","3150","5"
"KS1233701B","COVER SPARK PLUG MET BLUE","General Spare Parts","TVS / Universal","0","2677.5","3150","5"
"KS1233701F","COVER SPARK PLUG WHITE","General Spare Parts","TVS / Universal","0","2473.5","2910","5"
"KS1233704A","COVER SPARK PLUG BLK PEARL PEACH","General Spare Parts","TVS / Universal","0","2805","3300","5"
"KS1233704H","COVER SPARK PLUG BLK MAUVE - PEP*","General Spare Parts","TVS / Universal","0","2949.5","3470","5"
"KS123370AL","COVER SPARK PLUG TOP FROST - PEP*","General Spare Parts","TVS / Universal","0","2805","3300","5"
"KS123380","UTILITY BOX BLACK","General Spare Parts","TVS / Universal","0","7514","8840","5"
"KS123400","SPRING BAG HOOK","General Spare Parts","TVS / Universal","0","425","500","5"
"KS123420","FLOOR MAT","General Spare Parts","TVS / Universal","0","2465","2900","5"
"KS123500","8RKT LICENCE PLATE LAMP-EUROPE","Electrical","TVS / Universal","0","425","500","5"
"KS123620","8RKT LICENCE PLATE-EUROPE","General Spare Parts","TVS / Universal","0","782","920","5"
"KS123850","FOOT REST COMP. PILLION STREAK","General Spare Parts","TVS / Universal","0","765","900","5"
"KS123880","8RKT GUARD COMP - PEP","General Spare Parts","TVS / Universal","0","425","500","5"
"KS123890","TUBE GUARD COMP NEW (SPLIT TYPE)","General Spare Parts","TVS / Universal","0","824.5","970","5"
"KS124010","BUSH CENTER STAND PEP socc","General Spare Parts","TVS / Universal","0","425","500","5"
"KS124020","SPRING CENTER STAND","General Spare Parts","TVS / Universal","0","425","500","5"
"KS124030","CENTER STAND COMP PEP socc (ALTI","General Spare Parts","TVS / Universal","0","5380.5","6330","5"
"KS124040","CENTER STAND ASSY (AIT)","General Spare Parts","TVS / Universal","0","10166","11960","5"
"KS124080","BAG HOOK COMPLETE ( SS INSERT ) (AIT)","General Spare Parts","TVS / Universal","0","2558.5","3010","5"
"KS124090","SPRING CENTER STAND PEP + (ALTI","General Spare Parts","TVS / Universal","0","654.5","770","5"
"KS124270","LEVER COMP CENTER STAND STREAK","General Spare Parts","TVS / Universal","0","425","500","5"
"KS124320","CENTER STAND ASSY scooTY PEP*","General Spare Parts","TVS / Universal","0","8916.5","10490","5"
"KS124330","CENTER STAND COMP STREAK","General Spare Parts","TVS / Universal","0","4819.5","5670","5"
"KS124360","8RKT COMP CENTER STAND NEW - PEP*","General Spare Parts","TVS / Universal","0","2652","3120","5"
"KS124400","FRAME (STREAK)","General Spare Parts","TVS / Universal","0","12767","15020","5"
"KS124430","sua FRAME COMP- STREAK","General Spare Parts","TVS / Universal","0","4989.5","5870","5"
"KS124520","8RKT GUARD NP.055- STREAK","General Spare Parts","TVS / Universal","0","425","500","5"
"KS124550","CENTER STAND","General Spare Parts","TVS / Universal","0","17892.5","21050","5"
"KS12498G","PILLION FOOTREST COMP L NP.055z","General Spare Parts","TVS / Universal","0","3510.5","4130","5"
"KS124990","FOOTREST ASSY FOLDABLE STREAK (ACT)","General Spare Parts","TVS / Universal","0","3714.5","4370","5"
"KS1249907D","FOOTREST ASSY FOLDABLE PILLION STRE","General Spare Parts","TVS / Universal","0","6290","7400","5"
"KS125210","CLAMP SIDE PANEL","Electrical","TVS / Universal","0","425","500","5"
"KS125220","CLAMP SIDE PANEL R","Electrical","TVS / Universal","0","425","500","5"
"KS130010","SEAT BASE","General Spare Parts","TVS / Universal","0","2949.5","3470","5"
"KS130020","SEAT FOAM","General Spare Parts","TVS / Universal","0","3765.5","4430","5"
"KS130060","SEAT COMP (ALTI","General Spare Parts","TVS / Universal","0","20859","24540","5"
"KS130080","LOCK SET (AIT)","General Spare Parts","TVS / Universal","0","5108.5","6010","5"
"KS130090","LATCH ASSY","General Spare Parts","TVS / Universal","0","1028.5","1210","5"
"KS130110","STOPPER SEAT","General Spare Parts","TVS / Universal","0","425","500","5"
"KS13012G","REXINE SEAT","General Spare Parts","TVS / Universal","0","3944","4640","5"
"KS130130","PIN SEAT COMP","General Spare Parts","TVS / Universal","0","425","500","5"
"KS130150","HINGE COMP","General Spare Parts","TVS / Universal","0","620.5","730","5"
"30200","BUSH SEAT BASE","General Spare Parts","TVS / Universal","0","425","500","5"
"KS130220","SEAT HINGE UPPER","General Spare Parts","TVS / Universal","0","425","500","5"
"KS130230","SPACER SEAT HINGE","General Spare Parts","TVS / Universal","0","425","500","5"
"KS130250","BOLT PLATE COMP SEAT","General Spare Parts","TVS / Universal","0","425","500","5"
"KS130260","SPRING SEAT","General Spare Parts","TVS / Universal","0","425","500","5"
"30280","SEAT COMP BLACK NEW -PEP","General Spare Parts","TVS / Universal","0","21717.5","25550","5"
"KS13029G","COVER COMP SEAT BLACK -PEP","General Spare Parts","TVS / Universal","0","4080","4800","5"
"KS13031G","COVER COMP SEAT LIGHT GREY -PEP","General Spare Parts","TVS / Universal","0","3944","4640","5"
"KS130320","SEAT COMP ORANGE-PEP (AIT)","General Spare Parts","TVS / Universal","0","17969","21140","5"
"KS13033G","COVER COMP SEAT ORANGE -PEP","General Spare Parts","TVS / Universal","0","4641","5460","5"
"KS130370","SEAT BASE","General Spare Parts","TVS / Universal","0","5312.5","6250","5"
"KS130380","SEAT FOAM NP055-STREAK","General Spare Parts","TVS / Universal","0","5355","6300","5"
"KS130450","COVER COMP SEAT-STREAK","General Spare Parts","TVS / Universal","0","3221.5","3790","5"
"KS140010","FUEL TANK ASSY - 5.0 LTRS PLASTIC","General Spare Parts","TVS / Universal","0","3230","3800","5"
"KS140060","AUTO FUEL COCK ASSY","General Spare Parts","TVS / Universal","0","3986.5","4690","5"
"KS140070","AUTO FUEL TAP ASSHALT)","General Spare Parts","TVS / Universal","0","3689","4340","5"
"KS140110","FLANGE CENTRE UNIT","General Spare Parts","TVS / Universal","0","425","500","5"
"KS140120","CAP ASSY FUEL TANK","General Spare Parts","TVS / Universal","0","425","500","5"
"KS140170","FUEL TANK COMP","General Spare Parts","TVS / Universal","0","3833.5","4510","5"
"KS140180","FUEL TANK ASSY","General Spare Parts","TVS / Universal","0","5465.5","6430","5"
"KS140200","HOSE VACUUM","General Spare Parts","TVS / Universal","0","425","500","5"
"KS140240","HOSE FUEL CARB END","General Spare Parts","TVS / Universal","0","425","500","5"
"KS140250","SPRING FUEL HOSE CARB END","General Spare Parts","TVS / Universal","0","425","500","5"
"KS140260","SPRING HOSE VACUUM","General Spare Parts","TVS / Universal","0","425","500","5"
"KS140360","HOSE FUEL","General Spare Parts","TVS / Universal","0","106.25","125","5"
"KS140530","CAP ASSY FUEL TANK (NEW) (AIT)","General Spare Parts","TVS / Universal","0","425","500","5"
"KS140620","HOSE VACUUM (345mm LONG) - PEP +","General Spare Parts","TVS / Universal","0","425","500","5"
"KS140640","FUEL TANK ASSY NP.055- STREAK","General Spare Parts","TVS / Universal","0","9826","11560","5"
"KS140650","FUEL TANK COMP_-STREAK","General Spare Parts","TVS / Universal","0","7845.5","9230","5"
"KS140700","HOSE TO CARBURETTOR -STREAK (AIT)","General Spare Parts","TVS / Universal","0","425","500","5"
"KS140740","HOSE VACUUM NP 055-STREAK","General Spare Parts","TVS / Universal","0","425","500","5"
"KS140780","FUEL TANK CAP STREAK","General Spare Parts","TVS / Universal","0","3697.5","4350","5"
"KS140790","FUEL FILTER ZEST (AIT)","Filters","TVS / Universal","0","425","500","5"
"KS150020","SPEEDOMETER ASSY","General Spare Parts","TVS / Universal","0","15070.5","17730","5"
"KS150230","8RKT LEVER LH","General Spare Parts","TVS / Universal","0","816","960","5"
"KS150240","BKT LEVER RH","General Spare Parts","TVS / Universal","0","1079.5","1270","5"
"KS150250","BRAKE LEVER LH","Brakes","TVS / Universal","0","425","500","5"
"KS150260","BRAKE LEVER RH","Brakes","TVS / Universal","0","425","500","5"
"KS150280","CLAMP LEVER BRKT RH","Electrical","TVS / Universal","0","425","500","5"
"KS150290","CONTROL LEVER ASSY L","General Spare Parts","TVS / Universal","0","3349","3940","5"
"KS150300","CONTROL LEVER ASSY R","General Spare Parts","TVS / Universal","0","3034.5","3570","5"
"KS150360","GRIP L","General Spare Parts","TVS / Universal","0","977.5","1150","5"
"KS150380","MIRROR ASSY L (ACT)","General Spare Parts","TVS / Universal","0","1606.5","1890","5"
"KS150390","MIRROR ASSY R (AIT)","General Spare Parts","TVS / Universal","0","1606.5","1890","5"
"KS1504000D","MIRROR ASSY L BLACK (ALT)","General Spare Parts","TVS / Universal","0","2728.5","3210","5"
"KS1504001A","MIRROR ASSY L s_8ROWN (AIT)","General Spare Parts","TVS / Universal","0","4998","5880","5"
"KS1504001F","MIRROR ASSY L WHITE REF PEP*","General Spare Parts","TVS / Universal","0","1810.5","2130","5"
"KS1504001S","MIRROR ASSY L OAVENDER","General Spare Parts","TVS / Universal","0","5584.5","6570","5"
"KS1504002G","MIRROR ASSY L WINE RED","General Spare Parts","TVS / Universal","0","2822","3320","5"
"KS1504003H","MIRROR ASSY L - PINK","General Spare Parts","TVS / Universal","0","2898.5","3410","5"
"KS1504004A","MIRROR ASSY L PEARL PEACH","General Spare Parts","TVS / Universal","0","1309","1540","5"
"KS1504004B","MIRROR ASSY L DEEP PURPLE-PEP","General Spare Parts","TVS / Universal","0","3119.5","3670","5"
"KS1504004H","MIRROR ASSY L","General Spare Parts","TVS / Universal","0","2167.5","2550","5"
"KS1504004L","MIRROR ASSY L JEWEL GREEN","General Spare Parts","TVS / Universal","0","2507.5","2950","5"
"KS1504006B","MIRROR ASSY LH MC BLUE","General Spare Parts","TVS / Universal","0","2507.5","2950","5"
"50400SG","MIRROR ASSY LH FLAME RED (ALTI","General Spare Parts","TVS / Universal","0","5584.5","6570","5"
"KS150400GG","MIRROR ASSY LH ORANGE-PEP","General Spare Parts","TVS / Universal","0","425","500","5"
"KS150400GH","MIRROR ASSY LH-PEP+-PINK DESINGED (ALT)","General Spare Parts","TVS / Universal","0","3196","3760","5"
"KS150400AL","MIRROR ASSY L TOP FROST - PEP* (ACT)","General Spare Parts","TVS / Universal","0","6511","7660","5"
"KS150400C","MIRROR ASSY L MET GREY","General Spare Parts","TVS / Universal","0","2601","3060","5"
"MIRROR","ASSY L UNPAINTED","General Spare Parts","TVS / Universal","0","1640.5","1930","5"
"KS1504100D","MIRROR ASSY R BLACK","General Spare Parts","TVS / Universal","0","2499","2940","5"
"KS1504101A","MIRROR ASSY R s.BROWN","General Spare Parts","TVS / Universal","0","1581","1860","5"
"KS1504101B","MIRROR ASSY R MET BLUE (AIT)","General Spare Parts","TVS / Universal","0","4998","5880","5"
"KS1504101F","MIRROR ASSY R WHITE REF","General Spare Parts","TVS / Universal","0","5202","6120","5"
"KS1504102G","MIRROR ASSY R","General Spare Parts","TVS / Universal","0","2822","3320","5"
"KS1504103H","MIRROR ASSY R - PINK","General Spare Parts","TVS / Universal","0","2898.5","3410","5"
"KS1504104A","MIRROR ASSY R PEARL PEACH","General Spare Parts","TVS / Universal","0","4998","5880","5"
"KS1504104B","MIRROR ASSY RH DEEP PURPLE -PEP","General Spare Parts","TVS / Universal","0","1368.5","1610","5"
"KS1504104H","MIRROR ASSY R MAUVE - PEP*","General Spare Parts","TVS / Universal","0","5652.5","6650","5"
"KS1504104L","MIRROR ASSY R JEWEL GREEN","General Spare Parts","TVS / Universal","0","1020","1200","5"
"KS1504106B","MIRROR ASSY R MC BLUE","General Spare Parts","TVS / Universal","0","2737","3220","5"
"KS150410SG","MIRROR ASSY RH FLAME RED (ALTI","General Spare Parts","TVS / Universal","0","2380","2800","5"
"KS150410GG","MIRROR ASSY RH ORANGE -PEP","General Spare Parts","TVS / Universal","0","5584.5","6570","5"
"KS150410GH","MIRROR ASSY RH-PEP+-PINK DESINGED (A","General Spare Parts","TVS / Universal","0","3196","3760","5"
"KS150410AL","MIRROR ASSY R TOP FROST - PEP* (AIT)","General Spare Parts","TVS / Universal","0","6511","7660","5"
"KS150410C","MIRROR ASSY R SIL MET GREY","General Spare Parts","TVS / Universal","0","2507.5","2950","5"
"KS15041G","MIRROR ASSY R UNPAINTED","General Spare Parts","TVS / Universal","0","3578.5","4210","5"
"KS150450","GROMET MIRROR LH","General Spare Parts","TVS / Universal","0","425","500","5"
"50460","GROMET MIRROR RH","General Spare Parts","TVS / Universal","0","425","500","5"
"KS150570","CASE THROTTLE UNDER","General Spare Parts","TVS / Universal","0","425","500","5"
"KS150720","HANDLE BAR COMR.-STREAK (ALTI","General Spare Parts","TVS / Universal","0","5287","6220","5"
"KS150800","BRACKET LEVER L - PEP +","General Spare Parts","TVS / Universal","0","1139","1340","5"
"KS150810","BRACKET LEVER R - PEP +","General Spare Parts","TVS / Universal","0","1300.5","1530","5"
"KS151230","MUFFLER COMP LE -PEP","General Spare Parts","TVS / Universal","0","12852","15120","5"
"KS160010","HEADLAMP ASSY","Engine","TVS / Universal","0","5865","6900","5"
"KS160010E","HEADLAMP ASSY","Engine","TVS / Universal","0","3714.5","4370","5"
"KS160020","LAMP ASSY REAR","Electrical","TVS / Universal","0","5822.5","6850","5"
"KS160020E","LAMP ASSY REAR","Electrical","TVS / Universal","0","3119.5","3670","5"
"KS160040","TURN SIGNAL FRONT R","General Spare Parts","TVS / Universal","0","1870","2200","5"
"KS160140","8RKT COMP HEADLAMP FRONT","Engine","TVS / Universal","0","425","500","5"
"KS160150","ILLUMINATION ASSY","General Spare Parts","TVS / Universal","0","425","500","5"
"KS160170","SIDE STAND SWITCH","Electrical","TVS / Universal","0","748","880","5"
"KS160220","STARTER RELAY WITH CUT-0","General Spare Parts","TVS / Universal","0","3918.5","4610","5"
"KS160230","THROTTLE SWITCH","Electrical","TVS / Universal","0","2176","2560","5"
"KS160250","SENSOR UNIT TANK","Electrical","TVS / Universal","0","3646.5","4290","5"
"KS160260","WIRING HARNESS OC","General Spare Parts","TVS / Universal","0","8109","9540","5"
"KS160280","SOLENOID","General Spare Parts","TVS / Universal","0","3332","3920","5"
"KS160310","CORD SET","General Spare Parts","TVS / Universal","0","2456.5","2890","5"
"KS160380","SWITCH HORN","Electrical","TVS / Universal","0","1309","1540","5"
"KS160390","SWITCH STARTER","Electrical","TVS / Universal","0","773.5","910","5"
"60420","LENS REAR COMBINATION LAMP (ACT)","Electrical","TVS / Universal","0","1683","1980","5"
"KS160430","HOLDER SET RC LAMP","Electrical","TVS / Universal","0","1300.5","1530","5"
"KS160450","BULB TSL 12V low - BAU Iss (AMBER) (AIT)","Electrical","TVS / Universal","0","425","500","5"
"KS160470","LENS TURN SIGNAL FR LH","General Spare Parts","TVS / Universal","0","595","700","5"
"KS160480","LENS TURN SIGNAL DAMP FR RH","General Spare Parts","TVS / Universal","0","425","500","5"
"60500","BULB HOLDER HEAD LAMP","Engine","TVS / Universal","0","425","500","5"
"KS160520","PARKING BULB CITY LAM","Electrical","TVS / Universal","0","425","500","5"
"KS160550","HEADLAMP ASSY-EUROPE","Engine","TVS / Universal","0","2847.5","3350","5"
"KS160670","FUEL SENDER UNIT","General Spare Parts","TVS / Universal","0","3986.5","4690","5"
"KS160680","PROP STAND SWITCH","Electrical","TVS / Universal","0","654.5","770","5"
"60690","STARTER RELAY","General Spare Parts","TVS / Universal","0","2218.5","2610","5"
"KS160700","WIRING HARNESS","General Spare Parts","TVS / Universal","0","8415","9900","5"
"KS160710","SENSOR LEAD WIRE","Electrical","TVS / Universal","0","425","500","5"
"KS160750","BULB RC LAMP","Electrical","TVS / Universal","0","425","500","5"
"KS160770","CORD SET-EUROPE","General Spare Parts","TVS / Universal","0","3017.5","3550","5"
"KS160800","SWITCH LIGHTING","Electrical","TVS / Universal","0","909.5","1070","5"
"KS160820","SWITCH PROP STAND","Electrical","TVS / Universal","0","765","900","5"
"KS160920","ILLUMINATING RING","General Spare Parts","TVS / Universal","0","425","500","5"
"KS160970","WIRING HARNESS","General Spare Parts","TVS / Universal","0","10582.5","12450","5"
"60980","UTILITY BOX LIGHT","General Spare Parts","TVS / Universal","0","2295","2700","5"
"KS160990","SOCKET MOBILE CHARGER","General Spare Parts","TVS / Universal","0","4760","5600","5"
"KS161010","WIRING HARNESS EXPORT-EUROPE","General Spare Parts","TVS / Universal","0","10625","12500","5"
"KS161030","TAIL ASSY WITH AMBER BULB FOR","Electrical","TVS / Universal","0","7548","8880","5"
"KS161040","LENS TAIL DAMP - PEP REF","General Spare Parts","TVS / Universal","0","1887","2220","5"
"61060","IGNITION LOCK ASSY","General Spare Parts","TVS / Universal","0","4709","5540","5"
"KS161080","WIRING HARNESS NEW -PEP* (COMB)","General Spare Parts","TVS / Universal","0","9214","10840","5"
"KS161120","UTILITY BOX LIGHT","General Spare Parts","TVS / Universal","0","2278","2680","5"
"KS161150","WIRING HARNESS NEW PEP*","General Spare Parts","TVS / Universal","0","12597","14820","5"
"KS161160","HEADLAMP ASSY NP055- STREAK","Engine","TVS / Universal","0","9324.5","10970","5"
"KS161170","TAIL ASSY-STREAK","General Spare Parts","TVS / Universal","0","13234.5","15570","5"
"KS161180","OUTER LENS TAIL LAMP N55- STREAK","Electrical","TVS / Universal","0","2635","3100","5"
"KS161190","TURN SIGNAL L-H STREAK","General Spare Parts","TVS / Universal","0","3799.5","4470","5"
"KS161200","TURN SIGNAL R-H STREAK","General Spare Parts","TVS / Universal","0","4114","4840","5"
"KS161240","WIRING HARNESS . STREAK","General Spare Parts","TVS / Universal","0","16949","19940","5"
"KS161250","CORD SET SWITCH-STREAK","Electrical","TVS / Universal","0","3944","4640","5"
"KS161270","CORD SET TAIL LAMP- STREAK","Electrical","TVS / Universal","0","1691.5","1990","5"
"KS161280","CORD SET SPEEDOMETER-STREAK","General Spare Parts","TVS / Universal","0","3714.5","4370","5"
"KS161290","CORD SET TURN SIGNAL FL STREAK","General Spare Parts","TVS / Universal","0","867","1020","5"
"KS161300","CORD SET TURN SIGNAL FR-STREAK (ALTI","General Spare Parts","TVS / Universal","0","1071","1260","5"
"KS161320","FUEL TANK SENDER UNIT-STREAK","General Spare Parts","TVS / Universal","0","2567","3020","5"
"KS161410","BULB HOLDER HEADLAMP-STREAK","Engine","TVS / Universal","0","2227","2620","5"
"KS161420","INNER LENS TAIL LAMP N55-STREAK","Electrical","TVS / Universal","0","1334.5","1570","5"
"KS161430","LICENCE LAMP ASSY N55-STREAK","Electrical","TVS / Universal","0","1428","1680","5"
"KS161490","CORD SET POSITION LAMP REAR -STREAK","Electrical","TVS / Universal","0","425","500","5"
"KS161500","CORD SET LAMP LIC PLATE _-STREAK","Electrical","TVS / Universal","0","603.5","710","5"
"KS161510","BULB POSITIONLAMP _","Electrical","TVS / Universal","0","425","500","5"
"KS161710","WIRING HARNESS ASSY-SCOOTY + NEW","General Spare Parts","TVS / Universal","0","15461.5","18190","5"
"KS161760","WIRING HARNESS","General Spare Parts","TVS / Universal","0","12478","14680","5"
"KS161790","DRL CONTROL UNIT","General Spare Parts","TVS / Universal","0","756.5","890","5"
"KS161800","CORD SET SWITCH-SCOOTY PEP* NEWBSIV","Electrical","TVS / Universal","0","2448","2880","5"
"KS161840","SWITCH LIGHTING","Electrical","TVS / Universal","0","1037","1220","5"
"KS170010","PLATE CABLE STOPPER","Electrical","TVS / Universal","0","425","500","5"
"KS170020","CABLE ASSY BRAKE REAR","Brakes","TVS / Universal","0","1343","1580","5"
"KS170020S","CABLE ASSY BRAKE REAR","Brakes","TVS / Universal","0","909.5","1070","5"
"KS170030","CABLE ASSY BRAKE FRONT 1,","Brakes","TVS / Universal","0","425","500","5"
"KS170030S","CABLE ASSY BRAKE FRONT","Brakes","TVS / Universal","0","425","500","5"
"KS170040","CABLE ASSY SPEEDOMETER","Electrical","TVS / Universal","0","680","800","5"
"KS170040S","CABLE ASSY SPEEDOMETER","Electrical","TVS / Universal","0","425","500","5"
"KS170050","CABLE ASSY THROTTLE","Electrical","TVS / Universal","0","2932.5","3450","5"
"KS170050S","CABLE ASSY THROTTLE","Electrical","TVS / Universal","0","425","500","5"
"KS170060","CABLE GUIDE","Electrical","TVS / Universal","0","425","500","5"
"KS170070","CABLE ASSY SEAT LOCK","Electrical","TVS / Universal","0","425","500","5"
"KS170070S","CABLE ASSY SEAT LOCK","Electrical","TVS / Universal","0","425","500","5"
"KS170080","SPEEDO CABLE INNER - scooTY PE","Electrical","TVS / Universal","0","382.5","450","5"
"KS170080S","SPEEDO CABLE INNER - scooTY PE","Electrical","TVS / Universal","0","425","500","5"
"KS170110","CABLE ASSY THROTTLE 1,","Electrical","TVS / Universal","0","501.5","590","5"
"KS170120","CABLE ASSY BRAKE REAR","Brakes","TVS / Universal","0","2363","2780","5"
"KS180000","ENGINE ASSY scooTY PEP 75CC","Engine","TVS / Universal","0","349282","410920","5"
"KS180280","FAN","General Spare Parts","TVS / Universal","0","1538.5","1810","5"
"KS180330","COVER FAN","General Spare Parts","TVS / Universal","0","425","500","5"
"KS180340","DEFLECTOR COWL","General Spare Parts","TVS / Universal","0","1054","1240","5"
"KS212000","LOCK SET BASIC-STREAK","General Spare Parts","TVS / Universal","0","8661.5","10190","5"
"KS212600","TAPESET H .aLK_-STREAK (ALTI","General Spare Parts","TVS / Universal","0","5652.5","6650","5"
"KS212660","TAPESET PINK-STREAK","General Spare Parts","TVS / Universal","0","5652.5","6650","5"
"KS2203400C","HOUSING HEAD LAMP FR+TAPESET SILVER","Engine","TVS / Universal","0","5593","6580","5"
"KS2203402H","HSG HEADLAMP FR. RED. STREAK","Engine","TVS / Universal","0","5431.5","6390","5"
"KS2203402HA","HOUSING HEAD LAMP FR+TAPESET AP RED","Engine","TVS / Universal","0","5593","6580","5"
"KS2203403H","HSG HEADLAMP FR. PINK- STREAK","Engine","TVS / Universal","0","5100","6000","5"
"KS2203403HA","HOUSING HEAD LAMP FR+TAPESET PINK","Engine","TVS / Universal","0","4607","5420","5"
"KS2203404H","HSG HEADLAMP FR+TAPESET -STREAK","Engine","TVS / Universal","0","4845","5700","5"
"KS2203404HA","HOUSING HEAD LAMP FR+TAPESET MAUVE","Engine","TVS / Universal","0","5491","6460","5"
"KS220340AG","HOUSING HEAD LAMP FR+TAPESET ORANGE","Engine","TVS / Universal","0","5491","6460","5"
"KS220340EL","HOUSING HEAD LAMP FR+TAPESET GREEN","Engine","TVS / Universal","0","5593","6580","5"
"KS2203700C","PANEL TOP FRONT+TAPESET SILVER REF","General Spare Parts","TVS / Universal","0","4148","4880","5"
"KS2203702H","PANEL TOP FRONT+TAPESET AP RED REF","General Spare Parts","TVS / Universal","0","4037.5","4750","5"
"KS2203703H","PANEL TOP FRONT+TAPESET CLASSIC PIN","General Spare Parts","TVS / Universal","0","1156","1360","5"
"KS2203704H","PANEL TOP FRONT MAUVE REF","General Spare Parts","TVS / Universal","0","807.5","950","5"
"KS220370AG","PANEL TOP FRONT ORANGE REF","General Spare Parts","TVS / Universal","0","4148","4880","5"
"KS220370C","PANEL FRONT TOP. SIL STREAK","General Spare Parts","TVS / Universal","0","2252.5","2650","5"
"KS220370EL","PANEL TOP FRONT+TAPESET GREEN","General Spare Parts","TVS / Universal","0","3459.5","4070","5"
"KS2203800C","PANEL FRONT+TAPESET SILVER REF","General Spare Parts","TVS / Universal","0","14305.5","16830","5"
"KS2203802H","PANEL FRONT RED STREAK","General Spare Parts","TVS / Universal","0","9061","10660","5"
"KS2203802HA","PANEL FRONT+TAPESET AP RED REF","General Spare Parts","TVS / Universal","0","14305.5","16830","5"
"KS2203803H","PANEL FRONT+TAPESET PINK-STREAK","General Spare Parts","TVS / Universal","0","9061","10660","5"
"KS2203803HA","PANEL FRONT+TAPESET CLASSIC PINK RE","General Spare Parts","TVS / Universal","0","13787","16220","5"
"KS2203804H","PANEL FRONT+TAPESET MAUVE-STREAK","General Spare Parts","TVS / Universal","0","8610.5","10130","5"
"KS2203804HA","PANEL FRONT+TAPESET MAUVE REF","General Spare Parts","TVS / Universal","0","13787","16220","5"
"KS220380AG","PANEL FRONT+TAPESET ORANGE REF","General Spare Parts","TVS / Universal","0","15062","17720","5"
"KS220380EL","PANEL FRONT+TAPESET GREEN REF","General Spare Parts","TVS / Universal","0","14305.5","16830","5"
"KS2203900C","PANEL BOT FRONT+TAPESET SILVER REF","General Spare Parts","TVS / Universal","0","13787","16220","5"
"KS2203902H","PANEL BOT FRONT+TAPESET AP RED REF","General Spare Parts","TVS / Universal","0","13787","16220","5"
"KS2203903H","PANEL BOT FRONT+TAPESET CLASSIC PIN","General Spare Parts","TVS / Universal","0","13370.5","15730","5"
"KS2203904H","PANEL BOT FRONT+TAPESET MAUVE REF","General Spare Parts","TVS / Universal","0","13787","16220","5"
"KS220390C","PANEL BOTTOM FRONT SIL GREY STREAK","General Spare Parts","TVS / Universal","0","425","500","5"
"KS220390EL","PANEL BOT FRONT+TAPESET GREEN REF","General Spare Parts","TVS / Universal","0","15062","17720","5"
"KS22039GAG","PANEL BOT FRONT ORANGE REF","General Spare Parts","TVS / Universal","0","13787","16220","5"
"KS2204200C","SIDE PANEL TOP L+TAPESET SILVER RE","General Spare Parts","TVS / Universal","0","3527.5","4150","5"
"KS2204202H","SIDE PANEL TOP LB. RED- STREAK","General Spare Parts","TVS / Universal","0","7947.5","9350","5"
"KS2204202HA","SIDE PANEL TOP L+TAPESET AP RED REF","General Spare Parts","TVS / Universal","0","11585.5","13630","5"
"KS2204203H","SIDE PANEL TOP LB. PINK- STREAK","General Spare Parts","TVS / Universal","0","7199.5","8470","5"
"KS2204203HA","SIDE PANEL TOP L+TAPESET CLASSIC Pl","General Spare Parts","TVS / Universal","0","1810.5","2130","5"
"KS2204204H","SIDE PANEL TOP L+TAPESET -STREAK","General Spare Parts","TVS / Universal","0","2235.5","2630","5"
"KS2204204HA","SIDE PANEL TOP L+TAPESET MAUVE REF","General Spare Parts","TVS / Universal","0","11585.5","13630","5"
"KS220420AG","SIDE PANEL TOP L+TAPESET ORANGE REF","General Spare Parts","TVS / Universal","0","3043","3580","5"
"KS220420EL","SIDE PANEL TOP L+TAPESET GREEN REF","General Spare Parts","TVS / Universal","0","3187.5","3750","5"
"KS2204300C","SIDE PANEL TOP R+TAPESET SILVER REF","General Spare Parts","TVS / Universal","0","12648","14880","5"
"KS2204302H","SIDE PANEL TOP RED STREAK","General Spare Parts","TVS / Universal","0","7947.5","9350","5"
"KS2204302HA","SIDE PANEL TOP R+TAPESET AP RED REF 5","General Spare Parts","TVS / Universal","0","408","480","5"
"KS2204303H","SIDE PANEL TOP PINK- STREAK","General Spare Parts","TVS / Universal","0","3051.5","3590","5"
"KS2204303HA","SIDE PANEL TOP R+TAPESET CLASSIC Pl","General Spare Parts","TVS / Universal","0","4768.5","5610","5"
"KS2204304H","SIDE PANEL TOP R+TAPESET _STREAK","General Spare Parts","TVS / Universal","0","2524.5","2970","5"
"KS2204304HA","SIDE PANEL TOP R+TAPESET MAUVE REF","General Spare Parts","TVS / Universal","0","2992","3520","5"
"KS220430AG","SIDE PANEL TOP R+TAPESET ORANGE REF","General Spare Parts","TVS / Universal","0","11585.5","13630","5"
"KS220430EL","SIDE PANEL TOP R+TAPESET GREEN REF","General Spare Parts","TVS / Universal","0","3196","3760","5"
"KS220440C","SIDE PANEL 80T L SIL GREY-STREAK","General Spare Parts","TVS / Universal","0","1028.5","1210","5"
"KS220450C","SIDE PANEL 80T RH_ SIL GREY- STREA","General Spare Parts","TVS / Universal","0","1054","1240","5"
"KS220600C","SIDE PANEL 80T RR L H. GREY- STREAK","General Spare Parts","TVS / Universal","0","1615","1900","5"
"KS220610C","SIDE PANEL RR R H. GREY- STREAK 1,","General Spare Parts","TVS / Universal","0","425","500","5"
"KS2206402H","MIRROR ASSY L H. RED- STREAK","General Spare Parts","TVS / Universal","0","5100","6000","5"
"KS2206403H","MIRROR ASSY L H. PINK- STREAK","General Spare Parts","TVS / Universal","0","5100","6000","5"
"KS2206404H","MIRROR ASSY L NP_055 MAUVE-STREAK","General Spare Parts","TVS / Universal","0","5100","6000","5"
"KS2206502H","MIRROR ASSY R H. RED- STREAK","General Spare Parts","TVS / Universal","0","4105.5","4830","5"
"KS2206503H","MIRROR ASSY R NP_055 C.PINK-STREAK","General Spare Parts","TVS / Universal","0","5295.5","6230","5"
"KS2206504H","MIRROR ASSY R NP_055 MAUVE-STREAK","General Spare Parts","TVS / Universal","0","5567.5","6550","5"
"KS223620CA","PANEL FRONT TOP* LOGO TVS SAF BLUE","General Spare Parts","TVS / Universal","0","2890","3400","5"
"KS223650GH","HOUSING HEADLAMP FRONT RC PINK","Engine","TVS / Universal","0","1963.5","2310","5"
"KS223650AL","HOUSING HEADLAMP FRONT TOP FROST","Engine","TVS / Universal","0","1972","2320","5"
"KS300010","BAFFLE UTILITY SOX","General Spare Parts","TVS / Universal","0","425","500","5"
"KS300020","DIVIDER UTILITY BOX","General Spare Parts","TVS / Universal","0","425","500","5"
"KS300030","SEAT LOCK","General Spare Parts","TVS / Universal","0","425","500","5"
"KS310020","HOLDER PRIMARY SHEAVE","General Spare Parts","TVS / Universal","0","425","500","5"
"KS310030","ADOPTER CLUTCH TOOL","General Spare Parts","TVS / Universal","0","2788","3280","5"
"KS310040","HOLDER CLUTCH","General Spare Parts","TVS / Universal","0","4360.5","5130","5"
"KS310060","TOOL FORK LEG REMOVAL","General Spare Parts","TVS / Universal","0","8687","10220","5"
"KS310070","TOOL FORK LEG PISTON REMOVAL 1,","Engine","TVS / Universal","0","561","660","5"
"KS310080","TOOL CONE BOTTOM PRESSING","General Spare Parts","TVS / Universal","0","4369","5140","5"
"KS310090","ASSY. TOOL OIL SEAL FORK LEG","Oils & Fluids","TVS / Universal","0","4012","4720","5"
"KS310100","Sox SPANNER 16","General Spare Parts","TVS / Universal","0","816","960","5"
"KS310120","STEERING NUT ADJUSTER","General Spare Parts","TVS / Universal","0","5346.5","6290","5"
"KS310130","TOOL NUT CLUTCH SHOE","Brakes","TVS / Universal","0","4420","5200","5"
"KS310140","GUIDE BUSH STEERING cups","General Spare Parts","TVS / Universal","0","5559","6540","5"
"KS310150","TOOL FRONT FORK LEG DIS-ASSY","General Spare Parts","TVS / Universal","0","17697","20820","5"
"KS310260","GASKET KIT ENGINE PEP+/STREAK","Engine","TVS / Universal","0","3204.5","3770","5"
"KS320020","PISTON KIT - STD","Engine","TVS / Universal","0","4352","5120","5"
"KS320030","CYLINDER & PISTON KIT -PEP 75cc","Engine","TVS / Universal","0","14127","16620","5"
"KS320040","PISTON KIT - I O/S","Engine","TVS / Universal","0","5610","6600","5"
"KS320050","PISTON KIT - II O/S","Engine","TVS / Universal","0","1079.5","1270","5"
"KS320060","RING SET PISTON STD","Engine","TVS / Universal","0","782","920","5"
"KS320070","RING SET PISTON I O/S","Engine","TVS / Universal","0","1989","2340","5"
"KS320080","RING SET PISTON II O/S","Engine","TVS / Universal","0","425","500","5"
"KS320090","CYLINDER HEAD ASSY (KIT)","Engine","TVS / Universal","0","39601.5","46590","5"
"KS320100","KIT MOVABLE DRIVE ASSY","General Spare Parts","TVS / Universal","0","4896","5760","5"
"KS320110","STEERING CONE KIT","General Spare Parts","TVS / Universal","0","3638","4280","5"
"KS320120","KIT CRANK CASE","Engine","TVS / Universal","0","46333.5","54510","5"
"KS320130","OIL SEAL KIT ENGINE PEP+/STREAK","Oils & Fluids","TVS / Universal","0","2431","2860","5"
"KS320140","KIT SPACER & PIN MOVABLE DRIVEN","General Spare Parts","TVS / Universal","0","425","500","5"
"KS320250","MIXING CAP","General Spare Parts","TVS / Universal","0","1827.5","2150","5"
"KS320260","GASKET","Engine","TVS / Universal","0","425","500","5"
"KS320270","CAP GROMMET","General Spare Parts","TVS / Universal","0","425","500","5"
"KS320280","SPRING PISTON VALVE","Engine","TVS / Universal","0","425","500","5"
"KS320290","PISTON VALVE","Engine","TVS / Universal","0","3272.5","3850","5"
"KS320300","O RING FLANGE","General Spare Parts","TVS / Universal","0","425","500","5"
"KS320310","PIN FLOAT","General Spare Parts","TVS / Universal","0","425","500","5"
"KS320320","NEEDLE ASSY","General Spare Parts","TVS / Universal","0","3476.5","4090","5"
"KS320330","FLOAT ASSY","General Spare Parts","TVS / Universal","0","1147.5","1350","5"
"KS320340","PILOT JET","General Spare Parts","TVS / Universal","0","3213","3780","5"
"KS320350","FLOAT BODY ASSY (A","General Spare Parts","TVS / Universal","0","2193","2580","5"
"KS320360","SEAL FLOAT BODY","General Spare Parts","TVS / Universal","0","425","500","5"
"KS320370","JET NEEDLE","General Spare Parts","TVS / Universal","0","2601","3060","5"
"KS320380","E RING JET NEEDLE","General Spare Parts","TVS / Universal","0","425","500","5"
"KS320390","CLIP JET NEEDLE","General Spare Parts","TVS / Universal","0","425","500","5"
"KS320400","SPRING IDLE ADJUSTER","General Spare Parts","TVS / Universal","0","425","500","5"
"KS320410","IDLE ADJUSTER","General Spare Parts","TVS / Universal","0","425","500","5"
"KS320420","MAIN JET","General Spare Parts","TVS / Universal","0","425","500","5"
"KS320430","JET HOLDER - SCOOT*' PEP","General Spare Parts","TVS / Universal","0","425","500","5"
"KS320440","NEEDLE JET (JET) - scooTY PEP","General Spare Parts","TVS / Universal","0","2737","3220","5"
"KS320450","O RING CHOKE ASSY","General Spare Parts","TVS / Universal","0","425","500","5"
"KS320460","SOLENOID CHOKE BODY","General Spare Parts","TVS / Universal","0","6698","7880","5"
"KS320470","SCREW CHOKE BODY","General Spare Parts","TVS / Universal","0","425","500","5"
"KS320490","O RING ADJUSTER","General Spare Parts","TVS / Universal","0","425","500","5"
"KS320500","WASHER AIR ADJUSTER","General Spare Parts","TVS / Universal","0","697","820","5"
"KS320510","SPRING AIR ADJUSTER","General Spare Parts","TVS / Universal","0","425","500","5"
"KS320520","AIR ADJUSTER","General Spare Parts","TVS / Universal","0","399.5","470","5"
"KS320530","SCREW FLOAT BODY","General Spare Parts","TVS / Universal","0","425","500","5"
"KS320540","OVER FLOW & AIR VENT HOSE","General Spare Parts","TVS / Universal","0","425","500","5"
"KS320550","O-RING KIT ENGINE PEP+/STREAK","Engine","TVS / Universal","0","1700","2000","5"
"KS320630","KIT CRANK CASE ASSY LH","Engine","TVS / Universal","0","30923","36380","5"
"KS320640","KIT CRANK CASE ASSY RH","Engine","TVS / Universal","0","14212","16720","5"
"KS320650","ASSEMBLY KIT FACE COMPLETE DRIVEN","General Spare Parts","TVS / Universal","0","5678","6680","5"
"KS320660","FUSE 7.5A WITH POUCH (ALTI","General Spare Parts","TVS / Universal","0","425","500","5"
"KS320670","FUSE IOA WITH POUCH (ALTI","General Spare Parts","TVS / Universal","0","425","500","5"
"KS320680","ASSY KIT COVER CYLINDER HEAD","Engine","TVS / Universal","0","2482","2920","5"
"KS320690","KIT THROTTLE GRIP","General Spare Parts","TVS / Universal","0","4054.5","4770","5"
"KS320700","KIT SPECIAL TOOL PEP","General Spare Parts","TVS / Universal","0","53218.5","62610","5"
"KS320740","COVER VARIATOR ASSY (ALTI","General Spare Parts","TVS / Universal","0","11772.5","13850","5"
"KS320850","FLOAT BODY ASSY NEW","General Spare Parts","TVS / Universal","0","2601","3060","5"
"KS320910","HEADLAMP -W/O BULB & HOLDR PEP & P","Engine","TVS / Universal","0","4802.5","5650","5"
"KS320960","COVER SPEEDOMETER - SCOOTY PEP","General Spare Parts","TVS / Universal","0","1972","2320","5"
"KS320970","WIRING HARNESS SPEEDO-PEP&P","General Spare Parts","TVS / Universal","0","3604","4240","5"
"KS321010","MUFFLER ASSY PEP (WITH GUARD ) -PEP (ALTI","General Spare Parts","TVS / Universal","0","38148","44880","5"
"KS321090","PISTON KIT STD PEP socc","Engine","TVS / Universal","0","5686.5","6690","5"
"KS321100","PISTON KIT I O/S PEP go CC","Engine","TVS / Universal","0","6026.5","7090","5"
"KS321110","PISTON KIT II O/S PEP gocc 9 ,","Engine","TVS / Universal","0","416.5","490","5"
"KS321120","CYLINDER & PISTON KIT STD - PEP+(ALT)","Engine","TVS / Universal","0","22202","26120","5"
"KS321150","KIT CRANK CASE ASSY RH PEP gocc","Engine","TVS / Universal","0","16728","19680","5"
"KS321160","KIT CRANK CASE ASSY LH PEP socc","Engine","TVS / Universal","0","42211","49660","5"
"KS321170","KIT CRANK CASE LH & RH- PEP socc","Engine","TVS / Universal","0","27676","32560","5"
"KS321180","CYLINDER HEAD ASSY PEP gocc (AIT)","Engine","TVS / Universal","0","45492","53520","5"
"KS321190","NEEDLE JET - PEP*","General Spare Parts","TVS / Universal","0","425","500","5"
"KS321200","MAIN JET - pEp+","General Spare Parts","TVS / Universal","0","646","760","5"
"KS321210","AXLE KIT -scooTY PEP","General Spare Parts","TVS / Universal","0","425","500","5"
"KS321250","MUFFLER ASSY (W TH GUARD ) -PEP+(ALT)","General Spare Parts","TVS / Universal","0","45407","53420","5"
"KS321260","COVER LH AIR CLEANER - PEP","Filters","TVS / Universal","0","1819","2140","5"
"KS321270","BULB HOLDER - scoop,' PEP","Electrical","TVS / Universal","0","425","500","5"
"KS321300","FLOAT BODY ASSY NEW","General Spare Parts","TVS / Universal","0","2218.5","2610","5"
"KS321340","WIRING HARNESS","General Spare Parts","TVS / Universal","0","15198","17880","5"
"KS321400","HEADLAMP W/O BULB NP.055.-STREAK","Engine","TVS / Universal","0","425","500","5"
"KS321420","SIGNAL LAMP W/O BULB FRONT R STREAK","Electrical","TVS / Universal","0","2686","3160","5"
"KS321430","LED CIRCUIT COMP","General Spare Parts","TVS / Universal","0","2762.5","3250","5"
"KS321450","TOP COVER SPEEDOMETER-STREAK","General Spare Parts","TVS / Universal","0","1666","1960","5"
"KS321460","SPRING FR FORK (STREAK)","General Spare Parts","TVS / Universal","0","1419.5","1670","5"
"KS321470","SPINDLE TAPER","General Spare Parts","TVS / Universal","0","748","880","5"
"KS321480","RING DAMPER PISTON","Engine","TVS / Universal","0","425","500","5"
"KS321490","SNAP RING FR FORK","General Spare Parts","TVS / Universal","0","425","500","5"
"KS321500","FLOAT BODY ASSW NEW - WEGO","General Spare Parts","TVS / Universal","0","1938","2280","5"
"KS321520","STATOR ASSY STREAK","Electrical","TVS / Universal","0","10574","12440","5"
"KS321530","ROTOR ASSY - WEGO","General Spare Parts","TVS / Universal","0","9324.5","10970","5"
"KS321550","PEDAL ASSY KICK STARTER KIT - WEGO (AIT)","General Spare Parts","TVS / Universal","0","1394","1640","5"
"KS321590","KIT MAJOR GASKET ENGINE","Engine","TVS / Universal","0","3714.5","4370","5"
"KS321640","KIT VALVE INL & EXH - PEP/PEP+/STRE","Engine","TVS / Universal","0","3604","4240","5"
"KS321720","ARMATURE ASSY UMP)-PEP/PEP+/STREAK","General Spare Parts","TVS / Universal","0","3884.5","4570","5"
"KS321730","CORD SET 80TH DOM & IMP-PEP/PEP+/ST","General Spare Parts","TVS / Universal","0","2193","2580","5"
"KS321760","YOKE ASSY (IMP)-PEP/PEP+/STREAK","General Spare Parts","TVS / Universal","0","3969.5","4670","5"
"KS321770","SEALING KIT (IMP)-PEP/PEP+/STREAK","General Spare Parts","TVS / Universal","0","1870","2200","5"
"KS321800","KIT CON ROD SCO PEP+/STRAK - YELLOW","General Spare Parts","TVS / Universal","0","2618","3080","5"
"KS321920","TOP COVER SPEEDOMETER-STREAK- PRES (ALT)","General Spare Parts","TVS / Universal","0","2159","2540","5"
"KS321940","KIT TENSIONER & GUIDE CAM CHAIN PEP","Brakes","TVS / Universal","0","2337.5","2750","5"
"KS321950","KIT FRONT FORK PEP/PEP+","General Spare Parts","TVS / Universal","0","2235.5","2630","5"
"KS321960","KIT FRONT FORK STREAK","General Spare Parts","TVS / Universal","0","4241.5","4990","5"
"KS321970","KIT KICK STARTER PEP/STREAK","General Spare Parts","TVS / Universal","0","3094","3640","5"
"KS321990","AIR SCREW -","General Spare Parts","TVS / Universal","0","416.5","490","5"
"KS322000","JET NEEDLE - PEP +","General Spare Parts","TVS / Universal","0","2762.5","3250","5"
"KS322010","PISTON VALVE - PEP +","Engine","TVS / Universal","0","425","500","5"
"KS322040","KIT CARBURETTOR -PILOT JET+AIR scRW","General Spare Parts","TVS / Universal","0","790.5","930","5"
"KS322110","WIRING HARNESS ASSY","General Spare Parts","TVS / Universal","0","2193","2580","5"
"KS322120","SEAL","General Spare Parts","TVS / Universal","0","1147.5","1350","5"
"KS322130","ARMATURE & BEARING ASSEMBLY","General Spare Parts","TVS / Universal","0","13175","15500","5"
"KS322160","BRUSH aox ASSEMBLY KIT","General Spare Parts","TVS / Universal","0","1989","2340","5"
"KS322180","KIT CYL BLOCK & PISTON 5100 CHROME (ALTI","Engine","TVS / Universal","0","18878.5","22210","5"
"KS322190","STATOR ASSY","Electrical","TVS / Universal","0","11007.5","12950","5"
"KS322200","ROTOR ASSY","General Spare Parts","TVS / Universal","0","9588","11280","5"
"KS322310","KITTOP+80TTOM COVER SPEEDOMETER ST","General Spare Parts","TVS / Universal","0","3816.5","4490","5"
"KS322350","MAIN JET 'JCAL","General Spare Parts","TVS / Universal","0","425","500","5"
"KS322360","AIR SCREW","General Spare Parts","TVS / Universal","0","425","500","5"
"KS322540","KIT CYL BLOCK & PISTON PEP+3ss","Engine","TVS / Universal","0","10149","11940","5"
"K4010100","PACKING SEAL, COVER CYLINDER","Engine","TVS / Universal","0","705.5","830","5"
"K4090020","TOGGLE LINK ASSY ZEST","General Spare Parts","TVS / Universal","0","6366.5","7490","5"
"K4090030","BUMP STOPPER TOGGLE ZEST","General Spare Parts","TVS / Universal","0","425","500","5"
"K4090060","ARRESTOR PLATE ZEST","General Spare Parts","TVS / Universal","0","425","500","5"
"K4090070","STOPPER TOGGLE LINK ZEST","General Spare Parts","TVS / Universal","0","425","500","5"
"K4090080","SHOCK ABSORBER ZEST","General Spare Parts","TVS / Universal","0","6290","7400","5"
"K4160080","CORD SET T SIGNAL LAMP ASSY F R ZES","Electrical","TVS / Universal","0","765","900","5"
"K4160300","WIRING HARNESS","General Spare Parts","TVS / Universal","0","13498","15880","5"
"K42200592F","HOUSING HEADLAMP FR PEARL WHITE ZES","Engine","TVS / Universal","0","5780","6800","5"
"K42200593H","HSG HEADLAMP FRONT CLASSIC PINK ZES","Engine","TVS / Universal","0","5669.5","6670","5"
"K42200594C","HSG HEADLAMP FRONT VOLCANO RED ZEST","Engine","TVS / Universal","0","5669.5","6670","5"
"K422005GSC","HSG HEADLAMP FRONT TURQ BLUE ZEST","Engine","TVS / Universal","0","5431.5","6390","5"
"K42201302F","PANEL FR + TAPESET PEARL WHITE ZEST","General Spare Parts","TVS / Universal","0","7072","8320","5"
"K42201303H","PANEL FRONT CLASSIC PINK ZEST","General Spare Parts","TVS / Universal","0","7471.5","8790","5"
"K42201304C","PANEL FR + TAPESET VOLCANO RED ZEST","General Spare Parts","TVS / Universal","0","425","500","5"
"K4220130SC","PANEL FRONT + TAPESET TURQ BLUE ZES","General Spare Parts","TVS / Universal","0","8755","10300","5"
"K42201600DA","PANEL FR 80T BLACK","General Spare Parts","TVS / Universal","0","17399.5","20470","5"
"K42201602F","PANEL FR 80T SET PEARL WHITE ZES (ALTI","General Spare Parts","TVS / Universal","0","10361.5","12190","5"
"K42201602FA","PANEL FR 80T PEARL WHITE WITH STICK","General Spare Parts","TVS / Universal","0","17399.5","20470","5"
"K42201603H","PANEL BOTTOM FRONT CLASSIC PINK ZES (ALTI","General Spare Parts","TVS / Universal","0","10361.5","12190","5"
"K42201603HA","PANEL FR 80T CLASSIC PINK WITH STI","General Spare Parts","TVS / Universal","0","17399.5","20470","5"
"K42201604C","PANEL FR 80T + TAPESET VOLC RED ZES (ALTI","General Spare Parts","TVS / Universal","0","10361.5","12190","5"
"K42201604CA","PANEL FR 80T VLCNO RED WITH STICKER","General Spare Parts","TVS / Universal","0","18130.5","21330","5"
"K4220160SC","PANEL FR 80T + T SET TURQ BLUE ZEST (ACT)","General Spare Parts","TVS / Universal","0","10361.5","12190","5"
"K4220160SCA","PANEL FR BOT TURQ BLUE WITH STICKER","General Spare Parts","TVS / Universal","0","17399.5","20470","5"
"K42201902F","SIDE TRIM FLR L + T SET P WHITE ZES","General Spare Parts","TVS / Universal","0","3281","3860","5"
"K42201903H","SIDE TRIM LH CLASSIC PINK ZEST","General Spare Parts","TVS / Universal","0","3536","4160","5"
"K42201904C","SIDE TRIM FLR L + T SET VOL RED ZES","General Spare Parts","TVS / Universal","0","3281","3860","5"
"K4220190SC","SIDE TRIM FLR L + T SET TURQ BL ZES","General Spare Parts","TVS / Universal","0","3536","4160","5"
"K42202002F","SIDE TRIM FLR R + T SET P WHITE ZES","General Spare Parts","TVS / Universal","0","4675","5500","5"
"K42202003H","SIDE TRIM RH CLASSIC PINK ZES","General Spare Parts","TVS / Universal","0","4607","5420","5"
"K42202004C","SIDE TRIM FLR R + T SET VOL RED ZES","General Spare Parts","TVS / Universal","0","4547.5","5350","5"
"K4220200SC","SIDE TRIM FLR R T SET TURQ ZES","General Spare Parts","TVS / Universal","0","4811","5660","5"
"K42202702F","SIDE PANEL L SET PEARL WHITE ZES","General Spare Parts","TVS / Universal","0","2116.5","2490","5"
"K42202703H","SIDE PANEL COMP LH CLASSIC PINK ZES","General Spare Parts","TVS / Universal","0","3578.5","4210","5"
"K42202704C","SIDE PANEL L + TAPESET VOLC RED ZES","General Spare Parts","TVS / Universal","0","7293","8580","5"
"K4220270SC","SIDE PANEL L + T SET TURQ BLUE ZEST","General Spare Parts","TVS / Universal","0","7361","8660","5"
"K42202802F","SIDE PANEL R SET PEARL WHITE ZES","General Spare Parts","TVS / Universal","0","2958","3480","5"
"K42202803H","SIDE PANEL COMP RH CLASSIC PINK ZES","General Spare Parts","TVS / Universal","0","8253.5","9710","5"
"K42202804C","SIDE PANEL R + TAPESET VOLC RED ZES","General Spare Parts","TVS / Universal","0","8253.5","9710","5"
"K4220280SC","SIDE PANEL R + T SET TURQ BLUE ZEST","General Spare Parts","TVS / Universal","0","425","500","5"
"K42203792C","PILLION HANDLE SIL MET ZES","General Spare Parts","TVS / Universal","0","3196","3760","5"
"K4220419DA","COVER SWITCH L MERCURY GREY ZEST","Electrical","TVS / Universal","0","875.5","1030","5"
"K4220429DA","COVER SWITCH R MERCURY GREY ZEST","Electrical","TVS / Universal","0","425","500","5"
"K42204502F","MIRROR ASSY L PEARL WHITE ZEST","General Spare Parts","TVS / Universal","0","5168","6080","5"
"K42204503H","MIRROR ASSY LH CLASSIC PINK ZEST","General Spare Parts","TVS / Universal","0","2448","2880","5"
"K42204504C","MIRROR ASSY L VOLCANO RED ZEST","General Spare Parts","TVS / Universal","0","5168","6080","5"
"K4220450SC","MIRROR ASSY L TURQ BLUE ZEST","General Spare Parts","TVS / Universal","0","2133.5","2510","5"
"K42204602F","MIRROR ASSY R PEARL WHITE ZEST","General Spare Parts","TVS / Universal","0","5644","6640","5"
"K42204603H","MIRROR ASSY RH CLASSIC PINK ZEST","General Spare Parts","TVS / Universal","0","5168","6080","5"
"K42204604C","MIRROR ASSY R VOLCANO RED ZEST","General Spare Parts","TVS / Universal","0","5168","6080","5"
"K4220460SC","MIRROR ASSY R TURQ BLUE ZEST 2,","General Spare Parts","TVS / Universal","0","501.5","590","5"
"K5050240","CATALYTIC CONVERTER COMP (OLD)","General Spare Parts","TVS / Universal","0","19550","23000","5"
"K5200010","CRR PAN HD TAP SCR ZNK","General Spare Parts","TVS / Universal","0","425","500","5"
"K601019G","ARM VALVE ROCKER","Engine","TVS / Universal","0","3850.5","4530","5"
"K6010200","ARM COMP ROCKER - PEP","General Spare Parts","TVS / Universal","0","5916","6960","5"
"K6010500","CYLINDER HEAD ASSY NP 015 - JUPITER","Engine","TVS / Universal","0","25559.5","30070","5"
"K6010540","TENTIONER CAM CHAIN WEGO","Brakes","TVS / Universal","0","909.5","1070","5"
"K6010550","GUIDE CAM CHAIN WEGO","Brakes","TVS / Universal","0","425","500","5"
"K6010560","CAMSHAFT COMP - WEGO","Brakes","TVS / Universal","0","11934","14040","5"
"K6010850","SPARK PLUG - JUPITER (ALTI","General Spare Parts","TVS / Universal","0","892.5","1050","5"
"K6010970","CAMSHAFT COMP","Brakes","TVS / Universal","0","8823","10380","5"
"K6011090","SPARK PLUG as4","General Spare Parts","TVS / Universal","0","416.5","490","5"
"GOI","1330 ADJUSTER ASSY TENSIONER","General Spare Parts","TVS / Universal","0","2108","2480","5"
"K6020030","CRANK SHAFT ASSY - WEGO","Engine","TVS / Universal","0","21182","24920","5"
"K6020220","PISTON ASSY 53 50- JUPITER","Engine","TVS / Universal","0","1428","1680","5"
"K6020270","PISTON ASSY STD BS4","Engine","TVS / Universal","0","6485.5","7630","5"
"K6020330","Piston Pin","Engine","TVS / Universal","0","909.5","1070","5"
"K6030140","GEAR CASE COMP MC - WEGO","General Spare Parts","TVS / Universal","0","3536","4160","5"
"K6030160","COVER VARIATOR ASSY - WEGO (ALTI","General Spare Parts","TVS / Universal","0","13889","16340","5"
"K60301607D","COVER VARIATOR TITAN GREY - JUPITER","General Spare Parts","TVS / Universal","0","9265","10900","5"
"K6030180","COVER OIL PUMP - WEGO","Oils & Fluids","TVS / Universal","0","3179","3740","5"
"K6030210","O RING COVER OIL PUMP - WEGO","Oils & Fluids","TVS / Universal","0","612","720","5"
"K6030230","COVER BREATHER WEGO","General Spare Parts","TVS / Universal","0","2261","2660","5"
"K6030250","BUSH CENTER STAND - WEGO","General Spare Parts","TVS / Universal","0","425","500","5"
"K6030350","PLUG, OIL HOLE","Oils & Fluids","TVS / Universal","0","425","500","5"
"K6030620","INLET CVT COOLING","General Spare Parts","TVS / Universal","0","425","500","5"
"K6030640","CRANKCASE","Engine","TVS / Universal","0","8457.5","9950","5"
"K6030650","GASKET SENSOR - WEGO REF","Engine","TVS / Universal","0","425","500","5"
"K6030810","CRANKCASE ASSY SC","Engine","TVS / Universal","0","22788.5","26810","5"
"K6030820","CRANKCASE ASSY SC R","Engine","TVS / Universal","0","14407.5","16950","5"
"K6030830","GEARCASE sua ASSY","General Spare Parts","TVS / Universal","0","8806","10360","5"
"K6040170","AIR CLEANER ASSY - WEGO","Filters","TVS / Universal","0","8304.5","9770","5"
"K6040190","FLAME RETARDER COMP - WEGO","General Spare Parts","TVS / Universal","0","425","500","5"
"K6040200","FOAM COMP WEGO","General Spare Parts","TVS / Universal","0","425","500","5"
"K6040210","SUPPORT FOAM - WEGO","General Spare Parts","TVS / Universal","0","425","500","5"
"K6040230","COVER AIR CLEANER - WEGO","Filters","TVS / Universal","0","425","500","5"
"K6040240","TUBE OUTLET - WEGO","General Spare Parts","TVS / Universal","0","425","500","5"
"K6040270","PIPE COMP INTAKE - WEGO","General Spare Parts","TVS / Universal","0","867","1020","5"
"K6040320","PIPE COMP AIR INJECTION","General Spare Parts","TVS / Universal","0","731","860","5"
"K6040340","HOSE SAI OUTLET","General Spare Parts","TVS / Universal","0","1759.5","2070","5"
"K6040350","AIR FILTER ASSY SAI - WEGO","Filters","TVS / Universal","0","1470.5","1730","5"
"K6040360","CASE FILTER AIR INJECTION WEGO","Filters","TVS / Universal","0","425","500","5"
"K6040380","FOAM AIR INJECTION-WEGO","General Spare Parts","TVS / Universal","0","425","500","5"
"K6040400","HOSE AIR CUT VALVE - WEGO","Engine","TVS / Universal","0","425","500","5"
"K6040410","TUBE INLET - WEGO","General Spare Parts","TVS / Universal","0","425","500","5"
"K6040420","SEAL AIR CLEANER - WEGO","Filters","TVS / Universal","0","425","500","5"
"K6040430","STICKER COMP AIR FILTER - WEGO","Filters","TVS / Universal","0","425","500","5"
"K6040440","CARBURETTOR ASSY WEGO REF (N15)","General Spare Parts","TVS / Universal","0","17034","20040","5"
"K6040460","CARBURETTOR ASSY - WEGO (ALTI","General Spare Parts","TVS / Universal","0","18751","22060","5"
"K6040470","HOSE BREATHER PCV WEGO","General Spare Parts","TVS / Universal","0","425","500","5"
"K6040480","INSULATOR PAD - WEGO","Brakes","TVS / Universal","0","425","500","5"
"K6040490","HOSE CRANKCASE BREATHER W EGO","Engine","TVS / Universal","0","425","500","5"
"K6040610","INSULATOR PAD - JUPITER","Brakes","TVS / Universal","0","382.5","450","5"
"K6040620","PIPE INTAKE COMP - JUPITER 1,","General Spare Parts","TVS / Universal","0","476","560","5"
"K6040640","CARBURETTOR ASSY - JUPITER","General Spare Parts","TVS / Universal","0","15113","17780","5"
"K6040660","AIR CLEANER ASSY - JUPITER","Filters","TVS / Universal","0","6783","7980","5"
"K6040680","SEAL AIR CLEANER - JUPITER","Filters","TVS / Universal","0","425","500","5"
"K6040690","FILTER HOLDER COMP - JUPITER","Filters","TVS / Universal","0","1334.5","1570","5"
"K6040700","COVER AIR CLEANER COMP - JUPITER","Filters","TVS / Universal","0","909.5","1070","5"
"K6040710","TUBE OUTLET - JUPITER","General Spare Parts","TVS / Universal","0","841.5","990","5"
"K6040730","SEAL AIR CLEANER 1 - JUPITER","Filters","TVS / Universal","0","425","500","5"
"K6040770","DRAIN HOSE - JUPITER","General Spare Parts","TVS / Universal","0","425","500","5"
"K6040900","HOSE BREATHER PCV COMP - JUPITER","General Spare Parts","TVS / Universal","0","1062.5","1250","5"
"K6040910","HOSE CRANKCASE BREATHER ZEST","Engine","TVS / Universal","0","425","500","5"
"K6040920","RESONATOR INTAKE - JUPITER","General Spare Parts","TVS / Universal","0","705.5","830","5"
"K6040950","PIPE INTAKE COMP","General Spare Parts","TVS / Universal","0","1.7","2","5"
"K6040960","INSULATOR PAD","Brakes","TVS / Universal","0","425","500","5"
"K6040970","GASKET CARBURETTOR","Engine","TVS / Universal","0","425","500","5"
"K6040980","CARBURETTOR JUPITER / WEGO BSIV","General Spare Parts","TVS / Universal","0","17739.5","20870","5"
"K6041210","CAP INJECTOR","General Spare Parts","TVS / Universal","0","425","500","5"
"K6041220","COVER INJECTOR","General Spare Parts","TVS / Universal","0","425","500","5"
"K6041350","CLAMP TUBE OUTLET","Electrical","TVS / Universal","0","425","500","5"
"K6041710","AIR CLEANER ASSY—.","Filters","TVS / Universal","0","425","500","5"
"K6050020","MUFFLER ASSEMBLY - WEGO","General Spare Parts","TVS / Universal","0","54493.5","64110","5"
"K6050030","MUFFLER COMP. - WEGO","General Spare Parts","TVS / Universal","0","42202.5","49650","5"
"K6050380","MUFFLER ASSY WITH GUARD - JUPITER (ALTI","General Spare Parts","TVS / Universal","0","42160","49600","5"
"K6050390","MUFFLER COMP - JUPITER (ALTI","General Spare Parts","TVS / Universal","0","34467.5","40550","5"
"K6050410","MUFFLER GUARD - JUPITER","General Spare Parts","TVS / Universal","0","425","500","5"
"K6050430","MUFFLER GUARD FRONT - JUPITER","General Spare Parts","TVS / Universal","0","425","500","5"
"K6050690","MUFFLER SUB ASSY 2 2","General Spare Parts","TVS / Universal","0","50881","59860","5"
"K6050700","MUFFLER SUB ASSY 2","General Spare Parts","TVS / Universal","0","37978","44680","5"
"K6050710","MUFFLER COMP 2 2","General Spare Parts","TVS / Universal","0","38105.5","44830","5"
"K6060120","IGNITION COIL - WEGO","Oils & Fluids","TVS / Universal","0","5448.5","6410","5"
"K6060200","STARTER MOTOR ASSY - JUPITER","General Spare Parts","TVS / Universal","0","13872","16320","5"
"K6060230","TCI UNIT - WEGO","General Spare Parts","TVS / Universal","0","11075.5","13030","5"
"K6060240","CORD SET MOTOR WEGO","General Spare Parts","TVS / Universal","0","2813.5","3310","5"
"K6060260","COMBINED IDI & IGNITION col","General Spare Parts","TVS / Universal","0","9800.5","11530","5"
"K6060340","MAGNETO ASSY - JUPITER","General Spare Parts","TVS / Universal","0","10650.5","12530","5"
"K6060360","TCI UNIT - JUPITER","General Spare Parts","TVS / Universal","0","7556.5","8890","5"
"K6060370","SPEED SENSOR - WEGO REF","Electrical","TVS / Universal","0","4760","5600","5"
"K6060440","COMBINED IDI & IGNITION col","General Spare Parts","TVS / Universal","0","18045.5","21230","5"
"K6060500","EFI INJECTOR","General Spare Parts","TVS / Universal","0","8891","10460","5"
"K6060520","VALVE CANISTER PURGE","Engine","TVS / Universal","0","1929.5","2270","5"
"K6060580","CORD SET EARTH","General Spare Parts","TVS / Universal","0","425","500","5"
"K6070300","CLUTCH ASSY - WEGO","General Spare Parts","TVS / Universal","0","5040.5","5930","5"
"K6070310","HOUSING COMP CLUTCH WEGO","General Spare Parts","TVS / Universal","0","7080.5","8330","5"
"K6070320","NUT CLUTCH SHOE WEGO","Brakes","TVS / Universal","0","425","500","5"
"K6070330","PLATE COMP. CLUTCH DRIVE WEGO","General Spare Parts","TVS / Universal","0","2091","2460","5"
"K6070340","CLUTCH SHOE","Brakes","TVS / Universal","0","7633","8980","5"
"K6070350","SPRING CLUTCH WEGO","General Spare Parts","TVS / Universal","0","425","500","5"
"K6070360","WASHER CLUTCH HUB WEGO","General Spare Parts","TVS / Universal","0","425","500","5"
"K6070370","DAMPER PRIM DRIVEN GEAR WEGO","General Spare Parts","TVS / Universal","0","425","500","5"
"K6070620","CVT SET DRIVE","General Spare Parts","TVS / Universal","0","7667","9020","5"
"K6070630","ROLLER MOVABLE DRIVE COMP","General Spare Parts","TVS / Universal","0","425","500","5"
"K6070650","CVT SET DRIVEN","General Spare Parts","TVS / Universal","0","31849.5","37470","5"
"K6080310","ROLLER COMP MOVABLE DRIVE - WEGO","General Spare Parts","TVS / Universal","0","425","500","5"
"K6080370","FACE COMP FIXED DRIVE - WEGO","General Spare Parts","TVS / Universal","0","2975","3500","5"
"K6080440","SHAFT INTERMEDIATE MC - WEGO","General Spare Parts","TVS / Universal","0","5627","6620","5"
"K6080450","GEAR INTER MEDIATE MC - WEGO","General Spare Parts","TVS / Universal","0","5363.5","6310","5"
"K6080460","SHAFT COMP. REAR WHEEL - WEGO","General Spare Parts","TVS / Universal","0","9265","10900","5"
"K6080600","SPACER PLATE DRIVE - WEGO","General Spare Parts","TVS / Universal","0","612","720","5"
"K6080750","GEAR COMP KICK STARTER DRIVE - WEG","General Spare Parts","TVS / Universal","0","2567","3020","5"
"K6080780","GEAR OIL PUMP DRIVE - WEGO","Oils & Fluids","TVS / Universal","0","909.5","1070","5"
"K6080800","COVER FAN - WEGO","General Spare Parts","TVS / Universal","0","603.5","710","5"
"K6080820","SPACER RATCHET NUT - WEGO","General Spare Parts","TVS / Universal","0","425","500","5"
"K6080870","BENDIX DRIVE- WEGO","General Spare Parts","TVS / Universal","0","5933","6980","5"
"K6080950","8RKT BENDIX MOUNTING COMP - WEGO","General Spare Parts","TVS / Universal","0","654.5","770","5"
"K6080990","O-RING 15.00 2.20 -WEGO","General Spare Parts","TVS / Universal","0","425","500","5"
"K6081020","GASKET COVER BREATHER - WEGO","Engine","TVS / Universal","0","425","500","5"
"K6081030","SPACER MOVABLE DRIVE 17.0 WEGO","General Spare Parts","TVS / Universal","0","816","960","5"
"K6081040","PLATE MOVABLE DRIVE WEGO 1,","General Spare Parts","TVS / Universal","0","246.5","290","5"
"K6081060","CVT DRIVEN ASSY - WEGO","General Spare Parts","TVS / Universal","0","29427","34620","5"
"K6081070","FACE FIXED DRIVEN ASSY WEGO","General Spare Parts","TVS / Universal","0","8245","9700","5"
"K6081080","FACE MOVABLE DRIVEN ASSY WEGO","General Spare Parts","TVS / Universal","0","4454","5240","5"
"K6081090","COLLAR SPRING WEGO","General Spare Parts","TVS / Universal","0","425","500","5"
"K6081100","O-RING 38_70 2.00 WEGO","General Spare Parts","TVS / Universal","0","425","500","5"
"K6081110","O-RING MOVABLE DRIVEN WEGO","General Spare Parts","TVS / Universal","0","425","500","5"
"K6081120","SPRING MOVABLE DRIVEN WEGO","General Spare Parts","TVS / Universal","0","1759.5","2070","5"
"K6081130","SHEET MOVABLE DRIVEN WEGO","General Spare Parts","TVS / Universal","0","654.5","770","5"
"K6081140","PIN- MOVABLE DRIVEN WEGO","General Spare Parts","TVS / Universal","0","425","500","5"
"K6081150","SPACER- PIN MOVABLE DRIVEN WEGO","General Spare Parts","TVS / Universal","0","425","500","5"
"K6081160","OIL SEAL MOVABLE DRIVEN WEGO","Oils & Fluids","TVS / Universal","0","782","920","5"
"K6081170","DAMPER MOVABLE DRIVE PLATE WEGO","General Spare Parts","TVS / Universal","0","425","500","5"
"K6081180","KICK STARTER LEVER - WEGO","General Spare Parts","TVS / Universal","0","2703","3180","5"
"K60811805D","LEVER KICK STARTER MATTE BLACK JUPI","General Spare Parts","TVS / Universal","0","1521.5","1790","5"
"K6081190","LEVER ASSY. KICK STARTER - WEGO (AIT)","General Spare Parts","TVS / Universal","0","3230","3800","5"
"K6081230","KICK STARTER ASSY - WEGO REF","General Spare Parts","TVS / Universal","0","25032.5","29450","5"
"K6081260","FACE FIXED DRIVE","General Spare Parts","TVS / Universal","0","2873","3380","5"
"K6081390","LEVER KICK STARTER ASSY - JUPITER","General Spare Parts","TVS / Universal","0","2533","2980","5"
"K6081400","FOAM CVT FILTER","Filters","TVS / Universal","0","425","500","5"
"K6081450","DISC ONE WAY CLUTCH","Brakes","TVS / Universal","0","5423","6380","5"
"K6081460","LOCK WASHER","General Spare Parts","TVS / Universal","0","425","500","5"
"K6081500","GAUGE OIL LEVEL","Oils & Fluids","TVS / Universal","0","425","500","5"
"K6081560","PEDAL LEVER","General Spare Parts","TVS / Universal","0","807.5","950","5"
"K6090510","BUMP STOPPER TOGGLE LINK - WEGO","General Spare Parts","TVS / Universal","0","773.5","910","5"
"K6090530","TOGGLE LINK ASSY - WEGO","General Spare Parts","TVS / Universal","0","5882","6920","5"
"K6090590","SPACER ASSY TOGGLE LINK - WEGO","General Spare Parts","TVS / Universal","0","425","500","5"
"K6090640","SHOCK ABSORBER L+R - WEGO","General Spare Parts","TVS / Universal","0","7055","8300","5"
"K6090680","SILENT acoc - WEGO","General Spare Parts","TVS / Universal","0","909.5","1070","5"
"K6090700","TOGGLE LINK ASSY","General Spare Parts","TVS / Universal","0","7378","8680","5"
"KEI","00030 LEG ASSY L - WEGO (ACT)","General Spare Parts","TVS / Universal","0","16889.5","19870","5"
"K61000307D","LEG ASSY FR FORK L TITAN GREY-W REF","General Spare Parts","TVS / Universal","0","19856","23360","5"
"K6100040","LEG ASSY R - WEGO (AIT)","General Spare Parts","TVS / Universal","0","16889.5","19870","5"
"K61000407D","LEG ASSY FR FORK R TITAN GREY-W REF","General Spare Parts","TVS / Universal","0","19856","23360","5"
"K6100050","FORK TUBE OUTER L - WEGO","General Spare Parts","TVS / Universal","0","425","500","5"
"K61000507D","FORK TUBE OUTER L TITAN GREY-W REF","General Spare Parts","TVS / Universal","0","8823","10380","5"
"K6100160","INNER TUBE ASSY - WEGO","General Spare Parts","TVS / Universal","0","6944.5","8170","5"
"K6100270","STEERING PIVOT COMP- WEGO","General Spare Parts","TVS / Universal","0","16158.5","19010","5"
"K6100710","FORK TUBE OUTER R - WEGO","General Spare Parts","TVS / Universal","0","8704","10240","5"
"K61007107D","FORK TUBE OUTER R TITAN GREY -W REF","General Spare Parts","TVS / Universal","0","10676","12560","5"
"K61008007D","FORK ASSY FRONT TITAN GREY-W REF","General Spare Parts","TVS / Universal","0","36677.5","43150","5"
"K6100810","LEG ASSY L 26 404.00 (ALTI","General Spare Parts","TVS / Universal","0","18411","21660","5"
"K61008107D","LEG ASSY FRONT FORK L - TITAN GREY 20,","General Spare Parts","TVS / Universal","0","595","700","5"
"K6100820","LEG ASSY R 26 404.00","General Spare Parts","TVS / Universal","0","18411","21660","5"
"K6100830","OUTER TUBE L - WEGO DISC","Brakes","TVS / Universal","0","11577","13620","5"
"K6100840","OUTER TUBE R - WEGO Disc","Brakes","TVS / Universal","0","7140","8400","5"
"K6100870","DAMPER PISTON FRONT FORK- WEGO DIS","Engine","TVS / Universal","0","425","500","5"
"K6100880","INNER TUBE FR FORK - WEGO DISC","Brakes","TVS / Universal","0","8296","9760","5"
"K6100890","LOWER BRKT COMP","General Spare Parts","TVS / Universal","0","15368","18080","5"
"K6100900","SPRING FR FORK - WEGO Disc","Brakes","TVS / Universal","0","425","500","5"
"K6100960","NUT FRONT FORK - WEGO Disc","Brakes","TVS / Universal","0","782","920","5"
"K6100980","FORK ASSY FRONT - JUPITER","General Spare Parts","TVS / Universal","0","33753.5","39710","5"
"K6100990","LEG ASSY LH 30 404.00 - JUPITER","General Spare Parts","TVS / Universal","0","12877.5","15150","5"
"K6101000","LEG ASSY RH 30 404.00 JUPITER","General Spare Parts","TVS / Universal","0","13438.5","15810","5"
"K6101010","FORK TUBE OUTER RH - JUPITER 8","General Spare Parts","TVS / Universal","0","408","480","5"
"K6101020","FORK TUBE OUTER LH - JUPITER","General Spare Parts","TVS / Universal","0","1955","2300","5"
"K6110050","TUBE 90/90-12 - WEGO","General Spare Parts","TVS / Universal","0","3187.5","3750","5"
"K6110060","TYRE FR/RR goxgo-12 WEGO","General Spare Parts","TVS / Universal","0","16447.5","19350","5"
"K6110480","PINION SPEEDO WEGO","General Spare Parts","TVS / Universal","0","595","700","5"
"K6110730","SPACER COMP FRONT HUB - WEGO","General Spare Parts","TVS / Universal","0","425","500","5"
"K6110800","LEVER COMP BRAKE REAR - WEGO","Brakes","TVS / Universal","0","731","860","5"
"K6110830","SPACER COMP FR AXLE - WEGO","General Spare Parts","TVS / Universal","0","382.5","450","5"
"K6110840","BRAKE CAM REAR - WEGO","Brakes","TVS / Universal","0","935","1100","5"
"K6110870","ALLOY WHEEL FRONT 185*12 -WEGO (AIT)","General Spare Parts","TVS / Universal","0","18147.5","21350","5"
"K61108705D","ALLOY WHEEL FRONT 185*12 - JUPITER","General Spare Parts","TVS / Universal","0","20145","23700","5"
"K6110880","ALLOY WHEEL REAR - WEGO (ACT)","General Spare Parts","TVS / Universal","0","23485.5","27630","5"
"K61108805D","ALLOY WHEEL REAR - JUPITER","General Spare Parts","TVS / Universal","0","23366.5","27490","5"
"K6110920","SEAL BRAKE PANEL 2 - WEGO","Brakes","TVS / Universal","0","425","500","5"
"K6110970","ALLOY WHEEL 12 9000 5 Disc FRON (ALTI","Brakes","TVS / Universal","0","7403.5","8710","5"
"K61109705D","ALLOY WHEEL DISC FRONT MATTE BLACK","Brakes","TVS / Universal","0","26520","31200","5"
"K6110980","CALIPER Disc BRAKE FR","Brakes","TVS / Universal","0","15716.5","18490","5"
"K6110990","HOSE DISC BRAKE FR","Brakes","TVS / Universal","0","5057.5","5950","5"
"K6111000","HUB DRIVE SPEEDO - WEGO Disc","Brakes","TVS / Universal","0","1989","2340","5"
"K6111030","CLAMP HOSE","Electrical","TVS / Universal","0","425","500","5"
"K6111050","BRAKE PANEL COMP FRONT WEGO","Brakes","TVS / Universal","0","1317.5","1550","5"
"K61110505D","BRAKE PANEL COM FR MATEE BLK JUPITE","Brakes","TVS / Universal","0","3451","4060","5"
"K6111070","HOSE DISC BRAKE FR","Brakes","TVS / Universal","0","4904.5","5770","5"
"K61112805D","BRAKE PANEL SUB ASS F MATTE BLK","Brakes","TVS / Universal","0","7633","8980","5"
"K6111290","SPACER COMP FR AXLE","General Spare Parts","TVS / Universal","0","892.5","1050","5"
"K6111310","BRAKE PANEL MC FRONT","Brakes","TVS / Universal","0","7055","8300","5"
"K6111320","BRAKE PANEL ASSY FR","Brakes","TVS / Universal","0","6069","7140","5"
"K6111330","LEVER CAM BRAKE","Brakes","TVS / Universal","0","425","500","5"
"K6111340","SPRING BRAKE RETURN DRUM","Brakes","TVS / Universal","0","425","500","5"
"K6111350","BRAKE ADJUSTER","Brakes","TVS / Universal","0","425","500","5"
"K6111390","SPRING BRAKE CABLE REAR","Brakes","TVS / Universal","0","425","500","5"
"K6111470","CALIPER Disc BRAKE ASSY.","Brakes","TVS / Universal","0","16354","19240","5"
"K6111510","BRAKE PANEL MC FRONT","Brakes","TVS / Universal","0","5380.5","6330","5"
"K6111650","ALLOYWHEEL FRONT 185 X 12 Disc TUB","Brakes","TVS / Universal","0","23111.5","27190","5"
"K6121040","CENTER STAND ASSY - WEGO","General Spare Parts","TVS / Universal","0","6655.5","7830","5"
"K6121090","PROP STAND COMP - WEGO","General Spare Parts","TVS / Universal","0","731","860","5"
"K6121470","CENTER STAND COMP - WEGO (AIT)","General Spare Parts","TVS / Universal","0","4802.5","5650","5"
"K6121480","FOOTREST ASSY PILLION - WEGO (ALTI","General Spare Parts","TVS / Universal","0","7463","8780","5"
"K61214807D","FOOTREST ASSY PILLION JUPITER/WEGO (ALTI","General Spare Parts","TVS / Universal","0","5185","6100","5"
"K6121490","FOOTREST COMP PILLION - WEGO","General Spare Parts","TVS / Universal","0","1496","1760","5"
"K6121720","HOOK STAND SPRING WEGO","General Spare Parts","TVS / Universal","0","425","500","5"
"K612204G","8RKT SIDE PANEL REAR L - WEGO","General Spare Parts","TVS / Universal","0","382.5","450","5"
"K612205G","8RKT SIDE PANEL REAR R - WEGO","General Spare Parts","TVS / Universal","0","425","500","5"
"K6122130","HOLDER ASSY. PILLION FOOTREST -WEG (ALTI","General Spare Parts","TVS / Universal","0","425","500","5"
"K6122160","BATTERY HOLDER WEGO","Electrical","TVS / Universal","0","1640.5","1930","5"
"K6122300","SPACER PILLION FOOTREST MTG - WEGO","General Spare Parts","TVS / Universal","0","425","500","5"
"K6122320","PILLION FOOTREST CAP - WEGO","General Spare Parts","TVS / Universal","0","425","500","5"
"K6122330","8RKT PILLION HANDLE COMP- WEGO","General Spare Parts","TVS / Universal","0","1054","1240","5"
"K6122340","TRAY BATTERY WEGO","Electrical","TVS / Universal","0","416.5","490","5"
"K6122650","PILLION FOOTREST R - WEGO","General Spare Parts","TVS / Universal","0","1105","1300","5"
"K6122660","PILLION FOOTREST L - WEGO","General Spare Parts","TVS / Universal","0","977.5","1150","5"
"K6122670","BATTERY HOLDER COMP MOD WEGO","Electrical","TVS / Universal","0","1394","1640","5"
"K6122760","FRAME COMP - JUPITER","General Spare Parts","TVS / Universal","0","33362.5","39250","5"
"K612276G","FRAME, SCOOTER COMP UNPAINTED-J","General Spare Parts","TVS / Universal","0","16056.5","18890","5"
"K6122820","BATTERY HOLDER R ZEST","Electrical","TVS / Universal","0","1037","1220","5"
"K6123300","CENTER STAND ASSY","General Spare Parts","TVS / Universal","0","8338.5","9810","5"
"K6123310","CENTER STAND COMP","General Spare Parts","TVS / Universal","0","4131","4860","5"
"K6123320","BATTERY HOLDER BOTTOM","Electrical","TVS / Universal","0","909.5","1070","5"
"K6123420","LEVER CENTER STAND COMP","General Spare Parts","TVS / Universal","0","1751","2060","5"
"K6130030","SEAT ASSY - WEGO","General Spare Parts","TVS / Universal","0","18904","22240","5"
"K6130040","SEAT BASE - WEGO","General Spare Parts","TVS / Universal","0","5873.5","6910","5"
"K6130050","SEAT FOAM","General Spare Parts","TVS / Universal","0","10038.5","11810","5"
"K6130070","COVER COMP SEAT - WEGO","General Spare Parts","TVS / Universal","0","4870.5","5730","5"
"K6130100","CUSHION SEAT REAR - WEGO","General Spare Parts","TVS / Universal","0","425","500","5"
"K6130120","SEAT BASE - JUPITER","General Spare Parts","TVS / Universal","0","1504.5","1770","5"
"K6130130","SEAT FOAM- JUPITER","General Spare Parts","TVS / Universal","0","2048.5","2410","5"
"K6130140","COVER COMP SEAT - JUPITER","General Spare Parts","TVS / Universal","0","2796.5","3290","5"
"K6130190","SEAT ASSY (AIT)","General Spare Parts","TVS / Universal","0","425","500","5"
"K6130220","SEAT ASSY","General Spare Parts","TVS / Universal","0","19040","22400","5"
"K6130230","COVER COMP SEAT","General Spare Parts","TVS / Universal","0","3893","4580","5"
"K6130290","SEAT ASSY-DUAL TONE BEIGE","General Spare Parts","TVS / Universal","0","18343","21580","5"
"30300","COVER COMP SEAT","General Spare Parts","TVS / Universal","0","4751.5","5590","5"
"K6130480","SEAT ASSY","General Spare Parts","TVS / Universal","0","13753","16180","5"
"K6130660","SEAT ASSY","General Spare Parts","TVS / Universal","0","17399.5","20470","5"
"K6130680","COVER COMP SEAT","General Spare Parts","TVS / Universal","0","3536","4160","5"
"K6140020","FUEL TANK COMP WEGO","General Spare Parts","TVS / Universal","0","18309","21540","5"
"K6140030","FUEL TANK COMP WEGO","General Spare Parts","TVS / Universal","0","7786","9160","5"
"K6140160","FUEL TANK CAP ASSY - WEGO","General Spare Parts","TVS / Universal","0","5185","6100","5"
"K61401608D","FUEL TANK CAP ASSY T GREY - JUPITER","General Spare Parts","TVS / Universal","0","3901.5","4590","5"
"K6140170","HOSE CARB","General Spare Parts","TVS / Universal","0","425","500","5"
"K6140180","HOSE VACUUM - WEGO","General Spare Parts","TVS / Universal","0","425","500","5"
"K6140290","FUEL TANK ASSY - JUPITER","General Spare Parts","TVS / Universal","0","6171","7260","5"
"K6140300","FUEL TANK COMP - JUPITER","General Spare Parts","TVS / Universal","0","5644","6640","5"
"K6140320","HOSE FUEL TANK - JUPITER","General Spare Parts","TVS / Universal","0","425","500","5"
"K6140400","FLANGE TOP FUEL PUMP MTG","General Spare Parts","TVS / Universal","0","620.5","730","5"
"K6140540","AUTO FUEL COCK ASSY","General Spare Parts","TVS / Universal","0","2524.5","2970","5"
"K6140690","FUEL PUMP MODULE","General Spare Parts","TVS / Universal","0","28568.5","33610","5"
"K6141180","INLET FUEL TANK ASSY","General Spare Parts","TVS / Universal","0","3519","4140","5"
"K6150020","HANDLE BAR COMP - WEGO","General Spare Parts","TVS / Universal","0","5797","6820","5"
"K6150060","CONTROL LEVER ASSEMBLY LH - WEGO","General Spare Parts","TVS / Universal","0","2414","2840","5"
"K6150070","8RKT LEVER LH - WEGO","General Spare Parts","TVS / Universal","0","612","720","5"
"K6150150","BRACKET LEVER RH - WEGO","General Spare Parts","TVS / Universal","0","425","500","5"
"K6150190","CONTROL LEVER ASSY L - JUPITER","General Spare Parts","TVS / Universal","0","3544.5","4170","5"
"K6150200","HOLDER CONTROL LVR PARKING JUPITER","Brakes","TVS / Universal","0","425","500","5"
"K6150210","LOCK STOPPER PARKING BRAKE COM JUPI","Brakes","TVS / Universal","0","425","500","5"
"50249","SPRING PARKING BRAKE- JUPITER","Brakes","TVS / Universal","0","425","500","5"
"K6150250","HINGE PARKING BRAKE ZEST","Brakes","TVS / Universal","0","425","500","5"
"K6150270","IGNITION LOCK - JUPITER","General Spare Parts","TVS / Universal","0","6069","7140","5"
"K6150280","HANDLE BAR COMP - JUPITER","General Spare Parts","TVS / Universal","0","3315","3900","5"
"K6150360","CAM SEAT LOCK - JUPITER","Brakes","TVS / Universal","0","425","500","5"
"K6150400","CONTROL LEVER ASSY L","General Spare Parts","TVS / Universal","0","425","500","5"
"K61504003C","CONTROL LEVER ASSY L BR SIL","General Spare Parts","TVS / Universal","0","3952.5","4650","5"
"K6150430","BRACKET LEVER L","General Spare Parts","TVS / Universal","0","1147.5","1350","5"
"K6150550","SUPPORT BRAKE LEVER","Brakes","TVS / Universal","0","425","500","5"
"K6150580","KIT BRAKE LEVER ASSY RR","Brakes","TVS / Universal","0","1827.5","2150","5"
"K6150650","DAMPER HANDLE BAR","General Spare Parts","TVS / Universal","0","773.5","910","5"
"K6150820","GRIP L","General Spare Parts","TVS / Universal","0","654.5","770","5"
"K6150830","GRIP COMP THROTTLE asvl","General Spare Parts","TVS / Universal","0","688.5","810","5"
"K6160120","HEADLAMP ASSY WEGO","Engine","TVS / Universal","0","7879.5","9270","5"
"K6160130","TAIL ASSY - WEGO","General Spare Parts","TVS / Universal","0","12665","14900","5"
"K6160140","TURN SIGNAL FRONT LH - WEGO","General Spare Parts","TVS / Universal","0","2669","3140","5"
"60150","TURN SIGNAL FRONT R - WEGO","General Spare Parts","TVS / Universal","0","2669","3140","5"
"60190","CORD SET RC LAMP - WEGO","Electrical","TVS / Universal","0","620.5","730","5"
"K6160220","CORD SET WEGO","General Spare Parts","TVS / Universal","0","425","500","5"
"K6160230","CORD SET SPEEDOMETER-WEGO","General Spare Parts","TVS / Universal","0","2609.5","3070","5"
"K6160310","CORD SET STARTER RELAY - WEGO Disc","Brakes","TVS / Universal","0","4590","5400","5"
"60320","CORD SET SWITCH WEGO","Electrical","TVS / Universal","0","3026","3560","5"
"60340","MAINTENANCE FREE BATTERY CHARGED WE","Electrical","TVS / Universal","0","13574.5","15970","5"
"K6160360","CORD SET TURN SIGNAL LAMP REAR - WE","Electrical","TVS / Universal","0","425","500","5"
"K6160400","SWITCH TURN SIGNAL LAMP - WEGO","Electrical","TVS / Universal","0","680","800","5"
"K6160430","WIRING HARNESS - JUPITER","General Spare Parts","TVS / Universal","0","10854.5","12770","5"
"K6160480","POSITION BULB WIRE ASSY - JUP","Electrical","TVS / Universal","0","425","500","5"
"K6160490","CORD SETTS LAMP ASS FL- UPIT","Electrical","TVS / Universal","0","425","500","5"
"K6160500","CORD SETT S LAMP ASS F R -JUPITER","Electrical","TVS / Universal","0","425","500","5"
"K6160510","CORD SET STARTER RELAY - JUPITER","General Spare Parts","TVS / Universal","0","1640.5","1930","5"
"60520","FUEL SENDER ASSY - JUPITER","General Spare Parts","TVS / Universal","0","1496","1760","5"
"K6160530","CORD SET SPEEDOMETER - JUPITER","General Spare Parts","TVS / Universal","0","1504.5","1770","5"
"K6160550","DIGITAL SPEEDOMETER ASSY - WEGO REF","General Spare Parts","TVS / Universal","0","24777.5","29150","5"
"K6160560","WIRING HARNESS ASSY - WEGO REF","General Spare Parts","TVS / Universal","0","16762","19720","5"
"K6160770","WIRING HARNESS ES as4","General Spare Parts","TVS / Universal","0","10718.5","12610","5"
"K6160790","WIRING HARNESS ES","General Spare Parts","TVS / Universal","0","11925.5","14030","5"
"K6160800","CABLE STRAP","Electrical","TVS / Universal","0","425","500","5"
"K6160810","MOBILE CHARGER","General Spare Parts","TVS / Universal","0","5015","5900","5"
"K6160890","CORD SET SWITCH","Electrical","TVS / Universal","0","2320.5","2730","5"
"K6161230","CORD SET DIAGNOST COUPLER","General Spare Parts","TVS / Universal","0","3315","3900","5"
"K6161320","UTILITY BOX LIGHT","General Spare Parts","TVS / Universal","0","1827.5","2150","5"
"K6161880","WIRING HARNESS PLUS","General Spare Parts","TVS / Universal","0","41267.5","48550","5"
"K6161900","CORD SET SWITCH","Electrical","TVS / Universal","0","1836","2160","5"
"K6162020","SWITCH TURN SIGNAL LAMP","Electrical","TVS / Universal","0","663","780","5"
"K6170010","CABLE ASSY FRONT BRAKE - WEGO","Brakes","TVS / Universal","0","425","500","5"
"K6170030","SPEEDO METER CABLE-WEGO","Electrical","TVS / Universal","0","1640.5","1930","5"
"K6170040","CABLE ASSY THROTTLE - WEGO","Electrical","TVS / Universal","0","425","500","5"
"K6170080","CABLE ASSY CHOKE - WEGO","Electrical","TVS / Universal","0","1496","1760","5"
"K6170120","CABLE SPEEDO ASSY WEGO (New)","Electrical","TVS / Universal","0","425","500","5"
"K6170130","CABLE GUIDE FRONT L - JUPITER","Electrical","TVS / Universal","0","425","500","5"
"K6170140","CABLE GUIDE FR TOP - JUPITER","Electrical","TVS / Universal","0","425","500","5"
"K6170150","CABLE FUEL TANK - WEGO/JUPITER","Electrical","TVS / Universal","0","425","500","5"
"K6170180","CABLE ASSY BRAKE REAR - JUPITER","Brakes","TVS / Universal","0","2473.5","2910","5"
"K6170190","CABLE THROTTLE ASSY - JUPITER","Electrical","TVS / Universal","0","425","500","5"
"K6170210","CABLE ASSY BRAKE FRONT L","Brakes","TVS / Universal","0","1980.5","2330","5"
"K6170220","CABLE ASSY BRAKE FRONT R","Brakes","TVS / Universal","0","1343","1580","5"
"K6180000","ENGINE ASSY-WEGO (AIT)","Engine","TVS / Universal","0","305379.5","359270","5"
"K6180090","HOUSING FAN - WEGO","General Spare Parts","TVS / Universal","0","2354.5","2770","5"
"K6180100","COVER FAN WEGO","General Spare Parts","TVS / Universal","0","646","760","5"
"K6180130","GROMMET TENTIONER ADJ - WEGO","General Spare Parts","TVS / Universal","0","425","500","5"
"K6180170","COVER CVT AIR OUTLET - WEGO","General Spare Parts","TVS / Universal","0","425","500","5"
"K6180220","BEADING DEFLECTOR COWL - WEGO","General Spare Parts","TVS / Universal","0","425","500","5"
"K622001GOG","HSG HEADLAMP FRONT METORANGE","Engine","TVS / Universal","0","5431.5","6390","5"
"K622001G1F","HOUSING HEADLAMP FR WHITE - WEGO","Engine","TVS / Universal","0","5593","6580","5"
"K62200192R","HOUSING HEADLAMP FR GOLD BEIGE WEGO","Engine","TVS / Universal","0","5397.5","6350","5"
"K62200194C","HOUSING HEADLAMP FR VOLCANO RED","Engine","TVS / Universal","0","5593","6580","5"
"K62200198H","HOUSING HEADLAMP FR BROWN WEGO","Engine","TVS / Universal","0","5593","6580","5"
"K622001GCD","HOUSING HEADLAMP FR DEEP SKY BLUE","Engine","TVS / Universal","0","5593","6580","5"
"K6220019DA","HOUSING HEAD LAMP FR MERCURY GREY","Engine","TVS / Universal","0","5593","6580","5"
"K6220019FL","HOUSING HEADLAMP FR ELECTRIC GREEN","Engine","TVS / Universal","0","5389","6340","5"
"K622007GOG","COVER FRONT SUNSET MET. ORANGE","General Spare Parts","TVS / Universal","0","5338","6280","5"
"K622007G1F","COVER FRONT WHITE WEGO","General Spare Parts","TVS / Universal","0","4717.5","5550","5"
"K62200792R","COVER FRONT GOLDEN BEIGE WEGO","General Spare Parts","TVS / Universal","0","5253","6180","5"
"K62200794C","COVER FRONT VOLCANO RED","General Spare Parts","TVS / Universal","0","4717.5","5550","5"
"K62200798H","COVER FRONT BROWN WEGO","General Spare Parts","TVS / Universal","0","4717.5","5550","5"
"K622007GCD","COVER FRONT DEEP SKY BLUE","General Spare Parts","TVS / Universal","0","4139.5","4870","5"
"K622007GOA","COVER FRONT MERCURY GREY","General Spare Parts","TVS / Universal","0","4360.5","5130","5"
"K62201500DA","SIDE PANEL COMP L+TAPESET UPG BLACK","General Spare Parts","TVS / Universal","0","3221.5","3790","5"
"K622015000C","SIDE PANELCOM TPST BLK+SKY BLUE","General Spare Parts","TVS / Universal","0","5907.5","6950","5"
"K62201500DD","SIDE PANEL COMP L + TAPESET BLACK","General Spare Parts","TVS / Universal","0","3986.5","4690","5"
"K62201500G","SIDE PANEL L COMP + TAPESET MET. OR","General Spare Parts","TVS / Universal","0","3850.5","4530","5"
"K62201501CA","SIDE PANEL COMP L + TAPESET SPR SIL","General Spare Parts","TVS / Universal","0","6077.5","7150","5"
"K62201501CD","SIDE PANEL COMP L + TAPESET SPRKNG","General Spare Parts","TVS / Universal","0","6443","7580","5"
"K62201501F","SIDE PANEL COMP L + TAPE WHITE WEG","General Spare Parts","TVS / Universal","0","3043","3580","5"
"K62201501FA","SIDE PANEL COMP L+TAPESET UPG WHITE","General Spare Parts","TVS / Universal","0","3315","3900","5"
"K62201502R","SIDE PANEL COMP L+TAPE GOLDEN WEGO","General Spare Parts","TVS / Universal","0","12792.5","15050","5"
"K62201504C","SIDE PANEL COMP L+TAPESET VOLCANO R","General Spare Parts","TVS / Universal","0","11568.5","13610","5"
"K62201504CA","SIDE PANEL COMP L VOLCANO RED","General Spare Parts","TVS / Universal","0","14110","16600","5"
"K62201508H","SIDE PANEL COMP L+TAPE BROWN - WEGO","General Spare Parts","TVS / Universal","0","3442.5","4050","5"
"K62201508HA","SIDE PANEL COMP L+TAPESET UPG BROWN","General Spare Parts","TVS / Universal","0","12469.5","14670","5"
"K6220150CD","SIDE PANEL COMP L+TPST DEEP SKYSLUE","General Spare Parts","TVS / Universal","0","13770","16200","5"
"K6220150DA","SIDE PANEL COMP L+TAPESET MERCURY G","General Spare Parts","TVS / Universal","0","4445.5","5230","5"
"K6220150D8A","SIDE PANEL COMP L + TAPESET M. GREY","General Spare Parts","TVS / Universal","0","14713.5","17310","5"
"K6220150F","SIDE PANEL COMP L+TAPESET ELECTRIC","General Spare Parts","TVS / Universal","0","3204.5","3770","5"
"K62201600DA","SIDE PANEL COMP R+TAPESET UPG BLACK","General Spare Parts","TVS / Universal","0","4411.5","5190","5"
"K622016000C","SIDE PANELCOM R + TAP aLK+SKY BLUE","General Spare Parts","TVS / Universal","0","13838","16280","5"
"K62201600DD","SIDE PANEL COMP R + TAPESET BLACK","General Spare Parts","TVS / Universal","0","14110","16600","5"
"K62201600G","SIDE PANEL R COMP + LOGO R MET_ORAG","General Spare Parts","TVS / Universal","0","3850.5","4530","5"
"K62201601CA","SIDE PANEL COMP R +TAPESET SPR","General Spare Parts","TVS / Universal","0","6205","7300","5"
"K62201601CD","SIDE PANEL COMP R +TAPESET SPR","General Spare Parts","TVS / Universal","0","7284.5","8570","5"
"K62201601F","SIDE PANEL COMP R + TAPE WHITE WEGO","General Spare Parts","TVS / Universal","0","3255.5","3830","5"
"K62201601FA","SIDE PANEL COMP R+TAPESET UPG WHI","General Spare Parts","TVS / Universal","0","11220","13200","5"
"K62201602R","SIDE PANEL COMP R+TAPE GOLDEN WEGO","General Spare Parts","TVS / Universal","0","4318","5080","5"
"K62201604C","SIDE PANEL COMP R+TAPESET VOLCANO R","General Spare Parts","TVS / Universal","0","4802.5","5650","5"
"K62201604CA","SIDE PANEL COMP R VOLCANO RED","General Spare Parts","TVS / Universal","0","14110","16600","5"
"K62201608H","SIDE PANEL COMP R+TAPE BROWN WEGO","General Spare Parts","TVS / Universal","0","3442.5","4050","5"
"K62201608HA","SIDE PANEL COMP R+TAPESET UPG BROWN","General Spare Parts","TVS / Universal","0","2788","3280","5"
"K6220160CD","SIDE PANELCOM R+TPST DEEP SKY BLUE","General Spare Parts","TVS / Universal","0","13770","16200","5"
"K6220160DA","SIDE PANEL COMP R+TAPESET MERCURY G","General Spare Parts","TVS / Universal","0","3748.5","4410","5"
"K6220160D8A","SIDE PANEL COMP R + TAPESET M. GREY","General Spare Parts","TVS / Universal","0","13251.5","15590","5"
"K6220160FL","SIDE PANEL COMP R+TAPESET ELECTRIC","General Spare Parts","TVS / Universal","0","3502","4120","5"
"K62201700DA","SIDE TRIM FLOOR COM L+TAPESET BLK+W","General Spare Parts","TVS / Universal","0","6791.5","7990","5"
"K622017000C","SIDE TRIM FLR COM L+TPST BLK+SKY3LU","General Spare Parts","TVS / Universal","0","5907.5","6950","5"
"K62201700DD","SIDE TRIM FL COMP L + LOGO L BLACK","General Spare Parts","TVS / Universal","0","6791.5","7990","5"
"K622017GODA","SIDE TRIM FLR COMP L + TAPSET BLACK","General Spare Parts","TVS / Universal","0","6791.5","7990","5"
"K622017GOG","SIDE TRIM FL COMP L SUNSET MEL OR","General Spare Parts","TVS / Universal","0","5465.5","6430","5"
"K622017G1F","SIDE TRIM FLOOR COMP L WHITE WEGO","General Spare Parts","TVS / Universal","0","5125.5","6030","5"
"K62201792R","SIDE TRIM FLOOR COMP L GOLDEN WEGO","General Spare Parts","TVS / Universal","0","5125.5","6030","5"
"K62201794C","SIDE TRIM FLOOR COMP L VOLCANO RED","General Spare Parts","TVS / Universal","0","5125.5","6030","5"
"K62201794CA","SIDE TRIM FLOOR COMP L VOLCANO RED","General Spare Parts","TVS / Universal","0","6791.5","7990","5"
"K62201798H","SIDE TRIM FLOOR COMP L BROWN - WEG","General Spare Parts","TVS / Universal","0","5125.5","6030","5"
"K622017GCD","SIDE TRIM FLOOR COMP L DEEP SKYBLUE","General Spare Parts","TVS / Universal","0","5754.5","6770","5"
"K622017GCDA","SIDE TRIM FLR COMP L + TAPSET D.SKY","General Spare Parts","TVS / Universal","0","6791.5","7990","5"
"K6220179DA","SIDE TRIM FLOOR COMP L MERCURY GRE","General Spare Parts","TVS / Universal","0","5550.5","6530","5"
"K62201800DA","SIDE TRIM FLOOR COM R+TAPESET BLK+W","General Spare Parts","TVS / Universal","0","6953","8180","5"
"K622018000C","SIDE TRIM FLR COM R+TAP BLK+SKY8LUE","General Spare Parts","TVS / Universal","0","5907.5","6950","5"
"K62201800DD","SIDE TRIM FL COMP R + LOGO R BLACK","General Spare Parts","TVS / Universal","0","6664","7840","5"
"K622018GOOC","SIDE TRIM FLR COMP R + TAPSET BLACK","General Spare Parts","TVS / Universal","0","6953","8180","5"
"K622018GOG","SIDE TRIM FL COMP R SUNSET MET. OR","General Spare Parts","TVS / Universal","0","5593","6580","5"
"K622018G1F","SIDE TRIM FLOOR COMP R WHITE WEGO","General Spare Parts","TVS / Universal","0","5125.5","6030","5"
"K62201892R","SIDE TRIM FLOOR COMP R GOLDEN WEGO","General Spare Parts","TVS / Universal","0","5125.5","6030","5"
"K62201894C","SIDE TRIM FLOOR COMP R VOLCANO RED","General Spare Parts","TVS / Universal","0","5125.5","6030","5"
"K62201894CA","SIDE TRIM FLOOR COMP R VOLCANO RED","General Spare Parts","TVS / Universal","0","6791.5","7990","5"
"K62201898H","SIDE TRIM FLOOR COMP R BROWN - WEG","General Spare Parts","TVS / Universal","0","5720.5","6730","5"
"K622018GCD","SIDE TRIM FLOOR COM R DEEP SKY BLUE","General Spare Parts","TVS / Universal","0","5754.5","6770","5"
"K622018GCDA","SIDE TRIM FLR COMP R + TAPSET","General Spare Parts","TVS / Universal","0","6791.5","7990","5"
"K622018GOA","SIDE TRIM FLOOR COMP R MERCURY GRE","General Spare Parts","TVS / Universal","0","5125.5","6030","5"
"K62202100G","FENDER COMP FRONT+TAPE SET MET.ORG","General Spare Parts","TVS / Universal","0","13107","15420","5"
"K62202101C","FENDER FRONT COMP L SILVER + TAPESE","General Spare Parts","TVS / Universal","0","11007.5","12950","5"
"K62202101CA","FENDER FRONT COMP L SILVER +TAPESET","General Spare Parts","TVS / Universal","0","10047","11820","5"
"K62202101CC","FENDER FRONT COMP L SILVER + TAPESE","General Spare Parts","TVS / Universal","0","12265.5","14430","5"
"K62202101F","FENDER FRONT COMP + TPST c WHITE (AIT)","General Spare Parts","TVS / Universal","0","13889","16340","5"
"K62202104C","FENDER FR COM + TAPSET VOLCANO RED","General Spare Parts","TVS / Universal","0","14127","16620","5"
"K6220210CD","FENDER FR + TAPESET DEEP SKY BLUE","General Spare Parts","TVS / Universal","0","14127","16620","5"
"K6220210DA","FENDER FR COMP + TAP MERCURY GREY","General Spare Parts","TVS / Universal","0","14127","16620","5"
"K622021G1F","FENDER FRONT COMP WHITE WEGO","General Spare Parts","TVS / Universal","0","10965","12900","5"
"K62202192R","FENDER FRONT COMP GOLD BEIGE WEGO","General Spare Parts","TVS / Universal","0","11262.5","13250","5"
"K62202194C","FENDER FRONT COMP VOLCANO RED","General Spare Parts","TVS / Universal","0","13226","15560","5"
"K62202198H","FENDER FRONT COMP BROWN - WEGO","General Spare Parts","TVS / Universal","0","10965","12900","5"
"K6220219DA","FENDER FRONT COMP MERCURY GREY","General Spare Parts","TVS / Universal","0","10965","12900","5"
"K6220219FL","FENDER FRONT COMP ELECTRIC GREEN","General Spare Parts","TVS / Universal","0","10395.5","12230","5"
"K62202700DA","COVER BOTTOM TAIL CENTER* TAP BLACK (AIT) 1,","General Spare Parts","TVS / Universal","0","501.5","590","5"
"K62202700G","caTC+ LOGO Tvs SUNSET MET. ORANGE","General Spare Parts","TVS / Universal","0","425","500","5"
"K62202701C","CVR BOTTOM TAIL CNTER+TAPESET sp Sl (ALTI","General Spare Parts","TVS / Universal","0","425","500","5"
"K62202701FA","COVA BOTM TAIL CENTER+TPSET C WHITE","General Spare Parts","TVS / Universal","0","1249.5","1470","5"
"K62202704CA","CVR BOTM TAIL CENTER+TPESET VOL RED (ALTI","General Spare Parts","TVS / Universal","0","1139","1340","5"
"K6220270CD","CVR BOTM TAIL CENTER+TAPESET s.3LUE","General Spare Parts","TVS / Universal","0","1249.5","1470","5"
"K6220270D8A","cocVR BOTM TAIL CENTER+TPSET M.GREY (ACT)","General Spare Parts","TVS / Universal","0","425","500","5"
"K622027G1F","COVER BOTTOM TAIL CENTER WHITE WEGO","General Spare Parts","TVS / Universal","0","722.5","850","5"
"K62202792R","COVER BOTTOM TAIL CENTER GOLDEN WEG","General Spare Parts","TVS / Universal","0","1054","1240","5"
"K62202794C","COVER BOTTOM TAIL CENTER VOLCANO RE","General Spare Parts","TVS / Universal","0","1037","1220","5"
"K62202798H","COVER BOTTOM TAIL CENTER BROWN WEGO","General Spare Parts","TVS / Universal","0","425","500","5"
"K6220279DA","COVER BOTTOM TAIL CENTER MERCURY GR","General Spare Parts","TVS / Universal","0","425","500","5"
"K62210100DA","PANEL COMP FR TOP *TSET BLK WEGO RE","General Spare Parts","TVS / Universal","0","16354","19240","5"
"K622101000C","PANEL COMP FR + TAPESET TOP BLACK","General Spare Parts","TVS / Universal","0","11347.5","13350","5"
"K62210100G","PANEL FRONT COMP TOP+TAPESET ORANGE","General Spare Parts","TVS / Universal","0","14909","17540","5"
"K62210101F","PANEL COMP FR TOP+TAPE WHITE WEGO (ALTI","General Spare Parts","TVS / Universal","0","13549","15940","5"
"K62210101FA","PANEL COMP FR TOP + TAPESET C WHITE","General Spare Parts","TVS / Universal","0","16354","19240","5"
"K62210102R","PANEL COMP FR TOP+TAPE GOLDEN WEGO","General Spare Parts","TVS / Universal","0","11424","13440","5"
"K62210104C","PANEL COMP FR TOP+TAPESET VOLCANO R (ALT)","General Spare Parts","TVS / Universal","0","13353.5","15710","5"
"K62210104CA","PANEL COM FR TOP + TAPESET VOL. RED","General Spare Parts","TVS / Universal","0","16354","19240","5"
"K62210108H","PANEL COMP FR TOP+TAPE BROWN WEGO (AIT)","General Spare Parts","TVS / Universal","0","12248.5","14410","5"
"K62210108HA","PANEL COMP FR TOP + TAPESET BROWN","General Spare Parts","TVS / Universal","0","15895","18700","5"
"K6221010CD","PANEL COM FR+TAP TOP DEEP SKY3LUE","General Spare Parts","TVS / Universal","0","15563.5","18310","5"
"K6221010DA","PANEL COMP FR TOP+TAPESET MERCURY G","General Spare Parts","TVS / Universal","0","11832","13920","5"
"K6221010D8A","PANEL COMP FR TOP + TAPESET M. GREY","General Spare Parts","TVS / Universal","0","16354","19240","5"
"K6221010FL","PANEL COMP FR TOP+TAPESET ELECTRIC","General Spare Parts","TVS / Universal","0","3757","4420","5"
"K622102GOG","PANEL COMP FRONT BOTTOM - ORG","General Spare Parts","TVS / Universal","0","12376","14560","5"
"K622102G1CA","PANEL COMP FR BOTTOM L SILVER+TAPES","General Spare Parts","TVS / Universal","0","12767","15020","5"
"K622102G1CD","PANEL COMP FR BOTTOM L SIL+TAPE BLK","General Spare Parts","TVS / Universal","0","12767","15020","5"
"K622102G1F","PANEL COMP FR BOT WHITE WEGO","General Spare Parts","TVS / Universal","0","12767","15020","5"
"K62210292R","PANEL COMP FR BOT GOLDEN BEIGE WEGO","General Spare Parts","TVS / Universal","0","425","500","5"
"K62210294C","PANEL COMP FR BOT VOLCANO RED","General Spare Parts","TVS / Universal","0","12767","15020","5"
"K62210298H","PANEL COMP FR BOT BROWN - WEGO","General Spare Parts","TVS / Universal","0","12767","15020","5"
"K622102GCD","PANEL COM FR BOTTOM WEGO D SKY BLUE","General Spare Parts","TVS / Universal","0","12826.5","15090","5"
"K622102GOA","PANEL COMP FR BOT MERCURY GREY","General Spare Parts","TVS / Universal","0","12767","15020","5"
"K622128G1F","FENDER COMP FR WHITE WEGO Disc","Brakes","TVS / Universal","0","2830.5","3330","5"
"K62212894C","FENDER COMP FR V RED WEGO Disc","Brakes","TVS / Universal","0","3527.5","4150","5"
"K622140G1F","HSG HEADLAMP F WIM WHITE - JUPITER","Engine","TVS / Universal","0","3731.5","4390","5"
"K62214094C","HSG HEADLAMP FR VOLCANO RED JUPITER","Engine","TVS / Universal","0","3757","4420","5"
"K62214095A","HOUSING HEADLAMP FRONT MAG PUR","Engine","TVS / Universal","0","1708.5","2010","5"
"K62214801F","PANEL F TOP+TAPESET WIM WHITE JUPIT","General Spare Parts","TVS / Universal","0","7361","8660","5"
"K62214804C","PANEL F TOP+TAPESET VOL RED JUPITER","General Spare Parts","TVS / Universal","0","7293","8580","5"
"K62214805AA","PANEL FR TOP + TAPESET MAG PURPLE","General Spare Parts","TVS / Universal","0","12138","14280","5"
"K62214994C","PANEL FR 80T VOLCANO RED - JUPITER","General Spare Parts","TVS / Universal","0","4989.5","5870","5"
"K62214995A","PANEL FR 80T MAG PURPLE","General Spare Parts","TVS / Universal","0","9826","11560","5"
"K622154G1F","SIDE TRIM FLOOR L WIM WHITE JUPITER","General Spare Parts","TVS / Universal","0","2031.5","2390","5"
"K62215494C","SIDE TRIM FLOOR L VOL RED - JUPITER","General Spare Parts","TVS / Universal","0","425","500","5"
"K62215495A","SIDE TRIM FLOOR L MAG PURPLE","General Spare Parts","TVS / Universal","0","3655","4300","5"
"K622155G1F","SIDE TRIM FLOOR R WIM WHITE JUPITER","General Spare Parts","TVS / Universal","0","1793.5","2110","5"
"K62215594C","SIDE TRIM FLOOR R VOL RED - JUPITER","General Spare Parts","TVS / Universal","0","1691.5","1990","5"
"K62215595A","SIDE TRIM FLOOR R MAG PURPLE","General Spare Parts","TVS / Universal","0","3655","4300","5"
"K622156G1F","CVR BOTTOM TAIL CTR WIM WHITE JUPIT","General Spare Parts","TVS / Universal","0","1105","1300","5"
"K62215694C","CVR BOTTOM TAIL CTR VOL RED JUPITER","General Spare Parts","TVS / Universal","0","1105","1300","5"
"K62215695A","COV BOTTOM TAIL CTR MAG PURPLE","General Spare Parts","TVS / Universal","0","425","500","5"
"K622157G1F","TAIL CVR CENTER WIM WHITE - JUPITER","General Spare Parts","TVS / Universal","0","1572.5","1850","5"
"K62215794C","TAIL COVER CENTER VOL RED - JUPITER","General Spare Parts","TVS / Universal","0","1394","1640","5"
"K62215795A","TAIL COVER CENTER MAG PURPLE","General Spare Parts","TVS / Universal","0","2507.5","2950","5"
"K62219905A","FENDER FRONT COMP+TAPESET MAG PURPL","General Spare Parts","TVS / Universal","0","3493.5","4110","5"
"K62219994C","FENDER F COMP VOLCANO RED - JUPITER","General Spare Parts","TVS / Universal","0","7378","8680","5"
"K62220401F","SIDE PNL COM L+T SET WIM WHITE JUPI","General Spare Parts","TVS / Universal","0","11135","13100","5"
"K62220404C","SIDE PANEL L+TAPESET VOL RED JUPITE","General Spare Parts","TVS / Universal","0","11866","13960","5"
"K62220405AA","SIDE PANEL COMP L MAG PURPLE","General Spare Parts","TVS / Universal","0","6043.5","7110","5"
"K62220408BA","SIDE PANEL COMP L+TAPESET DP MATTE","General Spare Parts","TVS / Universal","0","5389","6340","5"
"K62220501F","SIDE PANEL COMP R+TAPESET WBO WHITE","General Spare Parts","TVS / Universal","0","11866","13960","5"
"K62220504C","SIDE PANEL R+TAPESET VOL RED JUPITE","General Spare Parts","TVS / Universal","0","11806.5","13890","5"
"K62220505AA","SIDE PANEL COMP R + TAPESET MAG PUR","General Spare Parts","TVS / Universal","0","20910","24600","5"
"K62220508BA","SIDE PANEL COMP R+TAPESET DP MATTE","General Spare Parts","TVS / Universal","0","5967","7020","5"
"K62232700DA","PANEL COM P FR + TAPESETTOP BLACK (AIT)","General Spare Parts","TVS / Universal","0","15895","18700","5"
"K62232700G","PANEL COM P FR + TSET SUNSET O (ALTI","General Spare Parts","TVS / Universal","0","15172.5","17850","5"
"K62232701F","PANEL COMP FRONT+TAPESET WHITE","General Spare Parts","TVS / Universal","0","15895","18700","5"
"K62232701FA","PANEL COM FR +TAPESET WHITE+8LACK","General Spare Parts","TVS / Universal","0","6477","7620","5"
"K62232704C","PANEL COMP FRONT +TAPESET RED","General Spare Parts","TVS / Universal","0","15895","18700","5"
"K62232704CA","PANEL COM FR+TAPESET RED+BLACK","General Spare Parts","TVS / Universal","0","9902.5","11650","5"
"K6223270CD","PANEL COMP FRONT + TAPESET DEEP SKY","General Spare Parts","TVS / Universal","0","9707","11420","5"
"K6223270CDA","PANEL COMP FR + TAPESET TOP DEEP SK","General Spare Parts","TVS / Universal","0","6808.5","8010","5"
"K6223270DA","PANEL COMP FRONT +TAPESET MERCURY G","General Spare Parts","TVS / Universal","0","6426","7560","5"
"K622341GOG","PILLION HANDLE SUNSET MEL ORANGE","General Spare Parts","TVS / Universal","0","6596","7760","5"
"K622341G1C","PILLION HANDLE SPARKLING SILVER","General Spare Parts","TVS / Universal","0","10973.5","12910","5"
"K622341G1F","PILLION HANDLE C WHITE","General Spare Parts","TVS / Universal","0","10973.5","12910","5"
"K62234194C","PILLION HANDLE VOLCANO RED","General Spare Parts","TVS / Universal","0","11560","13600","5"
"K622341GCD","PILLION HANDLE DEEP SKY BLUE","General Spare Parts","TVS / Universal","0","11781","13860","5"
"K6223419DA","PILLION HANDLE MERCURY GREY","General Spare Parts","TVS / Universal","0","11781","13860","5"
"K6227450SA","p ANEL FRONT TOP DAWN BLUE + LOGO","General Spare Parts","TVS / Universal","0","5440","6400","5"
"K622746GCK","p ANEL FRONT LH GALACTIC COPPER","General Spare Parts","TVS / Universal","0","3332","3920","5"
"K622746GSA","p ANEL FRONT LH DAWN BLUE","General Spare Parts","TVS / Universal","0","3672","4320","5"
"K6227470CK","p ANEL FRONT RH GALACTIC COPPER + TAPESET","General Spare Parts","TVS / Universal","0","425","500","5"
"K6227470SA","p ANEL FRONT RH DAWN BLUE + TAPESET","General Spare Parts","TVS / Universal","0","3672","4320","5"
"K622752GCK","SIDE TRIM FLOOR FR H GALACTIC COPPER","General Spare Parts","TVS / Universal","0","2737","3220","5"
"K622752GSA","SIDE TRIM FLOOR FR LH DAWN BLUE","General Spare Parts","TVS / Universal","0","2482","2920","5"
"K622753GCK","SIDE TRIM FLOOR FR RH GALACTIC COPPER","General Spare Parts","TVS / Universal","0","2737","3220","5"
"K622753GSA","SIDE TRIM FLOOR FR RH DAWN BLUE","General Spare Parts","TVS / Universal","0","2482","2920","5"
"K6227580CK","SIDE PANEL COMP LH GALACTIC COPPER *LOGO","General Spare Parts","TVS / Universal","0","94.35","111","5"
"K6227580SA","SIDE PANEL COMP LH DAWN BLUE + LOGO","General Spare Parts","TVS / Universal","0","9154.5","10770","5"
"K6227590CK","SIDE PANEL COMP RH GALACTIC COPPER *LOGO","General Spare Parts","TVS / Universal","0","94.35","111","5"
"K6227590SA","SIDE PANEL COMP RH DAWN BLUE + LOGO","General Spare Parts","TVS / Universal","0","9154.5","10770","5"
"K622762GCK","COV BOTTOM TAIL CTR GALACTIC COPPER","General Spare Parts","TVS / Universal","0","2669","3140","5"
"K622762GSA","COV BOTTOM TAIL CTR DAWN BLUE","General Spare Parts","TVS / Universal","0","2669","3140","5"
"K622765GCK","HOUSING HEADLAMP FRONT GALACTIC COPPER","Engine","TVS / Universal","0","4734.5","5570","5"
"K622765GSA","HOUSING HEADLAMP FRONT DAWN BLUE","Engine","TVS / Universal","0","5049","5940","5"
"K622804GCK","FENDER FRONT COMP GALACTIC CO","General Spare Parts","TVS / Universal","0","8092","9520","5"
"K622804GSA","FENDER FRONT COMP DAWN BLUE","General Spare Parts","TVS / Universal","0","7845.5","9230","5"
"K6300390","FLOOR MAT - COLOUR","General Spare Parts","TVS / Universal","0","2524.5","2970","5"
"K6300400","Floormat- Black Premium Jupiter 110 New","General Spare Parts","TVS / Universal","0","2550","3000","5"
"K6300480","Screen Guard JuplIO With Button","General Spare Parts","TVS / Universal","0","1581","1860","5"
"K6300490","Seat Cover Black Premium - New JIIO","General Spare Parts","TVS / Universal","0","3493.5","4110","5"
"K6300540","FLOOR MAT—GREY","General Spare Parts","TVS / Universal","0","2524.5","2970","5"
"K6310020","SPANNER TAPPET NUT","General Spare Parts","TVS / Universal","0","1895.5","2230","5"
"K6310030","SERVICE TOOL CLUTCH NUT","General Spare Parts","TVS / Universal","0","5287","6220","5"
"K6310040","HOLDER STARTER GEAR","General Spare Parts","TVS / Universal","0","9851.5","11590","5"
"K7160050","CHARGING PORT","General Spare Parts","TVS / Universal","0","1632","1920","5"
"KG100240","SLIDE METAL","General Spare Parts","TVS / Universal","0","425","500","5"
"KA010040","CAMSHAFT COMP","Brakes","TVS / Universal","0","6570.5","7730","5"
"KA010050","CYLINDER HEAD ASSY","Engine","TVS / Universal","0","26851.5","31590","5"
"KA010070","CYLINDER HEAD COMP","Engine","TVS / Universal","0","11534.5","13570","5"
"KA020010","CRANKSHAFT ASSEMBLY","Engine","TVS / Universal","0","25194","29640","5"
"KA030110","COVER VARIATOR MC","General Spare Parts","TVS / Universal","0","8015.5","9430","5"
"KA030120","GASKET GEARCASE","Engine","TVS / Universal","0","425","500","5"
"KA030150","COVER OILPLIMP","Oils & Fluids","TVS / Universal","0","425","500","5"
"KA040010","SEC AIR INJECTION VALVE","Engine","TVS / Universal","0","4632.5","5450","5"
"KA040180","INSULATOR PAD","Brakes","TVS / Universal","0","425","500","5"
"KA060070","THERMAL SENSOR","Electrical","TVS / Universal","0","2380","2800","5"
"KA060080","SPEED SENSOR","Electrical","TVS / Universal","0","3332","3920","5"
"KA0600GO","IGNITION COIL ASSY","Oils & Fluids","TVS / Universal","0","4114","4840","5"
"KA060100","EFI INJECTOR","General Spare Parts","TVS / Universal","0","6128.5","7210","5"
"KA060120","STARTER GENERATOR","General Spare Parts","TVS / Universal","0","20017.5","23550","5"
"KA070010","COVER FAN CVT","General Spare Parts","TVS / Universal","0","425","500","5"
"KA080020","HOLDER FILTER","Filters","TVS / Universal","0","425","500","5"
"KA080060","SHAFT CLUTCH","General Spare Parts","TVS / Universal","0","3357.5","3950","5"
"KA080120","LEVER KICKSTARTER COMP","General Spare Parts","TVS / Universal","0","3944","4640","5"
"KA080130","GEAR COMP KICKSTARTER DRIVEN","General Spare Parts","TVS / Universal","0","3366","3960","5"
"KA080150","BUSH KS DRIVE","General Spare Parts","TVS / Universal","0","425","500","5"
"KAIIOOIO","MASTER CYLINDER ASSY.","Engine","TVS / Universal","0","13183.5","15510","5"
"KA120270","PROP STAND COMP","General Spare Parts","TVS / Universal","0","1368.5","1610","5"
"KAI","20460 BATTERY HOLDER TOP","Electrical","TVS / Universal","0","425","500","5"
"KA120650","BOLT PROP STAND","General Spare Parts","TVS / Universal","0","425","500","5"
"KA130080","COVER COMP SEAT","General Spare Parts","TVS / Universal","0","4751.5","5590","5"
"KA1300GO","SEAT ASSY","General Spare Parts","TVS / Universal","0","8109","9540","5"
"KAIS0050","LOCK SET ES","General Spare Parts","TVS / Universal","0","6774.5","7970","5"
"KA160210","WIRING HARNESS ASSY","General Spare Parts","TVS / Universal","0","19193","22580","5"
"KA160340","CONTROL UNIT PLUS","General Spare Parts","TVS / Universal","0","1878.5","2210","5"
"KA160400","SWITCH ENGINE START STOP","Engine","TVS / Universal","0","425","500","5"
"KA160420","800T CONTROL RELAY","General Spare Parts","TVS / Universal","0","425","500","5"
"KA170010","CABLE SEAT LOCK","Electrical","TVS / Universal","0","1394","1640","5"
"KA170040","CABLE ASSY BRAKE REAR","Brakes","TVS / Universal","0","1989","2340","5"
"KA170050","CABLE ASSY BRAKE FRONT L","Brakes","TVS / Universal","0","2405.5","2830","5"
"KA170060","CABLE ASSY BRAKE FRONT R","Brakes","TVS / Universal","0","1674.5","1970","5"
"KA180100","HOUSING FAN","General Spare Parts","TVS / Universal","0","1079.5","1270","5"
"KA180130","DEFLECTOR","General Spare Parts","TVS / Universal","0","399.5","470","5"
"KA180150","BEADING COWL DEFLECTOR","General Spare Parts","TVS / Universal","0","425","500","5"
"KA180160","GROMMET PIPE INTAKE","General Spare Parts","TVS / Universal","0","425","500","5"
"KA220500","BAG HOOK ASSY. FR","General Spare Parts","TVS / Universal","0","425","500","5"
"KA2206GO","FENDER FRONT RR SUB ASSY","General Spare Parts","TVS / Universal","0","748","880","5"
"KA220710","BAG HOOK ASSY RR","General Spare Parts","TVS / Universal","0","824.5","970","5"
"KA220740","HOLDER UTILITY BOX","General Spare Parts","TVS / Universal","0","603.5","710","5"
"KA221180","TAPESET FENDER FR LH","General Spare Parts","TVS / Universal","0","425","500","5"
"KA2211GO","TAPESET FENDER FR RH","General Spare Parts","TVS / Universal","0","425","500","5"
"KA221200","TAPESET PANEL TOP","General Spare Parts","TVS / Universal","0","425","500","5"
"KA221210","LOGO PANEL TOP R","General Spare Parts","TVS / Universal","0","425","500","5"
"KA221220","TAPESET PANEL TOP SPORT","General Spare Parts","TVS / Universal","0","425","500","5"
"KA221230","TAPESET PANEL BOT L","General Spare Parts","TVS / Universal","0","425","500","5"
"KA221240","TAPESET PANEL BOT R","General Spare Parts","TVS / Universal","0","425","500","5"
"KA221250","TAPESET SIDE TRIM FLOOR LH","General Spare Parts","TVS / Universal","0","612","720","5"
"KA221260","TAPESET SIDE TRIM FLOOR RH","General Spare Parts","TVS / Universal","0","612","720","5"
"KA221270","TAPESET SIDE PANEL REAR L","General Spare Parts","TVS / Universal","0","425","500","5"
"KA221280","TAPESET SIDE PANEL REAR R","General Spare Parts","TVS / Universal","0","425","500","5"
"KA221300","TAPESET WHEEL RIM","General Spare Parts","TVS / Universal","0","10.2","12","5"
"KA221310","TAPESET SIDE PANEL FR LH","General Spare Parts","TVS / Universal","0","425","500","5"
"KA221320","TAPESET SIDE PANEL FR RH","General Spare Parts","TVS / Universal","0","425","500","5"
"KA221330","TAPESET FENDER FR LH VOLCANO RED","General Spare Parts","TVS / Universal","0","425","500","5"
"KA221340","TAPESET FENDER FR RH VOLCANO RED","General Spare Parts","TVS / Universal","0","425","500","5"
"KA221350","TAPESET PANEL TOP L VOLCANO RED","General Spare Parts","TVS / Universal","0","425","500","5"
"KA221360","TAPESET PANEL TOP R VOLCANO RED","General Spare Parts","TVS / Universal","0","425","500","5"
"KA221370","TAPESET PANEL BOT L VOLCANO RED","General Spare Parts","TVS / Universal","0","425","500","5"
"KA221380","TAPESET PANEL BOT R VOLCANO RED","General Spare Parts","TVS / Universal","0","425","500","5"
"KA2213GO","TAPESET SIDE PANEL FR LH VOLCANO RE","General Spare Parts","TVS / Universal","0","425","500","5"
"KA221400","TAPESET SIDE PANEL FR RH VOLCANO RE","General Spare Parts","TVS / Universal","0","425","500","5"
"KA221410","TAPESET SIDE PANEL L VOLCANO RED","General Spare Parts","TVS / Universal","0","425","500","5"
"KA221420","TAPESET SIDE PANEL R VOLCANO RED","General Spare Parts","TVS / Universal","0","425","500","5"
"KA221430","TAPESET SIDE TRIM FLOOR LH V RED","General Spare Parts","TVS / Universal","0","612","720","5"
"KA221440","TAPESET RH VOLCANO RED","General Spare Parts","TVS / Universal","0","612","720","5"
"KA221650","TAPESET SIDE PANEL TOP L","General Spare Parts","TVS / Universal","0","357","420","5"
"KA221660","TAPESET SIDE PANEL TOP R","General Spare Parts","TVS / Universal","0","357","420","5"
"KA221670","TAPESET SIDE PANEL TOP L VOL RED","General Spare Parts","TVS / Universal","0","357","420","5"
"KA221680","TAPESET SIDE PANEL TOP R VOL RED","General Spare Parts","TVS / Universal","0","357","420","5"
"KA221740","TAPESET FENDER FR LH BLK+SIL","General Spare Parts","TVS / Universal","0","425","500","5"
"KA221750","TAPESET FENDER FR RH aLK+SlL","General Spare Parts","TVS / Universal","0","425","500","5"
"KA221760","TAPESET PANEL L BLK+SIL","General Spare Parts","TVS / Universal","0","425","500","5"
"KA221770","TAPESET PANEL TOP L","General Spare Parts","TVS / Universal","0","425","500","5"
"KA221780","TAPESET PANEL TOP R BLK+SIL","General Spare Parts","TVS / Universal","0","425","500","5"
"KA2217GO","TAPESET PANEL BOT L BLK+SIL","General Spare Parts","TVS / Universal","0","425","500","5"
"KA221800","TAPESET PANEL BOT R 8LK+SlL","General Spare Parts","TVS / Universal","0","425","500","5"
"KA221810","TAPESET SIDE TRIM FLOOR LH BLK+SIL","General Spare Parts","TVS / Universal","0","612","720","5"
"KA221820","TAPESET SIDE TRIM FLOOR RH BLK+SIL","General Spare Parts","TVS / Universal","0","612","720","5"
"KA221830","TAPESET SIDE PANEL FR LH BLK+SI","General Spare Parts","TVS / Universal","0","425","500","5"
"KA221840","TAPESET SIDE PANEL FR RH BLK+SIL","General Spare Parts","TVS / Universal","0","425","500","5"
"KA221850","TAPESET SIDE PANEL TOP L BLK+SIL","General Spare Parts","TVS / Universal","0","357","420","5"
"KA221860","TAPESET SIDE PANEL TOP R 8LK+SlL","General Spare Parts","TVS / Universal","0","357","420","5"
"KA221870","TAPESET SIDE PANEL L aLK+Sl","General Spare Parts","TVS / Universal","0","425","500","5"
"KA221880","TAPESET SIDE PANEL R BLK+SIL","General Spare Parts","TVS / Universal","0","425","500","5"
"KA221900","TAPESET PANEL L BLUE","General Spare Parts","TVS / Universal","0","425","500","5"
"KA221910","TAPESET PANEL L VOLCANO RED","General Spare Parts","TVS / Universal","0","425","500","5"
"KA221920","TAPESET PANEL R VOLCANO RED","General Spare Parts","TVS / Universal","0","425","500","5"
"KA221950","TAPESET PANEL R aLK+SlL","General Spare Parts","TVS / Universal","0","425","500","5"
"KCOG0190","SHOCK ABSORBER","General Spare Parts","TVS / Universal","0","8194","9640","5"
"KE080460","OIL PUMP ASSY","Oils & Fluids","TVS / Universal","0","1385.5","1630","5"
"KE090310","TORQUE LINK COMP RR","General Spare Parts","TVS / Universal","0","425","500","5"
"KE0905SO","SWINGARM SUB ASSY DRUM","General Spare Parts","TVS / Universal","0","19065.5","22430","5"
"KE090750","ARRESTOR PLATE LH 1,","General Spare Parts","TVS / Universal","0","425","500","5"
"KE090760","ARRESTOR PLATE RH","General Spare Parts","TVS / Universal","0","425","500","5"
"KE0908SO","SHOCK ABSORBER","General Spare Parts","TVS / Universal","0","6485.5","7630","5"
"KE100080","FORK ASSY FR 13900 40400 17500","General Spare Parts","TVS / Universal","0","30821","36260","5"
"KEIOOOGO","LEG ASSY L 30 40400","General Spare Parts","TVS / Universal","0","11968","14080","5"
"KEIOOIOO","LEG ASSY R 30 40400","General Spare Parts","TVS / Universal","0","11968","14080","5"
"KE100110","OUTER TUBE L","General Spare Parts","TVS / Universal","0","8296","9760","5"
"KE100120","OUTER TUBE R","General Spare Parts","TVS / Universal","0","8372.5","9850","5"
"KE120560","PILLION FOOT PEG LH","General Spare Parts","TVS / Universal","0","425","500","5"
"KE120570","PILLION FOOT PEG RH","General Spare Parts","TVS / Universal","0","425","500","5"
"KE1208SO","HOOK CLAMP BATTERY","Electrical","TVS / Universal","0","425","500","5"
"KE120840","PROP STAND 'QUBE","General Spare Parts","TVS / Universal","0","1020","1200","5"
"KE120841","Kit Side stand IQU3E","General Spare Parts","TVS / Universal","0","1020","1200","5"
"KE120850","HOLDER CONTROLLER","General Spare Parts","TVS / Universal","0","2703","3180","5"
"KE121440","BATTERY BOX BOTTOM","Electrical","TVS / Universal","0","2524.5","2970","5"
"KE121450","BATTERY BOX TOP","Electrical","TVS / Universal","0","425","500","5"
"KE121460","CLAMP BATTERY 1,","Electrical","TVS / Universal","0","246.5","290","5"
"KE121500","sua FRAME COMP","General Spare Parts","TVS / Universal","0","9282","10920","5"
"KE1215SO","FRAME, SCOOTER COMP","General Spare Parts","TVS / Universal","0","42704","50240","5"
"KE1218SO","8RKT STEERING LOCK COMP","General Spare Parts","TVS / Universal","0","0.85","1","5"
"KE121G50","BATTERY HOLDER BOTTOM","Electrical","TVS / Universal","0","1088","1280","5"
"KE122010","STOPPER PLATE","General Spare Parts","TVS / Universal","0","425","500","5"
"KE1222SO","8RKT CONTROLLER MOUNTING COMP GEN3","General Spare Parts","TVS / Universal","0","1572.5","1850","5"
"KE122870","8RKT UTILITY aox„coMP LH","General Spare Parts","TVS / Universal","0","1581","1860","5"
"KE122880","8RKT UTILITY aox„coMP RH","General Spare Parts","TVS / Universal","0","1581","1860","5"
"KE122GOO","BATTERY BOX BOTTOM","Electrical","TVS / Universal","0","2320.5","2730","5"
"KE122G10","CLAMP BATTERY--CLAM","Electrical","TVS / Universal","0","1139","1340","5"
"KE130250","SEAT ASSY","General Spare Parts","TVS / Universal","0","16643","19580","5"
"KE1500SO","HANDLE BAR COMP","General Spare Parts","TVS / Universal","0","4054.5","4770","5"
"KE150060","LOCK SET","General Spare Parts","TVS / Universal","0","7777.5","9150","5"
"KE150360","LOCK SET 1","General Spare Parts","TVS / Universal","0","6230.5","7330","5"
"KE150370","CAM SEAT LOCK ASSY","Brakes","TVS / Universal","0","425","500","5"
"KE150540","GRIP L","General Spare Parts","TVS / Universal","0","425","500","5"
"KE160210","SIDE STAND SWITCH","Electrical","TVS / Universal","0","2167.5","2550","5"
"KE160370","HORN ASSY (AIT)","Electrical","TVS / Universal","0","2159","2540","5"
"KE160580","SWITCH ASSY L SMART","Electrical","TVS / Universal","0","14416","16960","5"
"KE1605GO","ILLUMINATION LOGO LIGHT SUB-ASSY","General Spare Parts","TVS / Universal","0","5329.5","6270","5"
"KE160640","BATTERY CHARGER BRACKET","Electrical","TVS / Universal","0","425","500","5"
"KE161400","NTERFACE Sox ASSY","General Spare Parts","TVS / Universal","0","63563","74780","5"
"KE1617GO","THROTTLE POSITION SENSOR","Electrical","TVS / Universal","0","6264.5","7370","5"
"KE161G80","FUSE MINI IOA58V","General Spare Parts","TVS / Universal","0","425","500","5"
"KE161GGO","FUSE MINI 5A","General Spare Parts","TVS / Universal","0","425","500","5"
"KE1621SO","DC DC CONVERTER 240","General Spare Parts","TVS / Universal","0","11577","13620","5"
"KE1621GO","DIGITAL SPEEDOMETER ASSY TFT","General Spare Parts","TVS / Universal","0","119748","140880","5"
"KE162380","CORDSET- DC INLET OFF BOARD CHARGER","General Spare Parts","TVS / Universal","0","43384","51040","5"
"KE162SSO","TELEMATICS UNIT PREMIUM","General Spare Parts","TVS / Universal","0","47982.5","56450","5"
"KE162740","TRACTION MOTOR CONTROLLER","General Spare Parts","TVS / Universal","0","154530","181800","5"
"KE162750","3 KW TRACTION MOTOR L","General Spare Parts","TVS / Universal","0","207230","243800","5"
"KE162810","DIGITAL SPEEDOMETER ASSY BATTERY 1","Electrical","TVS / Universal","0","110602","130120","5"
"KE163640","SWITCH ASSY R 2","Electrical","TVS / Universal","0","6842.5","8050","5"
"KE163810","HIGH VOLTAGE CORDSET","General Spare Parts","TVS / Universal","0","53380","62800","5"
"KE163820","LOW VOLTAGE CORDSET","General Spare Parts","TVS / Universal","0","29274","34440","5"
"KE1638SO","GEN S MOTOR CONTROLLER ASSY","General Spare Parts","TVS / Universal","0","175780","206800","5"
"KE163G20","LOW VOLTAGE CORDSET","General Spare Parts","TVS / Universal","0","30175","35500","5"
"KE163GSO","SWITCH ASSY L","Electrical","TVS / Universal","0","11041.5","12990","5"
"KE164710","MOTOR CONTROLLER—CONTROLLER ASSEMBLY","General Spare Parts","TVS / Universal","0","219053.5","257710","5"
"KE1647SO","HIGH VOLTAGE CORDSET„WIRING HARNESS","General Spare Parts","TVS / Universal","0","53601","63060","5"
"KE164770","CONNECTOR—DIAGNOSTIC","General Spare Parts","TVS / Universal","0","1725.5","2030","5"
"KE1650SO","BATTERY CHARGER„950W","Electrical","TVS / Universal","0","89573","105380","5"
"KE165400","THROTTLE POSITION SENSOR—COMP THROTTLE","Electrical","TVS / Universal","0","8287.5","9750","5"
"KE165S70","ELECTRONIC FLASHER UNIT","General Spare Parts","TVS / Universal","0","425","500","5"
"KE1658SO","WIRING HARNESS—EV VEHICLE","General Spare Parts","TVS / Universal","0","53805","63300","5"
"KE170040","THROTTLE ASSY","General Spare Parts","TVS / Universal","0","756.5","890","5"
"KE170070","CABLE ASSY BRAKE R","Brakes","TVS / Universal","0","2482","2920","5"
"KE2003GO","HEX FL BOLT M8 SO","General Spare Parts","TVS / Universal","0","106.25","125","5"
"KE220010","FENDER REAR","General Spare Parts","TVS / Universal","0","425","500","5"
"KE220020","UTILITY BOX","General Spare Parts","TVS / Universal","0","3867.5","4550","5"
"KE2200SO","COVER BOT FLOOR","General Spare Parts","TVS / Universal","0","1105","1300","5"
"KE220080","COVER FRONT","General Spare Parts","TVS / Universal","0","1759.5","2070","5"
"KE2201206D","PANEL FR TOP COMP GREYISH BLACK","General Spare Parts","TVS / Universal","0","2677.5","3150","5"
"KE2201302F","PANEL FRONT COMP PEARL WHITE","General Spare Parts","TVS / Universal","0","5703.5","6710","5"
"KE2201304K","PANEL FRONT COMP W BROWN","General Spare Parts","TVS / Universal","0","5848","6880","5"
"KE2201307D","PANEL FRONT COMP TITAN GREY","General Spare Parts","TVS / Universal","0","5703.5","6710","5"
"KE2201307K","PANEL FRONT COMP c.3RONZE GLOSSY","General Spare Parts","TVS / Universal","0","5601.5","6590","5"
"KE2201308F","PANEL FRONT COMP RACING RED","General Spare Parts","TVS / Universal","0","5865","6900","5"
"KE220130AEA","PANEL FRONT STARLIGHT BLUE","General Spare Parts","TVS / Universal","0","5669.5","6670","5"
"KE2201SOOA","PANEL FRONT COMP MERCURY GREY","General Spare Parts","TVS / Universal","0","5967","7020","5"
"KE220130EA","Panel front comp Mint blue","General Spare Parts","TVS / Universal","0","5967","7020","5"
"KE22014G2F","PANEL FR 80T PAINTED PEARL WHITE","General Spare Parts","TVS / Universal","0","11254","13240","5"
"KE22014G4K","PANEL FRONT BOTTOM COMP W BROWN","General Spare Parts","TVS / Universal","0","10004.5","11770","5"
"KE22014G7D","PANEL FRONT BOTTOM COMP TITAN GREY","General Spare Parts","TVS / Universal","0","11075.5","13030","5"
"KE22014G7K","PANEL FRONT BOTTOM COMP c.aRONZE GLOSSY","General Spare Parts","TVS / Universal","0","11050","13000","5"
"KE22014G8F","PANEL FRONT BOTTOM COMP RACING RED","General Spare Parts","TVS / Universal","0","11169","13140","5"
"KE22014GAE","PANEL FRONT BOTTOM S BLUE","General Spare Parts","TVS / Universal","0","11194.5","13170","5"
"KE22014GOA","PANEL FRONT BOTTOM COMP MERCURY GRE","General Spare Parts","TVS / Universal","0","12197.5","14350","5"
"KE22014GEA","Panel front bottom comp Mint blue","General Spare Parts","TVS / Universal","0","11764","13840","5"
"KE220160","PANEL REAR BOTTOM","General Spare Parts","TVS / Universal","0","1657.5","1950","5"
"KE220170","BAG HOOK ASSY","General Spare Parts","TVS / Universal","0","425","500","5"
"KE220200","ID BATTERY","Electrical","TVS / Universal","0","2507.5","2950","5"
"KE22022G2F","SIDE TRIM FLOOR FRONT L PAINTED P.WHITE 2,","General Spare Parts","TVS / Universal","0","501.5","590","5"
"KE22022G4K","SIDE TRIM FLOOR FRONT COMP W 3","General Spare Parts","TVS / Universal","0","2261","2660","5"
"KE22022G7D","SIDE TRIM FLOOR FRONT COMP TITAN GREY","General Spare Parts","TVS / Universal","0","2091","2460","5"
"KE22022G7K","SIDE TRIM FLOOR FRONT COMP c.aRONZE G","General Spare Parts","TVS / Universal","0","2167.5","2550","5"
"KE22022G8F","SIDE TRIM FLOOR FRONT COMP RACING","General Spare Parts","TVS / Universal","0","2261","2660","5"
"KE22022GAE","SIDE TRIM FLOOR FRONT L s BLUE","General Spare Parts","TVS / Universal","0","2184.5","2570","5"
"KE22022GOA","SIDE TRIM FLOOR FRONT L COMP M GREY","General Spare Parts","TVS / Universal","0","2388.5","2810","5"
"KE22022GEA","Side trim floor front L comp Mint blue","General Spare Parts","TVS / Universal","0","2303.5","2710","5"
"KE2202SG2F","SIDE TRIM FLOOR FRONT R PAINTED P_WHITE 2,","General Spare Parts","TVS / Universal","0","501.5","590","5"
"KE2202SG4K","SIDE TRIM FLOOR FRONT R COMP W a","General Spare Parts","TVS / Universal","0","2227","2620","5"
"KE2202SG7D","SIDE TRIM FLOOR FRONT R COMP TITAN GREY","General Spare Parts","TVS / Universal","0","2167.5","2550","5"
"KE2202SG7K","SIDE TRIM FLOOR FRONT R COMP CBRONZE G","General Spare Parts","TVS / Universal","0","2167.5","2550","5"
"KE2202SG8F","SIDE TRIM FLOOR FRONT R COMP RACING RED","General Spare Parts","TVS / Universal","0","2184.5","2570","5"
"KE2202SGAE","SIDE TRIM FLOOR FRONT R s BLUE","General Spare Parts","TVS / Universal","0","2184.5","2570","5"
"KE2202SGOA","SIDE TRIM FLOOR FRONT R COMP M GREY","General Spare Parts","TVS / Universal","0","2380","2800","5"
"KE2202SGEA","Side trim floor front R comp Mint blue","General Spare Parts","TVS / Universal","0","2303.5","2710","5"
"KE220240","SIDE TRIM FLOOR REAR L","General Spare Parts","TVS / Universal","0","357","420","5"
"KE220250","SIDE TRIM FLOOR REAR R","General Spare Parts","TVS / Universal","0","425","500","5"
"KE2202602F","SIDE PANEL COMP PEARL WHITE","General Spare Parts","TVS / Universal","0","15691","18460","5"
"KE2202604K","SIDE PANEL COMP W BROWN","General Spare Parts","TVS / Universal","0","15852.5","18650","5"
"KE2202607D","SIDE PANEL COMP TITAN GREY","General Spare Parts","TVS / Universal","0","15691","18460","5"
"KE2202607K","SIDE PANEL COMP c.BRONZE GLOSSY","General Spare Parts","TVS / Universal","0","15410.5","18130","5"
"KE2202608F","SIDE PANEL COMP RACING RED","General Spare Parts","TVS / Universal","0","16133","18980","5"
"KE220260AEA","SIDE PANEL STARLIGHT BLUE","General Spare Parts","TVS / Universal","0","15606","18360","5"
"KE220260DA","SIDE PANEL COMP MERCURY GREY","General Spare Parts","TVS / Universal","0","17000","20000","5"
"KE220260EA","SIDE PANEL COMP MINT BLUE","General Spare Parts","TVS / Universal","0","17008.5","20010","5"
"KE2202702F","SIDE PANEL R COMP PEARL WHITE","General Spare Parts","TVS / Universal","0","15691","18460","5"
"KE2202704K","SIDE PANEL R COMP W BROWN","General Spare Parts","TVS / Universal","0","13957","16420","5"
"KE2202707D","SIDE PANEL R COMP TITAN GREY","General Spare Parts","TVS / Universal","0","18819","22140","5"
"KE2202707K","SIDE PANEL R COMP CBRONZE GLOSSY","General Spare Parts","TVS / Universal","0","15410.5","18130","5"
"KE2202708F","SIDE PANEL R COMP RACING RED","General Spare Parts","TVS / Universal","0","16133","18980","5"
"KE220270AEA","SIDE PANEL R STARLIGHT BLUE","General Spare Parts","TVS / Universal","0","15606","18360","5"
"KE220270DA","SIDE PANEL R COMP MERCURY GREY","General Spare Parts","TVS / Universal","0","16413.5","19310","5"
"KE220270EA","SIDE PANEL R COMP MINT BLUE","General Spare Parts","TVS / Universal","0","17000","20000","5"
"KE2203002F","COV BOTTOM TAIL CTR COMP PEARL WHITE","General Spare Parts","TVS / Universal","0","2558.5","3010","5"
"KE2203004K","COVER BOTTOM TAIL CENTER COMP W B","General Spare Parts","TVS / Universal","0","1657.5","1950","5"
"KE2203007D","COVER BOTTOM TAIL CENTER COMP TITAN GREY","General Spare Parts","TVS / Universal","0","1615","1900","5"
"KE2203007K","COVER BOTTOM TAIL CENTER COMP c_8RONZE G","General Spare Parts","TVS / Universal","0","1581","1860","5"
"KE2203008F","COVER BOTTOM TAIL CENTER COMP RACIN","General Spare Parts","TVS / Universal","0","1657.5","1950","5"
"KE220300AEA","COV BOTTOM TAIL CTR STARLIGHT BLUE","General Spare Parts","TVS / Universal","0","1598","1880","5"
"KE2203000A","COVER BOTTOM TAIL CENTER COMP M GREY","General Spare Parts","TVS / Universal","0","1674.5","1970","5"
"KE220300EA","Cover bottom tail center comp Mint blue","General Spare Parts","TVS / Universal","0","1691.5","1990","5"
"KE22035G2F","FENDER FRONT PAINTED PEARL WHI","General Spare Parts","TVS / Universal","0","5295.5","6230","5"
"KE22035G4K","FRONT FENDER ASSY PAINTED W BROWN","General Spare Parts","TVS / Universal","0","5151","6060","5"
"KE22035G7D","FRONT FENDER PAINTED TITAN GREY","General Spare Parts","TVS / Universal","0","5015","5900","5"
"KE22035G8F","FRONT FENDER PAINTED RACING RED","General Spare Parts","TVS / Universal","0","4981","5860","5"
"KE22035GAE","FRONT FENDER PAINTED S BLUE","General Spare Parts","TVS / Universal","0","4989.5","5870","5"
"KE22035GOA","FRONT FENDER PAINTED MERCURY GREY","General Spare Parts","TVS / Universal","0","5253","6180","5"
"KE22035GEA","Front fender painted Mint blue","General Spare Parts","TVS / Universal","0","5253","6180","5"
"KE220360","FENDER FRONT REAR","General Spare Parts","TVS / Universal","0","663","780","5"
"KE220370","8RKT FENDER FRONT","General Spare Parts","TVS / Universal","0","1521.5","1790","5"
"KE220380","HEADLAMP ASSY","Engine","TVS / Universal","0","39635.5","46630","5"
"KE2203GO","TAIL ASSY","General Spare Parts","TVS / Universal","0","18530","21800","5"
"KE220400","POSITION LAMP ASSY","Electrical","TVS / Universal","0","10004.5","11770","5"
"KE22041G2F","COVER HANDLE FRONT PAINTED PEARL WHITE","General Spare Parts","TVS / Universal","0","4054.5","4770","5"
"KE22041G4K","COVER HANDLE FRONT COMP W BROWN","General Spare Parts","TVS / Universal","0","4156.5","4890","5"
"KE22041G7D","COVER HANDLE FRONT COMP TITAN GREY","General Spare Parts","TVS / Universal","0","4054.5","4770","5"
"KE22041G7K","COVER HANDLE FRONT COMP c.aRONZE GLOSSY","General Spare Parts","TVS / Universal","0","3986.5","4690","5"
"KE22041G8F","COVER HANDLE FRONT COMP RACING RED","General Spare Parts","TVS / Universal","0","4020.5","4730","5"
"KE22041GAE","COVER HANDLE FRONT PAINTED S BLUE","General Spare Parts","TVS / Universal","0","4029","4740","5"
"KE22041GOA","COVER HANDLE FRONT COMP MERCURY GREY","General Spare Parts","TVS / Universal","0","4241.5","4990","5"
"KE22041GEA","COVER HANDLE FRONT COMP MINT BLUE","General Spare Parts","TVS / Universal","0","4241.5","4990","5"
"KE2204SG","COVER HANDLE FR TOP","General Spare Parts","TVS / Universal","0","841.5","990","5"
"KE2204706D","VISOR HEADLAMP GREYISH BLACK+TAPESET","Engine","TVS / Universal","0","2754","3240","5"
"KE2204802F","MIRROR ASSEMBLY L PEARL WHITE","General Spare Parts","TVS / Universal","0","3026","3560","5"
"KE2204804K","MIRROR ASSEMBLY L COMP WALNUT BROWN","General Spare Parts","TVS / Universal","0","2159","2540","5"
"KE2204807D","MIRROR ASSEMBLY L COMP TITAN GREY","General Spare Parts","TVS / Universal","0","3000.5","3530","5"
"KE2204807K","MIRROR ASSEMBLY L COMP CBRONZE GLOSSY","General Spare Parts","TVS / Universal","0","2958","3480","5"
"KE2204808F","MIRROR ASSEMBLY L COMP RACING RED","General Spare Parts","TVS / Universal","0","3196","3760","5"
"KE220480DA","MIRROR ASSEMBLY L COMP MERCURY GREY","General Spare Parts","TVS / Universal","0","3000.5","3530","5"
"KE220480EA","MIRROR ASSEMBLY L COMP MINT BLUE","General Spare Parts","TVS / Universal","0","2949.5","3470","5"
"KE2204G02F","MIRROR ASSEMBLY R PEARL WHITE","General Spare Parts","TVS / Universal","0","3026","3560","5"
"KE2204G07D","MIRROR ASSEMBLY R COMP TITAN GREY","General Spare Parts","TVS / Universal","0","3000.5","3530","5"
"KE2204G07K","MIRROR ASSEMBLY R COMP c.aRONZE GLOSSY","General Spare Parts","TVS / Universal","0","2958","3480","5"
"KE2204G08F","MIRROR ASSEMBLY R COMP RACING RED","General Spare Parts","TVS / Universal","0","3196","3760","5"
"KE2204GOOA","MIRROR ASSEMBLY R COMP MERCURY GREY","General Spare Parts","TVS / Universal","0","3000.5","3530","5"
"KE2204G0EA","MIRROR ASSEMBLY R COMP MINT BLUE","General Spare Parts","TVS / Universal","0","2949.5","3470","5"
"KE220580","NUMBER PLATE LAMP","Electrical","TVS / Universal","0","3213","3780","5"
"KE220SOO","MUDFLAP","General Spare Parts","TVS / Universal","0","425","500","5"
"KE220620","STAY HEADLAMP","Engine","TVS / Universal","0","1878.5","2210","5"
"KE220SSO","8RKT SIDE PANEL","General Spare Parts","TVS / Universal","0","612","720","5"
"KE220S50","8RKT FENDER REAR","General Spare Parts","TVS / Universal","0","425","500","5"
"KE220660","8RKT FENDER REAR R","General Spare Parts","TVS / Universal","0","425","500","5"
"KE2207602F","TAIL COVER CENTER COMP PEAR WHI","General Spare Parts","TVS / Universal","0","1963.5","2310","5"
"KE2207604K","TAIL COVER CENTER COMP W B","General Spare Parts","TVS / Universal","0","1853","2180","5"
"KE2207607D","TAIL COVER CENTER COMP TITAN GREY","General Spare Parts","TVS / Universal","0","1793.5","2110","5"
"KE2207607K","TAIL COVER CENTER COMP c. BRONZE GLOSSY","General Spare Parts","TVS / Universal","0","1768","2080","5"
"KE2207608F","TAIL COVER CENTER COMP RACING RED","General Spare Parts","TVS / Universal","0","1836","2160","5"
"KE220760AE","TAIL COVER CENTER COMP S SLUE","General Spare Parts","TVS / Universal","0","1785","2100","5"
"KE220760DA","TAIL COVER CENTER COMP MERCURY GREY","General Spare Parts","TVS / Universal","0","1946.5","2290","5"
"KE220760EA","TAIL COVER CENTER COMP MINT BLUE","General Spare Parts","TVS / Universal","0","1946.5","2290","5"
"KE220770","MUDGUARD REAR","General Spare Parts","TVS / Universal","0","1419.5","1670","5"
"KE220810","LOGO COVER SWING ARM","General Spare Parts","TVS / Universal","0","425","500","5"
"KE220850","COVER SWING ARM","General Spare Parts","TVS / Universal","0","425","500","5"
"KE220860","COVER SWING ARM R","General Spare Parts","TVS / Universal","0","867","1020","5"
"KE220870","COVER SWING ARM CAP","General Spare Parts","TVS / Universal","0","425","500","5"
"KE220G10","CAP COVER HANDLE REAR","General Spare Parts","TVS / Universal","0","425","500","5"
"KE220G80","COVER BATTERY","Electrical","TVS / Universal","0","425","500","5"
"KE22106G7K","PANEL REAR TOP COMP c_aRONZE GLOSSY","General Spare Parts","TVS / Universal","0","4063","4780","5"
"KE22106G8F","PANEL REAR TOP COMP RACING RED","General Spare Parts","TVS / Universal","0","4105.5","4830","5"
"KE22106GOA","PANEL REAR TOP COMP MERCURY GREY","General Spare Parts","TVS / Universal","0","4479.5","5270","5"
"KE22106GEA","Panel rear top comp Mint blue","General Spare Parts","TVS / Universal","0","4326.5","5090","5"
"KE221070","8RKT GUARD L","General Spare Parts","TVS / Universal","0","425","500","5"
"KE221080","8RKT GUARD R","General Spare Parts","TVS / Universal","0","425","500","5"
"KE2210GO","CAP UTILITY BOX","General Spare Parts","TVS / Universal","0","0.85","1","5"
"KE221100","CAP UTILITY BOX","General Spare Parts","TVS / Universal","0","1.7","2","5"
"KE221SGO","8RKT SIDE PANEL","General Spare Parts","TVS / Universal","0","0.85","1","5"
"KE22181G","COVER HANDLE FR TOP","General Spare Parts","TVS / Universal","0","816","960","5"
"KE22182G","VISOR HEADLAMP","Engine","TVS / Universal","0","2405.5","2830","5"
"KE221G70","UTILITY BOX 1","General Spare Parts","TVS / Universal","0","3646.5","4290","5"
"KE221G81","IQU8E DESIGNER FLOOR MAT","General Spare Parts","TVS / Universal","0","3196","3760","5"
"KE222070","COVER BOT FLOOR 1,","General Spare Parts","TVS / Universal","0","425","500","5"
"KE222080","COVER FRONT","General Spare Parts","TVS / Universal","0","2235.5","2630","5"
"KE2220GG7K","PILLIION HANDLE ASSY CPR BRONZE","General Spare Parts","TVS / Universal","0","425","500","5"
"KE2220GG8F","PILLION HANDLE PAINTED 2 RACING RED","General Spare Parts","TVS / Universal","0","425","500","5"
"KE2220GGOA","PILLION HANDLE ASSY MG","General Spare Parts","TVS / Universal","0","10302","12120","5"
"KE2220GGEA","PILLION HANDLE ASSY Ma","General Spare Parts","TVS / Universal","0","10302","12120","5"
"KE222110","8RKT FENDER REAR","General Spare Parts","TVS / Universal","0","425","500","5"
"KE222120","8RKT FENDER REAR R","General Spare Parts","TVS / Universal","0","425","500","5"
"KE222140","STAY HEADLAMP","Engine","TVS / Universal","0","0.85","1","5"
"KE222150","8RKT FLOOR BOARD MTG","General Spare Parts","TVS / Universal","0","1912.5","2250","5"
"KE2222SO","8RKT UTILITY Sox","General Spare Parts","TVS / Universal","0","2082.5","2450","5"
"KE2223SS","PRO SHIELD - 'QUBE 7 INCH","General Spare Parts","TVS / Universal","0","1300.5","1530","5"
"KE2230SG","COVER HANDLE REAR EV","General Spare Parts","TVS / Universal","0","841.5","990","5"
"KE22304G","PANEL RR","General Spare Parts","TVS / Universal","0","1921","2260","5"
"KE2231SO","FLOOR MAT","General Spare Parts","TVS / Universal","0","5457","6420","5"
"KE223240","CAP UTILITY BOX","General Spare Parts","TVS / Universal","0","425","500","5"
"KE22325G6D","PILLION HANDLE GREYISH BLACK","General Spare Parts","TVS / Universal","0","9001.5","10590","5"
"KE2232GO","FLOOR BOARD","General Spare Parts","TVS / Universal","0","2788","3280","5"
"KE223310","HOLDER","General Spare Parts","TVS / Universal","0","425","500","5"
"KE22335G7K","COVER HANDLE REAR CPR BRONZE","General Spare Parts","TVS / Universal","0","3986.5","4690","5"
"KE22335G8F","COVER HANDLE REAR RACING RED","General Spare Parts","TVS / Universal","0","4165","4900","5"
"KE22335GOA","COVER HANDLE REAR MG","General Spare Parts","TVS / Universal","0","3986.5","4690","5"
"KE22335GEA","COVER HANDLE REAR MB","General Spare Parts","TVS / Universal","0","3986.5","4690","5"
"KE224GSO","UTILITY BOX.","General Spare Parts","TVS / Universal","0","3995","4700","5"
"KE2250GO","COVER--UTILITY BOX","General Spare Parts","TVS / Universal","0","425","500","5"
"KE227SSO","BACKREST PILLION—ASSY 1","General Spare Parts","TVS / Universal","0","8993","10580","5"
"KE240GGO","U388:BATTERY PACK ASSY","Electrical","TVS / Universal","0","234702","276120","5"
"KE242080","BATTERY PACK ASSY","Electrical","TVS / Universal","0","171139","201340","5"
"KE242620","BATTERY PACK ASSEMBLY 14S7P - M52V","Electrical","TVS / Universal","0","266900","314000","5"
"KE300302","Seat Cover- iQube -Black and Grey","General Spare Parts","TVS / Universal","0","2864.5","3370","5"
"KE300370","Tvs iQU3E Vehicle cov","General Spare Parts","TVS / Universal","0","3094","3640","5"
"KE320060","CENTER STAND KIT-IQUBE","General Spare Parts","TVS / Universal","0","4454","5240","5"
"KE320120","8RKT LICENCE PLATE KIT","General Spare Parts","TVS / Universal","0","425","500","5"
"KE320210","BATTERY CHARGER OFFBOARD 650 W","Electrical","TVS / Universal","0","105893","124580","5"
"KE320400","CLM SCREW—SPECIAL","General Spare Parts","TVS / Universal","0","425","500","5"
"KE320810","KIT COVER ASSY--ASSY","General Spare Parts","TVS / Universal","0","425","500","5"
"KE320850","KIT ROTOR ASSY.","General Spare Parts","TVS / Universal","0","68612","80720","5"
"KE320870","KIT BEARING ASSY—LH","General Spare Parts","TVS / Universal","0","4360.5","5130","5"
"KH010080","GUIDE CAMCHAIN","Brakes","TVS / Universal","0","425","500","5"
"KH010090","TENSIONER CAMCHAIN","Brakes","TVS / Universal","0","425","500","5"
"KH030020","CLAMP TUBE INLET","Electrical","TVS / Universal","0","425","500","5"
"KL0101GO","GUIDE CAMCHAIN PLAS","Brakes","TVS / Universal","0","425","500","5"
"KL010200","TENSIONER CAMCHAIN PLAS","Brakes","TVS / Universal","0","1207","1420","5"
"KL010230","COVER CYL HEAD","Engine","TVS / Universal","0","425","500","5"
"KL020010","CRANKSHAFT ASSY","Engine","TVS / Universal","0","31237.5","36750","5"
"KL030010","CRANKCASE SC MC","Engine","TVS / Universal","0","12920","15200","5"
"KL030050","COVER VARIATOR TITANIUM GREY (AIT)","General Spare Parts","TVS / Universal","0","6060.5","7130","5"
"KL0300507D","COVER VARIATOR TITAN GREY PAINTED (ALTI","General Spare Parts","TVS / Universal","0","12291","14460","5"
"KL030070","COVER MAGNETO","General Spare Parts","TVS / Universal","0","7395","8700","5"
"KL030100","GEARCASE COMP","General Spare Parts","TVS / Universal","0","10183","11980","5"
"KL030120","GASKET MAGNETO COVER","Engine","TVS / Universal","0","416.5","490","5"
"KL030130","GASKET GEARCASE","Engine","TVS / Universal","0","425","500","5"
"KL030140","COVER CRANKCASE MC","Engine","TVS / Universal","0","663","780","5"
"KL030150","O-RING 310","General Spare Parts","TVS / Universal","0","5321","6260","5"
"KL040020","AIRCLEANER ASSY","Filters","TVS / Universal","0","12920","15200","5"
"KL040040","COVER AIR CLEANER COMP","Filters","TVS / Universal","0","425","500","5"
"KL040050","FILTER HOLDER COMP","Filters","TVS / Universal","0","2184.5","2570","5"
"KL040070","TUBE INLET","General Spare Parts","TVS / Universal","0","425","500","5"
"KL040080","TUBE OUTLET","General Spare Parts","TVS / Universal","0","1156","1360","5"
"KL040100","HOSE BREATHER PCV","General Spare Parts","TVS / Universal","0","425","500","5"
"KL040110","HOSE GEAR CRANKCASE","Engine","TVS / Universal","0","425","500","5"
"KL040120","SEAL AIR CLEANER","Filters","TVS / Universal","0","425","500","5"
"KL040170","HOSE CRANKCASE BREATHER","Engine","TVS / Universal","0","425","500","5"
"KL0401GO","TUBE OUTLET","General Spare Parts","TVS / Universal","0","935","1100","5"
"KL040220","FILTER HOLDER","Filters","TVS / Universal","0","2023","2380","5"
"KL040230","SEAL AIR CLEANER","Filters","TVS / Universal","0","425","500","5"
"KL040270","PIPE INTAKE COMP","General Spare Parts","TVS / Universal","0","1921","2260","5"
"KL0403SO","THROTTLE BODY ASSY","General Spare Parts","TVS / Universal","0","47736","56160","5"
"KL050110","GUARD EXHAUST RR","General Spare Parts","TVS / Universal","0","2116.5","2490","5"
"KL050130","MUFFLER SUB ASSY 2","General Spare Parts","TVS / Universal","0","59406.5","69890","5"
"KL0501SO","GUARD EXHAUST FRI","General Spare Parts","TVS / Universal","0","2006","2360","5"
"KL060020","STARTER MOTOR (ALTI","General Spare Parts","TVS / Universal","0","16405","19300","5"
"KL060030","OXYGEN SENSOR ASSY","Electrical","TVS / Universal","0","10208.5","12010","5"
"KL070020","COVER FAN CVT","General Spare Parts","TVS / Universal","0","1088","1280","5"
"KL0700GO","CLUTCH ASSY PRIMARY DRIVE","General Spare Parts","TVS / Universal","0","6417.5","7550","5"
"KL070100","FACE FIXED DRIVEN","General Spare Parts","TVS / Universal","0","425","500","5"
"KL070110","PIN, MOVABLE DRIVEN","General Spare Parts","TVS / Universal","0","425","500","5"
"KL080010","SHAFT CLUTCH","General Spare Parts","TVS / Universal","0","4156.5","4890","5"
"KL080050","GEAR OILPUMP DRIVE","Oils & Fluids","TVS / Universal","0","1674.5","1970","5"
"KL0800SO","STARTER KICK ASSY","General Spare Parts","TVS / Universal","0","15606","18360","5"
"KL0800GO","GEAR KICKSTARTER DRIVE COMP","General Spare Parts","TVS / Universal","0","2669","3140","5"
"KL080120","LEVER KICKSTARTER ASSY (ALTI","General Spare Parts","TVS / Universal","0","3102.5","3650","5"
"KL090030","BUMP STOPPER TOGGLE LINK","General Spare Parts","TVS / Universal","0","425","500","5"
"KL090080","TOGGLE LINK ASSY","General Spare Parts","TVS / Universal","0","6120","7200","5"
"KL090100","BUMP STOPPER TOGGLE LINK BOTTOM","General Spare Parts","TVS / Universal","0","425","500","5"
"KL090110","SHOCK ABSORBER 1","General Spare Parts","TVS / Universal","0","10123.5","11910","5"
"KL100030","LEG ASSY LH 30 42400","General Spare Parts","TVS / Universal","0","18989","22340","5"
"KL100040","LEG ASSY RH 30 42400","General Spare Parts","TVS / Universal","0","15529.5","18270","5"
"KL100050","FORK TUBE OUTER LH","General Spare Parts","TVS / Universal","0","10684.5","12570","5"
"KLIOOOSO","FORK TUBE OUTER R","General Spare Parts","TVS / Universal","0","10514.5","12370","5"
"KL100080","LEG ASSY L 30 42400","General Spare Parts","TVS / Universal","0","16124.5","18970","5"
"KLIOOOGO","LEG ASSY R 30 42400","General Spare Parts","TVS / Universal","0","16133","18980","5"
"KL100100","LOWER BRKT COMP","General Spare Parts","TVS / Universal","0","13761.5","16190","5"
"KL100110","FORK ASSY FR 14025 42400 17500 2600","General Spare Parts","TVS / Universal","0","39482.5","46450","5"
"KL1202SO","PILLION FOOTREST ASSY","General Spare Parts","TVS / Universal","0","4360.5","5130","5"
"KL120310","BATTERY HOLDER BOT COMP","Electrical","TVS / Universal","0","977.5","1150","5"
"KL120480","CLAMP BATTERY","Electrical","TVS / Universal","0","425","500","5"
"KL120550","COVER SEAT LATCH","General Spare Parts","TVS / Universal","0","399.5","470","5"
"KLI","30010 SEAT BASE","General Spare Parts","TVS / Universal","0","6434.5","7570","5"
"KL130020","SEAT FOAM","General Spare Parts","TVS / Universal","0","7675.5","9030","5"
"KL130030","COVER COMP SEAT","General Spare Parts","TVS / Universal","0","4454","5240","5"
"KL130050","SEAT ASSY","General Spare Parts","TVS / Universal","0","27531.5","32390","5"
"KL1300SO","PACKING SEAT BASE","General Spare Parts","TVS / Universal","0","1071","1260","5"
"KL130130","ADAPTOR SEAT CUSHION","General Spare Parts","TVS / Universal","0","790.5","930","5"
"KL140040","HOSE ASSY","General Spare Parts","TVS / Universal","0","2932.5","3450","5"
"KL1400SO","CUSHION FUEL TANK","General Spare Parts","TVS / Universal","0","425","500","5"
"KL1400GO","HOSE INDUCTION","General Spare Parts","TVS / Universal","0","425","500","5"
"KL140110","HOSE FUEL TANK","General Spare Parts","TVS / Universal","0","425","500","5"
"KL140120","PLATE GUIDE COMP","General Spare Parts","TVS / Universal","0","425","500","5"
"KL140130","GUIDE HOSE","General Spare Parts","TVS / Universal","0","425","500","5"
"KL1401SO","FLANGE TOP FUEL PUMP MTG","General Spare Parts","TVS / Universal","0","416.5","490","5"
"KL140180","BEADING FUEL TANK","General Spare Parts","TVS / Universal","0","425","500","5"
"KL140220","FUEL TANK COMP 1","General Spare Parts","TVS / Universal","0","8891","10460","5"
"KL140240","CAP ASSY FUEL TANK","General Spare Parts","TVS / Universal","0","3697.5","4350","5"
"KL140250","GUIDE HOSE","General Spare Parts","TVS / Universal","0","425","500","5"
"KL140270","HOSE CANISTER","General Spare Parts","TVS / Universal","0","425","500","5"
"KL140300","HOSE VENT 1","General Spare Parts","TVS / Universal","0","1079.5","1270","5"
"KL150070","BRACKET LEVER LH","General Spare Parts","TVS / Universal","0","671.5","790","5"
"KL1500GO","CONTROL LEVER ASSY LH","General Spare Parts","TVS / Universal","0","3638","4280","5"
"KL160030","SIDE STAND SWITCH","Electrical","TVS / Universal","0","2082.5","2450","5"
"KL160100","FUEL SENDER ASSY","General Spare Parts","TVS / Universal","0","1997.5","2350","5"
"KL1602GO","CONTROL UNIT 3","General Spare Parts","TVS / Universal","0","41505.5","48830","5"
"KL170010","CABLE ASSY FUEL TANK CAP","Electrical","TVS / Universal","0","425","500","5"
"KL170040","CABLE ASSY BRAKE ASSY RR","Brakes","TVS / Universal","0","2490.5","2930","5"
"KL170050","CABLE CLAMP","Electrical","TVS / Universal","0","425","500","5"
"KL170080","CABLE ASSY BRAKE FRONT TOP","Brakes","TVS / Universal","0","1062.5","1250","5"
"KL180170","ENGINE ASSY. 125 ES VARIO 3V (ALTI","Engine","TVS / Universal","0","458294.5","539170","5"
"KL200010","OIL SEAL 26 52 6","Oils & Fluids","TVS / Universal","0","1292","1520","5"
"KL200020","BALL BEARING loxsoxg - 6200 2Z","General Spare Parts","TVS / Universal","0","1513","1780","5"
"KL220010","COVER HANDLE REAR","General Spare Parts","TVS / Universal","0","1844.5","2170","5"
"KL22002013","COVER HANDLE FRONT MET BLUE + Tapes","General Spare Parts","TVS / Universal","0","5482.5","6450","5"
"KL2200205D","COVER HANDLE FRONT MATTE BLACK + TAPESET","General Spare Parts","TVS / Universal","0","3051.5","3590","5"
"KL2200205R","COVER HANDLE FRONT GLOSS YELLOW +TA","General Spare Parts","TVS / Universal","0","5040.5","5930","5"
"KL2200208A","COVER HANDLE FRONT SUMMER YELLOW","General Spare Parts","TVS / Universal","0","5355","6300","5"
"KL2200208F","COVER HANDLE FRONT RACING RED","General Spare Parts","TVS / Universal","0","6205","7300","5"
"KL2200209C","COVER HANDLE FRONT SYRAH RED + Tape","General Spare Parts","TVS / Universal","0","6009.5","7070","5"
"KL2200209F","COVER HANDLE FRONT MATTE SILVER +TA","General Spare Parts","TVS / Universal","0","5312.5","6250","5"
"KL220020AC","COVER HANDLE FRONT HBLUE+ TAPESET","General Spare Parts","TVS / Universal","0","3825","4500","5"
"KL220020BL","COVER HANDLE FRONT TOP FROST + Tape","General Spare Parts","TVS / Universal","0","6349.5","7470","5"
"KL220020DF","COVER HANDLE FRONT RACE MAR BLUE+TA","General Spare Parts","TVS / Universal","0","5907.5","6950","5"
"KL220020EL","COVER HANDLE FRONT GREEN + Tapeset","General Spare Parts","TVS / Universal","0","5312.5","6250","5"
"KL220020NH","COVER HANDLE FRONT N.GREY + TAPESET","General Spare Parts","TVS / Universal","0","3825","4500","5"
"KL220030","VISOR HEADLAMP","Engine","TVS / Universal","0","2992","3520","5"
"KL22004013","PANEL FRONT MET BLUE + Tapeset","General Spare Parts","TVS / Universal","0","12214.5","14370","5"
"KL2200405D","PANEL FRONT MATTE BLACK + TAPESET","General Spare Parts","TVS / Universal","0","12937","15220","5"
"KL2200405DA","PANEL FRONT MATTE BLACK + Tapeset G","General Spare Parts","TVS / Universal","0","8500","10000","5"
"KL2200405DB","PANEL FRONT MATTE BLACK +TAPESET M","General Spare Parts","TVS / Universal","0","8500","10000","5"
"KL2200405DC","PANEL FRONT MATTE BLACK + TAPESET","General Spare Parts","TVS / Universal","0","11475","13500","5"
"KL2200408A","PANEL FRONT SUMMER YELLOW + Tape se","General Spare Parts","TVS / Universal","0","11534.5","13570","5"
"KL2200408F","PANEL FRONT +TAPESET RACING RED","General Spare Parts","TVS / Universal","0","12214.5","14370","5"
"KL2200408FB","PANEL FRONT RACING RED + TAPESET","General Spare Parts","TVS / Universal","0","13455.5","15830","5"
"KL2200409C","PANEL FRONT SYRAH RED + Tapeset","General Spare Parts","TVS / Universal","0","11534.5","13570","5"
"KL2200409F","PANEL FRONT MATTE SILVER + TAPESET","General Spare Parts","TVS / Universal","0","12053","14180","5"
"KL220040AC","PANEL FRONT H_8LUE + TAPESET","General Spare Parts","TVS / Universal","0","8925","10500","5"
"KL220040BL","PANEL FRONT TOP FROST + Tapeset","General Spare Parts","TVS / Universal","0","12214.5","14370","5"
"KL220040EL","PANEL FRONT GREEN + Tapeset","General Spare Parts","TVS / Universal","0","3765.5","4430","5"
"KL220040NH","PANEL FRONT N.GRE\' + TAPESET","General Spare Parts","TVS / Universal","0","8925","10500","5"
"KL220050","GRILL PANEL FRONT","General Spare Parts","TVS / Universal","0","1079.5","1270","5"
"KL2200SO","PANEL FRONT TOP","General Spare Parts","TVS / Universal","0","2813.5","3310","5"
"KL2200705DB","PANEL BOTTOM L MATTE BLACK + TAPESET","General Spare Parts","TVS / Universal","0","7199.5","8470","5"
"KL2200705DC","PANEL BOTTOM L MATTE BLACK + TAPESET","General Spare Parts","TVS / Universal","0","8364","9840","5"
"KL2200705DD","PANEL BOTTOM L MATTE BLACK + TAPESET MAT","General Spare Parts","TVS / Universal","0","5516.5","6490","5"
"KL2200708D","PANEL BOT L TITANIUM GREY + Tapeset","General Spare Parts","TVS / Universal","0","7650","9000","5"
"KL2200708DA","PANEL BOT L TITANIUM GREY + TAPESET","General Spare Parts","TVS / Universal","0","8364","9840","5"
"KL2200708DB","PANEL BOT L TITANIUM GREY+TAPESET G","General Spare Parts","TVS / Universal","0","7896.5","9290","5"
"KL2200708DC","PANEL BOT L TITANIUM GREY+TAPESET M","General Spare Parts","TVS / Universal","0","6120","7200","5"
"KL2200805DB","PANEL BOTTOM R MATTE BLACK + TAPESET","General Spare Parts","TVS / Universal","0","7199.5","8470","5"
"KL2200805DC","PANEL BOTTOM R MATTE BLACK + TAPESET","General Spare Parts","TVS / Universal","0","8364","9840","5"
"KL2200805DD","PANEL BOTTOM R MATTE BLACK + TAPESET MAT","General Spare Parts","TVS / Universal","0","5516.5","6490","5"
"KL2200808D","PANEL BOT R TITANIUM GREY + Tapeset","General Spare Parts","TVS / Universal","0","7650","9000","5"
"KL2200808DA","PANEL BOT R TITANIUM GREY + TAPESET","General Spare Parts","TVS / Universal","0","8364","9840","5"
"KL2200808DB","PANEL BOT R TITANIUM GREY + TAPESE","General Spare Parts","TVS / Universal","0","7896.5","9290","5"
"KL2200808DC","PANEL BOT R TITANIUM GREY+TAPESET M","General Spare Parts","TVS / Universal","0","6120","7200","5"
"KL2200GG","PANEL BOT CTR","General Spare Parts","TVS / Universal","0","986","1160","5"
"KL22010G","FENDER FRONT CENTER Unpainted","General Spare Parts","TVS / Universal","0","5644","6640","5"
"KL22010G5D","FENDER FRONT CENTER MATTE BLACK Pai (ALTI","General Spare Parts","TVS / Universal","0","6315.5","7430","5"
"KL22011G13","FENDER FRONT L MET BLUE Painted","General Spare Parts","TVS / Universal","0","3799.5","4470","5"
"KL22011G5D","FENDER FRONT L MATTE BLACK","General Spare Parts","TVS / Universal","0","3196","3760","5"
"KL22011G5R","FENDER FRONT L GLOSS YELLOW","General Spare Parts","TVS / Universal","0","3519","4140","5"
"KL22011G8A","FENDER FRONT L SUMMER YELLOW Painte","General Spare Parts","TVS / Universal","0","3570","4200","5"
"KL22011G8F","FENDER FRONT L RACING RED","General Spare Parts","TVS / Universal","0","4105.5","4830","5"
"KL22011GGC","FENDER FRONT L SYRAH RED Painted","General Spare Parts","TVS / Universal","0","3519","4140","5"
"KL22011G9F","FENDER FRONT L MATTE SILVER PAINTED","General Spare Parts","TVS / Universal","0","4190.5","4930","5"
"KL22011GAC","FENDER FRONT L PAINTING HELUE","General Spare Parts","TVS / Universal","0","2966.5","3490","5"
"KL22011GBL","FENDER FRONT L TOP FROST Painted","General Spare Parts","TVS / Universal","0","3799.5","4470","5"
"KL22011GDF","FENDER FRONT L RACE MARINE BLUE","General Spare Parts","TVS / Universal","0","3731.5","4390","5"
"KL22011GEL","FENDER FRONT L GREEN Painted","General Spare Parts","TVS / Universal","0","3519","4140","5"
"KL22011GNH","FENDER FRONT L PAINTING N.GREY 3","General Spare Parts","TVS / Universal","0","416.5","490","5"
"KL22012G13","FENDER FRONT R MET BLUE Painted","General Spare Parts","TVS / Universal","0","5100","6000","5"
"KL22012G5D","FENDER FRONT R MATTE BLACK","General Spare Parts","TVS / Universal","0","3196","3760","5"
"KL22012G5R","FENDER FRONT R GLOSS YELLOW","General Spare Parts","TVS / Universal","0","3519","4140","5"
"KL22012G8A","FENDER FRONT R SUMMER YELLOW Painte","General Spare Parts","TVS / Universal","0","3519","4140","5"
"KL22012G8F","FENDER FRONT R RACING RED","General Spare Parts","TVS / Universal","0","4105.5","4830","5"
"KL22012GGC","FENDER FRONT R SYRAH RED Painted","General Spare Parts","TVS / Universal","0","3519","4140","5"
"KL22012G9F","FENDER FRONT R MATTE SILVER PAINTED","General Spare Parts","TVS / Universal","0","4190.5","4930","5"
"KL22012GAC","FENDER FRONT R PAINTING HELLIE","General Spare Parts","TVS / Universal","0","2966.5","3490","5"
"KL22012GBL","FENDER FRONT R TOP FROST Painted","General Spare Parts","TVS / Universal","0","3799.5","4470","5"
"KL22012GDF","FENDER FRONT R RACE MARINE BLUE","General Spare Parts","TVS / Universal","0","3731.5","4390","5"
"KL22012GEL","FENDER FRONT R GREEN painted","General Spare Parts","TVS / Universal","0","1147.5","1350","5"
"KL22012GNH","FENDER FRONT R PAINTING NGREY","General Spare Parts","TVS / Universal","0","2966.5","3490","5"
"KL22013G","PANEL FR 80T","General Spare Parts","TVS / Universal","0","2116.5","2490","5"
"KL220140","GRILL PANEL L","General Spare Parts","TVS / Universal","0","425","500","5"
"KL220150","GRILL PANEL R","General Spare Parts","TVS / Universal","0","425","500","5"
"KL2201SO","PANEL REAR","General Spare Parts","TVS / Universal","0","5499.5","6470","5"
"KL220170","FLOOR BOARD","General Spare Parts","TVS / Universal","0","5355","6300","5"
"KL2201805D","IDE TRIM FLOOR L MATTE BLACK + Tape (ACT)","General Spare Parts","TVS / Universal","0","1309","1540","5"
"KL2201G05D","SIDE TRIM FLOOR R MATTE BLACK + Tap (ALTI","General Spare Parts","TVS / Universal","0","1309","1540","5"
"KL220200","SIDE TRIM FLOOR REAR L","General Spare Parts","TVS / Universal","0","688.5","810","5"
"KL220210","SIDE TRIM FLOOR REAR R","General Spare Parts","TVS / Universal","0","688.5","810","5"
"KL2202205R","COVER FRONT GLOSS YELLOW+TAPESET G.","General Spare Parts","TVS / Universal","0","6732","7920","5"
"KL2202208F","COVER FRONT RACING RED + TAPESET","General Spare Parts","TVS / Universal","0","6664","7840","5"
"KL2202209F","COVER FRONT MATTE SILVER + TAPESET","General Spare Parts","TVS / Universal","0","10786.5","12690","5"
"KL220220DF","COVER FRONT RACE MARINE BLUE + TAPE","General Spare Parts","TVS / Universal","0","6664","7840","5"
"KL22022GOO","COVER FRONT - GLOSSY BLACK","General Spare Parts","TVS / Universal","0","5372","6320","5"
"KL22022G5D","COVER FRONT MATTE BLACK Painted (AIT)","General Spare Parts","TVS / Universal","0","7378","8680","5"
"KL22023G5D","COVER FRONT BOTTOM L MATTE BLACK","General Spare Parts","TVS / Universal","0","2864.5","3370","5"
"KL22023G8D","30VER FRONT L TITANIUM GREY Painted","General Spare Parts","TVS / Universal","0","3672","4320","5"
"KL22023G8F","COVER FRONT L RACING RED","General Spare Parts","TVS / Universal","0","3493.5","4110","5"
"KL22024G5D","COVER FRONT BOTTOM R MATTE BLACK","General Spare Parts","TVS / Universal","0","2873","3380","5"
"KL22024G8D","COVER FRONT R TITANIUM GREY Painted","General Spare Parts","TVS / Universal","0","3748.5","4410","5"
"KL22024G8F","COVER FRONT R RACING RED","General Spare Parts","TVS / Universal","0","3468","4080","5"
"KL22025GOO","SIDE PANEL TOP L GLOSSY BLACK","General Spare Parts","TVS / Universal","0","977.5","1150","5"
"KL22025G5D","SIDE PANEL TOP L MATTE BLACK Painte (ALTI","General Spare Parts","TVS / Universal","0","1513","1780","5"
"KL22025G5R","SIDE PANEL TOP L GLOSS YELLOW","General Spare Parts","TVS / Universal","0","4105.5","4830","5"
"KL22025G8F","SIDE PANEL TOP L RACING RED","General Spare Parts","TVS / Universal","0","1496","1760","5"
"KL22025G9F","SIDE PANEL TOP L MATTE SILVER","General Spare Parts","TVS / Universal","0","1292","1520","5"
"KL22025GDF","SIDE PANEL TOP L RACE MARINE BLUE","General Spare Parts","TVS / Universal","0","1496","1760","5"
"KL2202SGOO","SIDE PANEL TOP R GLOSSY BLACK","General Spare Parts","TVS / Universal","0","977.5","1150","5"
"KL2202SG5D","SIDE PANEL TOP R MATTE BLACK Painte (ALT)","General Spare Parts","TVS / Universal","0","1513","1780","5"
"KL2202SG5R","SIDE PANEL TOP R GLOSS YELLOW","General Spare Parts","TVS / Universal","0","2779.5","3270","5"
"KL2202SG8F","SIDE PANEL TOP R RACING RED","General Spare Parts","TVS / Universal","0","1496","1760","5"
"KL2202SG9F","SIDE PANEL TOP R MATTE SILVER","General Spare Parts","TVS / Universal","0","1292","1520","5"
"KL2202SGDF","SIDE PANEL TOP R RACE MARINE BLUE","General Spare Parts","TVS / Universal","0","1496","1760","5"
"KL22027013","SIDE PANEL MET BLUE + Tapeset","General Spare Parts","TVS / Universal","0","13804","16240","5"
"KL2202705D","SIDE PANEL MATTE BLACK + TAPESET","General Spare Parts","TVS / Universal","0","12750","15000","5"
"KL2202705DA","SIDE PANEL MATTE BLACK+TAPESET G.","General Spare Parts","TVS / Universal","0","13761.5","16190","5"
"KL2202705DB","SIDE PANEL MATTE BLACK + TAPESET","General Spare Parts","TVS / Universal","0","14348","16880","5"
"KL2202705DC","SIDE PANEL MATTE BLACK+TAPESET M","General Spare Parts","TVS / Universal","0","13804","16240","5"
"KL2202705DF","SIDE PANEL MATTE BLACK + TAPESET","General Spare Parts","TVS / Universal","0","13804","16240","5"
"KL2202708A","SIDE PANEL SUMMER YELLOW + Tape 5","General Spare Parts","TVS / Universal","0","5253","6180","5"
"KL2202708F","SIDE PANEL L + LOGOSIDE RACING RED","General Spare Parts","TVS / Universal","0","11823.5","13910","5"
"KL2202709C","SIDE PANEL L SYRAH RED + Tapeset","General Spare Parts","TVS / Universal","0","11186","13160","5"
"KL2202709F","SIDE PANEL L MATTE SILVER + TAPESET","General Spare Parts","TVS / Universal","0","12291","14460","5"
"KL220270AC","SIDE PANEL L H.3LUE + TAPESET","General Spare Parts","TVS / Universal","0","7650","9000","5"
"KL220270BL","SIDE PANEL L TOP FROST + Tapeset","General Spare Parts","TVS / Universal","0","13804","16240","5"
"KL220270EL","SIDE PANEL L GREEN + Tapeset","General Spare Parts","TVS / Universal","0","4904.5","5770","5"
"KL220270NH","SIDE PANEL L NGREY + TAPESET","General Spare Parts","TVS / Universal","0","7650","9000","5"
"KL22028013","SIDE PANEL R MET BLUE + Tapeset","General Spare Parts","TVS / Universal","0","13804","16240","5"
"KL2202805D","SIDE PANEL R MATTE BLACK + TAPESET","General Spare Parts","TVS / Universal","0","12750","15000","5"
"KL2202805DA","SIDE PANEL R MATTE BLACK+TAPESET G.","General Spare Parts","TVS / Universal","0","13600","16000","5"
"KL2202805DB","SIDE PANEL R MATTE BLACK + TAPESET","General Spare Parts","TVS / Universal","0","14348","16880","5"
"KL2202805DC","SIDE PANEL R MATTE BLACK+TAPESET M","General Spare Parts","TVS / Universal","0","13804","16240","5"
"KL2202805DF","SIDE PANEL R MATTE BLACK + TAPESET","General Spare Parts","TVS / Universal","0","13804","16240","5"
"KL2202808A","SIDE PANEL R SUMMER YELLOW + Tape s","General Spare Parts","TVS / Universal","0","5261.5","6190","5"
"KL2202808F","SIDE PANEL R + LOGOSIDE RACING RED","General Spare Parts","TVS / Universal","0","13804","16240","5"
"KL2202809C","SIDE PANEL R SYRAH RED + Tapeset","General Spare Parts","TVS / Universal","0","11500.5","13530","5"
"KL2202809F","SIDE PANEL R MATTE SILVER + TAPESET","General Spare Parts","TVS / Universal","0","13880.5","16330","5"
"KL220280AC","SIDE PANEL R H_aLUE + TAPESET","General Spare Parts","TVS / Universal","0","7650","9000","5"
"KL220280BL","SIDE PANEL R TOP FROST + Tapeset","General Spare Parts","TVS / Universal","0","13804","16240","5"
"KL220280EL","SIDE PANEL R GREEN + Tapeset","General Spare Parts","TVS / Universal","0","5873.5","6910","5"
"KL220280NH","SIDE PANEL R N.GREY + TAPESET","General Spare Parts","TVS / Universal","0","7650","9000","5"
"KL220310","COVER TAIL LAMP","Electrical","TVS / Universal","0","5771.5","6790","5"
"KL22032GOO","COVER TAIL CENTER - GLOSSY BLACK","General Spare Parts","TVS / Universal","0","2099.5","2470","5"
"KL22032G5D","cover Tail center MATTE BLACK Paint (ALTI","General Spare Parts","TVS / Universal","0","1394","1640","5"
"KL22032G5R","COVER TAIL CENTER GLOSS YELLOW","General Spare Parts","TVS / Universal","0","3162","3720","5"
"KL22032G8F","COVER TAIL CENTER RACING RED","General Spare Parts","TVS / Universal","0","2796.5","3290","5"
"KL22032G9F","COVER TAIL CENTER MATTE SILVER","General Spare Parts","TVS / Universal","0","2082.5","2450","5"
"KL22032GDF","COVER TAIL CENTER RACE MARINE BLUE","General Spare Parts","TVS / Universal","0","2167.5","2550","5"
"KL22033G7D","PILLION HANDLE TITAN GREY painted","General Spare Parts","TVS / Universal","0","10251","12060","5"
"KL22033GBD","PILLION HANDLE SEMI GL.aLACK","General Spare Parts","TVS / Universal","0","9061","10660","5"
"KL220340","FENDER REAR INNER","General Spare Parts","TVS / Universal","0","6315.5","7430","5"
"KL220350","FENDER REAR OUTER","General Spare Parts","TVS / Universal","0","1054","1240","5"
"KL2203SO","UTILITY BOX","General Spare Parts","TVS / Universal","0","8075","9500","5"
"KL220380","ID UTILITY aox","General Spare Parts","TVS / Universal","0","425","500","5"
"KL220400","HEADLAMP ASSY.","Engine","TVS / Universal","0","21556","25360","5"
"KL220410","TURN SIGNAL LH","General Spare Parts","TVS / Universal","0","2269.5","2670","5"
"KL220420","TURN SIGNAL RH","General Spare Parts","TVS / Universal","0","2252.5","2650","5"
"KL220430","TURN SIGNAL REAR R","General Spare Parts","TVS / Universal","0","2533","2980","5"
"KL220440","TURN SIGNAL REAR L","General Spare Parts","TVS / Universal","0","2533","2980","5"
"KL220450","TAIL ASSY","General Spare Parts","TVS / Universal","0","13685","16100","5"
"KL2204SO","COVER BOT FLOOR","General Spare Parts","TVS / Universal","0","2975","3500","5"
"KL220470","MUDGUARD REAR","General Spare Parts","TVS / Universal","0","1836","2160","5"
"KL220480","MIRROR ASSY LH","General Spare Parts","TVS / Universal","0","2516","2960","5"
"KL2204GO","MIRROR ASSY RH","General Spare Parts","TVS / Universal","0","2516","2960","5"
"KL2208GO","UTILITY BOX sua ASSY","General Spare Parts","TVS / Universal","0","6460","7600","5"
"KL221010","BRACKET TAIL LAM","General Spare Parts","TVS / Universal","0","425","500","5"
"KL221020","CAP, SIDE TRIM FLOOR LH","General Spare Parts","TVS / Universal","0","425","500","5"
"KL221320","RIB LOCK","General Spare Parts","TVS / Universal","0","425","500","5"
"KL221330","COVER DIAGNOSTIC","General Spare Parts","TVS / Universal","0","425","500","5"
"KL2215GO","DEFLECTOR ASSY","General Spare Parts","TVS / Universal","0","425","500","5"
"KL320020","CAP IGNITION LOCK","General Spare Parts","TVS / Universal","0","425","500","5"
"KL320130","KIT PROP STAND ASSY -JUPITER","General Spare Parts","TVS / Universal","0","2456.5","2890","5"
"M080020","COVER CLUTCH PAINTED AXIOO","General Spare Parts","TVS / Universal","0","8729.5","10270","5"
"M100050","HOSE CLIP 48 DIA BLACK PASSIVATED","General Spare Parts","TVS / Universal","0","425","500","5"
"M100200","BELLOW DUST","General Spare Parts","TVS / Universal","0","425","500","5"
"M1010010","HEAD ASSY CYLINDER","Engine","TVS / Universal","0","67090.5","78930","5"
"M1010020","HEAD COMP CYLINDER ASSY AX 150","Engine","TVS / Universal","0","51221","60260","5"
"M1010040","SEAT INTAKE VALVE","Engine","TVS / Universal","0","705.5","830","5"
"M1010060","GUIDE VALVE","Engine","TVS / Universal","0","603.5","710","5"
"M1010070","RING VALVE GUIDE SNAP","Engine","TVS / Universal","0","425","500","5"
"M1010080","COVER CYLINDER HEAD - MACHINED","Engine","TVS / Universal","0","1079.5","1270","5"
"M10100GO","PIN CYL HEAD COVER KNOCK","Engine","TVS / Universal","0","425","500","5"
"M1010100","GASKET CYLINDER HEAD","Engine","TVS / Universal","0","2541.5","2990","5"
"M1010120","PISTON RED","Engine","TVS / Universal","0","3748.5","4410","5"
"M1010130","PIN PISTON","Engine","TVS / Universal","0","1054","1240","5"
"M1010140","ARM COMP VALVE ROCKER (AIT)","Engine","TVS / Universal","0","2941","3460","5"
"M1010150","ARM VALVE ROCKER","Engine","TVS / Universal","0","2881.5","3390","5"
"M1010180","ADJUSTER ASSY TENSIONER","General Spare Parts","TVS / Universal","0","1887","2220","5"
"M10101GO","SHAFT VALVE ROCKER ARM 1,","Engine","TVS / Universal","0","586.5","690","5"
"M1010200","CHAIN COMP CAMSHAFT DRIVE","Brakes","TVS / Universal","0","425","500","5"
"M1010210","SPROCKET CAMSHAFT 32T","Brakes","TVS / Universal","0","1292","1520","5"
"M1010250","GUIDE CAM CHAIN","Brakes","TVS / Universal","0","2108","2480","5"
"M1010260","PIPE COMP HEAD T/M 01","Engine","TVS / Universal","0","2337.5","2750","5"
"M1010320","PISTON STD","Engine","TVS / Universal","0","2388.5","2810","5"
"M1010350","GASKET CYL HEAD COVER BOLT","Engine","TVS / Universal","0","425","500","5"
"M1010360","GASKET CYL HEAD NUT","Engine","TVS / Universal","0","425","500","5"
"M1010370","PLUG CYL HEAD","Engine","TVS / Universal","0","425","500","5"
"M1010380","CAP INSPECTION HOLE (ALTI","General Spare Parts","TVS / Universal","0","425","500","5"
"M1010SGO","O-RING 2g_5xs","General Spare Parts","TVS / Universal","0","425","500","5"
"M1010400","BOLT STUD L","General Spare Parts","TVS / Universal","0","120.7","142","5"
"M1010410","RING PISTON 1ST","Engine","TVS / Universal","0","425","500","5"
"M1010420","RING PISTON 2ND","Engine","TVS / Universal","0","1079.5","1270","5"
"M1010430","RING PISTON OIL SET","Oils & Fluids","TVS / Universal","0","1496","1760","5"
"M1010440","CIRCLIP 17x1.o PISTON PIN","Engine","TVS / Universal","0","425","500","5"
"M1010450","CYLINDER COMP RED","Engine","TVS / Universal","0","19116.5","22490","5"
"M10104GO","PIN SPROCKET KNOCK","General Spare Parts","TVS / Universal","0","425","500","5"
"M1010500","c-RING CAMSHAFT","Brakes","TVS / Universal","0","425","500","5"
"M1010510","GASKET TENSIONER ADJUSTER","Engine","TVS / Universal","0","425","500","5"
"M1010520","FLANGE CAMSHAFT","Brakes","TVS / Universal","0","1623.5","1910","5"
"M1010540","PLUG ROCKER ARM SHAFT","General Spare Parts","TVS / Universal","0","425","500","5"
"M1010550","VALVE INTAKE","Engine","TVS / Universal","0","2354.5","2770","5"
"M1010560","VALVE EXHAUST","Engine","TVS / Universal","0","4411.5","5190","5"
"M1010570","SPRING VALVE INNER","Engine","TVS / Universal","0","425","500","5"
"M1010580","SPRING VALVE OUTER","Engine","TVS / Universal","0","425","500","5"
"M10105GO","RETAINER VALVE SPRING","Engine","TVS / Universal","0","425","500","5"
"M1010610","SEAT VALVE SPRING","Engine","TVS / Universal","0","425","500","5"
"M1010620","SEAL VALVE STEM OIL","Oils & Fluids","TVS / Universal","0","425","500","5"
"M1010630","RING SET PISTON","Engine","TVS / Universal","0","1020","1200","5"
"M1010640","SPRING SET VALVE [NO DRG]","Engine","TVS / Universal","0","816","960","5"
"M1010660","GASKET CYLINDER","Engine","TVS / Universal","0","425","500","5"
"M1010670","CYLINDER COMPLETE","Engine","TVS / Universal","0","19116.5","22490","5"
"M1010700","HOLDER COMP DECOMPRESSION","General Spare Parts","TVS / Universal","0","5091.5","5990","5"
"M1010760","CAM SHAFT COMP","Brakes","TVS / Universal","0","7998.5","9410","5"
"M1010770","SHIM 15X26X2_5 OILED [TSDS04021","Oils & Fluids","TVS / Universal","0","425","500","5"
"M10107GO","PIN DECOMPRESSION CAM","Brakes","TVS / Universal","0","425","500","5"
"M1010800","CAMSHAFT (ALTI","Brakes","TVS / Universal","0","3306.5","3890","5"
"M1010860","ADJUSTER ASSY TENSIONER","General Spare Parts","TVS / Universal","0","7114.5","8370","5"
"M1020010","CRANK SHAFT ASSY - FIERO ES (ALTI","Engine","TVS / Universal","0","38972.5","45850","5"
"M1020040","CRANK PIN","Engine","TVS / Universal","0","4913","5780","5"
"M1020200","CRANK SHAFT ASSY - FIERO KS (AIT)","Engine","TVS / Universal","0","38972.5","45850","5"
"M10208GO","U NUT M8X1_25","General Spare Parts","TVS / Universal","0","425","500","5"
"M1030010","CRANKCASE ASSY KS (SPARE)","Engine","TVS / Universal","0","63231.5","74390","5"
"M1030020","CRANKCASE COMP R FIERO KS/ES","Engine","TVS / Universal","0","21054.5","24770","5"
"M1030050","CRANKCASE COMP L FIERO KS","Engine","TVS / Universal","0","23154","27240","5"
"M1030080","COVER CLUTCH AX 150","General Spare Parts","TVS / Universal","0","10378.5","12210","5"
"M1030100","COVER MAGNETO AX 150","General Spare Parts","TVS / Universal","0","1377","1620","5"
"M1030120","PIN CRANKCASE","Engine","TVS / Universal","0","425","500","5"
"M1030130","DOWEL PIN CYL HEAD KNOCK","Engine","TVS / Universal","0","425","500","5"
"M1030140","DOWEL PIN CYL KNOCK","General Spare Parts","TVS / Universal","0","425","500","5"
"M1030150","DOWEL PIN CLUTCH COVER","General Spare Parts","TVS / Universal","0","425","500","5"
"M1030160","DOWEL PIN OILPUMP DRIVE GEAR","Oils & Fluids","TVS / Universal","0","425","500","5"
"M1040010","AIR CLEANER ASSY","Filters","TVS / Universal","0","16073.5","18910","5"
"M10400SO","PIPE COMP INTAKE","General Spare Parts","TVS / Universal","0","2524.5","2970","5"
"M1040040","CARBURETTOR ASSY","General Spare Parts","TVS / Universal","0","77001.5","90590","5"
"M1040140","CLAMP INTAKE PIPE","Electrical","TVS / Universal","0","425","500","5"
"M1040170","TRAP COMP FLAME","General Spare Parts","TVS / Universal","0","2371.5","2790","5"
"M1040180","THROTTLE VALVE (TV)","Engine","TVS / Universal","0","425","500","5"
"M10401GO","COVER DIAPHRAGM","General Spare Parts","TVS / Universal","0","416.5","490","5"
"M1040200","SPRING DIAPHRAGM","General Spare Parts","TVS / Universal","0","620.5","730","5"
"M1040210","PISTON VALVE","Engine","TVS / Universal","0","18105","21300","5"
"M1040220","DIAPHRAGM","General Spare Parts","TVS / Universal","0","5678","6680","5"
"M1040230","INLET COMP AIR CLEANER","Filters","TVS / Universal","0","425","500","5"
"M1040240","HOSE AIR VENT","General Spare Parts","TVS / Universal","0","425","500","5"
"M1040250","E RING JET NEED","General Spare Parts","TVS / Universal","0","425","500","5"
"M1040260","JET NEEDLE","General Spare Parts","TVS / Universal","0","3765.5","4430","5"
"M1040270","NEEDLE VALVE ASSY","Engine","TVS / Universal","0","5669.5","6670","5"
"M1040280","SCREW VALVE SEAT","Engine","TVS / Universal","0","425","500","5"
"M10402GO","PIN FLOAT","General Spare Parts","TVS / Universal","0","425","500","5"
"M1040SOO","FLOAT BODY ASSY","General Spare Parts","TVS / Universal","0","1147.5","1350","5"
"M1040310","HOSE DRAIN","General Spare Parts","TVS / Universal","0","357","420","5"
"M1040320","MAIN JET","General Spare Parts","TVS / Universal","0","425","500","5"
"M1040SSO","JET HOLDER","General Spare Parts","TVS / Universal","0","425","500","5"
"M1040340","FLOAT ASSY","General Spare Parts","TVS / Universal","0","5941.5","6990","5"
"M1040360","PILOT JET","General Spare Parts","TVS / Universal","0","1266.5","1490","5"
"M1040370","PLUNGER STARTER","General Spare Parts","TVS / Universal","0","654.5","770","5"
"M1040380","SPRING STARTER","General Spare Parts","TVS / Universal","0","425","500","5"
"M1040SGO","GUIDE HOLDER ASSY","General Spare Parts","TVS / Universal","0","620.5","730","5"
"M1040400","MIXTURENCONTROL SCREW(Mcs) (AIT)","General Spare Parts","TVS / Universal","0","416.5","490","5"
"M1040410","SPRING Mcs","General Spare Parts","TVS / Universal","0","425","500","5"
"M1040420","WASHER Mcs","General Spare Parts","TVS / Universal","0","425","500","5"
"M1040430","o RING Mcs","General Spare Parts","TVS / Universal","0","425","500","5"
"M1040440","SCREW DRAIN","General Spare Parts","TVS / Universal","0","425","500","5"
"M1040460","IDLING SCREW","General Spare Parts","TVS / Universal","0","425","500","5"
"M1040470","PACKING IDLING SCREW","General Spare Parts","TVS / Universal","0","425","500","5"
"M1040480","SPRING THROTTLE SHAFT","General Spare Parts","TVS / Universal","0","425","500","5"
"M10404GO","SPRING IDLING SCREW","General Spare Parts","TVS / Universal","0","425","500","5"
"M1040500","E RING THROTTLE SHAFT","General Spare Parts","TVS / Universal","0","425","500","5"
"M1040510","PACKING THROTTLE SHAFT","General Spare Parts","TVS / Universal","0","425","500","5"
"M1040520","O RING THROTTLE SHAFT","General Spare Parts","TVS / Universal","0","425","500","5"
"M1040530","SCREW DIAPHRAGM COVER","General Spare Parts","TVS / Universal","0","425","500","5"
"M1040540","SCREW FLOAT CHAMBER","General Spare Parts","TVS / Universal","0","425","500","5"
"M1040570","CAP STARTER","General Spare Parts","TVS / Universal","0","425","500","5"
"M1040580","NEEDLE JET","General Spare Parts","TVS / Universal","0","833","980","5"
"M1040630","CLAMP OUTLET PIPE","Electrical","TVS / Universal","0","425","500","5"
"M1040650","CLAMP HOSE","Electrical","TVS / Universal","0","425","500","5"
"M1040670","GASKET INLET","Engine","TVS / Universal","0","425","500","5"
"M1040700","FILTER ELEMENT","Filters","TVS / Universal","0","425","500","5"
"M1040740","TUBE BREATHER","General Spare Parts","TVS / Universal","0","722.5","850","5"
"M1040760","SCREW PLATE JET NEEDLE","General Spare Parts","TVS / Universal","0","425","500","5"
"M1040770","SPRING JET NEEDLE","General Spare Parts","TVS / Universal","0","425","500","5"
"M1040780","SCREW PLATE JET NEEDLE","General Spare Parts","TVS / Universal","0","425","500","5"
"M10407GO","RING JET NEEDLE","General Spare Parts","TVS / Universal","0","425","500","5"
"M1040800","RING PISTON VALVE","Engine","TVS / Universal","0","425","500","5"
"M1040810","O RING JET HOLDER","General Spare Parts","TVS / Universal","0","425","500","5"
"M1040820","SEAL BOWL","General Spare Parts","TVS / Universal","0","2057","2420","5"
"M1040830","DIAPHRAGM ASSY csTR.RlCHER","General Spare Parts","TVS / Universal","0","6205","7300","5"
"M1040840","SPRING COASTER RICHER","General Spare Parts","TVS / Universal","0","425","500","5"
"M1040850","COVER COASTER RICHER","General Spare Parts","TVS / Universal","0","739.5","870","5"
"M1040860","SCREW COASTER RICHER (AIT)","General Spare Parts","TVS / Universal","0","425","500","5"
"M1040870","O RING STARTER","General Spare Parts","TVS / Universal","0","425","500","5"
"M1040880","BUSH THROTTLE ABAFT","General Spare Parts","TVS / Universal","0","425","500","5"
"M10408GO","THROTTLE SHAFT","General Spare Parts","TVS / Universal","0","688.5","810","5"
"M1040GOO","SCREW THROTTLE VALVE","Engine","TVS / Universal","0","425","500","5"
"M1040G10","PLATE JET NEEDLE","General Spare Parts","TVS / Universal","0","425","500","5"
"M1040G40","CAP CARBURETTOR","General Spare Parts","TVS / Universal","0","425","500","5"
"M1041070","AIRJET (PAJ 2) - 1.7","General Spare Parts","TVS / Universal","0","357","420","5"
"M1050010","MUFFLER ASSY (AIT)","General Spare Parts","TVS / Universal","0","13455.5","15830","5"
"M10500SO","BRACKET MUFFLER SUPPORT (PAINTED)","General Spare Parts","TVS / Universal","0","425","500","5"
"M1050040","PIPE COMP BAFFLE - BLACK CHROME","General Spare Parts","TVS / Universal","0","2847.5","3350","5"
"M1050070","COVER COMP","General Spare Parts","TVS / Universal","0","1521.5","1790","5"
"M1050100","CLAMP COMP MUF COVER","Electrical","TVS / Universal","0","425","500","5"
"M1050310","GASKET EXHAUST PIP","Engine","TVS / Universal","0","425","500","5"
"M1050320","CLAMP EXHAUST PIPE","Electrical","TVS / Universal","0","722.5","850","5"
"M1050840","MUFFLER SUB ASSY","General Spare Parts","TVS / Universal","0","26902.5","31650","5"
"M1060010","COIL ASSY IGNITION","Oils & Fluids","TVS / Universal","0","5423","6380","5"
"M1060020","CDI UNI","General Spare Parts","TVS / Universal","0","55139.5","64870","5"
"M1060060","MOTOR ASSY STARTER ES","General Spare Parts","TVS / Universal","0","23332.5","27450","5"
"M1060070","MAGNETO ASSY","General Spare Parts","TVS / Universal","0","36754","43240","5"
"M1060080","STATOR ASSY","Electrical","TVS / Universal","0","16949","19940","5"
"MIOSOOGO","ROTOR ASSY [ NO DRGI","General Spare Parts","TVS / Universal","0","3927","4620","5"
"M1060100","CAP ASSY SPARK PLUG (ALTI","General Spare Parts","TVS / Universal","0","977.5","1150","5"
"M1060110","SEAL SPARK PLUG","General Spare Parts","TVS / Universal","0","425","500","5"
"M1060120","SEAL HIGH TENSION CORD","General Spare Parts","TVS / Universal","0","425","500","5"
"M1060140","CDI UNIT ASSY","General Spare Parts","TVS / Universal","0","10336","12160","5"
"M1060150","800T CDI UNIT","General Spare Parts","TVS / Universal","0","425","500","5"
"M10601GO","800T FUSE BOX","General Spare Parts","TVS / Universal","0","425","500","5"
"M1060210","BATTERY ASSEMBLY 12V-25AH","Electrical","TVS / Universal","0","12537.5","14750","5"
"M1070039","HOUSING CLUTCH CASTING","General Spare Parts","TVS / Universal","0","2252.5","2650","5"
"M1070040","HUB CLUTCH SLEEVE","General Spare Parts","TVS / Universal","0","1870","2200","5"
"M1070060","RACK CLUTCH RELEASE","General Spare Parts","TVS / Universal","0","2354.5","2770","5"
"M1070070","PINION CLUTCH RELEASE","General Spare Parts","TVS / Universal","0","2108","2480","5"
"M1070080","ARM CLUTCH RELEASE","General Spare Parts","TVS / Universal","0","1419.5","1670","5"
"M1070100","CLAMP MAGNETO LEAD","Electrical","TVS / Universal","0","425","500","5"
"M1070120","PLATE CLUTCH DRIVE","General Spare Parts","TVS / Universal","0","671.5","790","5"
"M1070120E","PLATE CLUTCH DRIVE","General Spare Parts","TVS / Universal","0","1555.5","1830","5"
"M1080010","GEAR OILPUMP DRIVE","Oils & Fluids","TVS / Universal","0","425","500","5"
"M1080020","GEAR OIL PUMP DRIVEN","Oils & Fluids","TVS / Universal","0","1292","1520","5"
"M10800SO","PUMP ASSY 01","General Spare Parts","TVS / Universal","0","4131","4860","5"
"M1080040","FLY WHEEL","General Spare Parts","TVS / Universal","0","3017.5","3550","5"
"M1080070","GEAR OILPUMP DRIVEN (ALT)","Oils & Fluids","TVS / Universal","0","425","500","5"
"M1080080","GEARPRIMARY DRIVE","General Spare Parts","TVS / Universal","0","5304","6240","5"
"M10800GO","GEAR KICK STARTER DRIVE","General Spare Parts","TVS / Universal","0","425","500","5"
"M1080100","PLATE GEAR SHIFT CAM","Brakes","TVS / Universal","0","425","500","5"
"M1080110","RETAINER DRIVE SHAFT","General Spare Parts","TVS / Universal","0","425","500","5"
"M1080120","GUIDE T/M OIL","Oils & Fluids","TVS / Universal","0","425","500","5"
"M1080130","PAWL COMP GR SHF CAM STOPPER","Brakes","TVS / Universal","0","425","500","5"
"M1080160","SHAFT COMP_DRIVE","General Spare Parts","TVS / Universal","0","6358","7480","5"
"M1080180","PLUG DRIVE SHAFT","General Spare Parts","TVS / Universal","0","425","500","5"
"M1080270","SHAFT COMP_COUNTER","General Spare Parts","TVS / Universal","0","17187","20220","5"
"M1080320","GASKET MAGNETO COVER","Engine","TVS / Universal","0","731","860","5"
"M1080SSO","GASKET CLUTCH COVER","Engine","TVS / Universal","0","425","500","5"
"M1080340","COVER CRANKCASE","Engine","TVS / Universal","0","892.5","1050","5"
"M1080350","GASKET OIL GALLERY PLUG","Oils & Fluids","TVS / Universal","0","425","500","5"
"M1080360","UNION BREATHER","General Spare Parts","TVS / Universal","0","425","500","5"
"M1080370","GASKET OIL PIPE UNION","Oils & Fluids","TVS / Universal","0","425","500","5"
"M1080380","UNION BOLT OIL PIPE ZNK","Oils & Fluids","TVS / Universal","0","425","500","5"
"M1080SGO","GAUGE OIL LEVEL","Oils & Fluids","TVS / Universal","0","382.5","450","5"
"M1080400","O-RING 16_8xs.1 [Mlol 039 0]","General Spare Parts","TVS / Universal","0","425","500","5"
"M1080420","GASKET TDC PLUG","Engine","TVS / Universal","0","425","500","5"
"M1080430","PIN MAGNETO COVER","General Spare Parts","TVS / Universal","0","399.5","470","5"
"M1080440","PLUG CRANKSHAFT HOLE","Engine","TVS / Universal","0","357","420","5"
"M1080450","O-RING [Mlol 039 01 (AIT)","General Spare Parts","TVS / Universal","0","425","500","5"
"M1080460","GEAR STARTER IDLE FINISHED","General Spare Parts","TVS / Universal","0","2210","2600","5"
"M1080470","CLUTCH STARTER ONE WAY ES (AIT)","General Spare Parts","TVS / Universal","0","57664","67840","5"
"M1080480","GEAR COMP STARTER CLUTCH ES","General Spare Parts","TVS / Universal","0","12741.5","14990","5"
"M10804GO","SPACER STARTER IDLE GEAR","General Spare Parts","TVS / Universal","0","425","500","5"
"M1080500","WASHER SPROCKET","General Spare Parts","TVS / Universal","0","425","500","5"
"M1080510","BOLT CAM CHAIN TENSIONER","Brakes","TVS / Universal","0","425","500","5"
"M1080520","GASKET - OIL DRAIN","Oils & Fluids","TVS / Universal","0","425","500","5"
"M10805SOA","MAIN CHAIN FIERO","General Spare Parts","TVS / Universal","0","1343","1580","5"
"M1080540","OIL FILTER","Oils & Fluids","TVS / Universal","0","425","500","5"
"M1080550","CAP OIL FILTER PAINTED","Oils & Fluids","TVS / Universal","0","425","500","5"
"M1080560","STRAINER COMP ENGINE OIL","Oils & Fluids","TVS / Universal","0","425","500","5"
"M1080570","CAP OIL STRAINER","Oils & Fluids","TVS / Universal","0","425","500","5"
"M1080580","PLUG OIL DRAIN (AIT) (AIT)","Oils & Fluids","TVS / Universal","0","595","700","5"
"M10805GO","O-RING 13x1.g [Mlol osgo]","General Spare Parts","TVS / Universal","0","425","500","5"
"M1080600","O-RING 52_6x2.4 [Mlol 039 0]","General Spare Parts","TVS / Universal","0","425","500","5"
"M1080610","O-RING 60_5x2.4 [Mlol 039 0]","General Spare Parts","TVS / Universal","0","739.5","870","5"
"M1080620","SPRING OIL FILTER CAP","Oils & Fluids","TVS / Universal","0","425","500","5"
"M1080630","WASHER PRIMARY DRIVE GEAR","General Spare Parts","TVS / Universal","0","425","500","5"
"M1080640","O-RING 19*2.4 [M101 0390]","General Spare Parts","TVS / Universal","0","782","920","5"
"M1080650","SPACER ENGINE SPROCK","Engine","TVS / Universal","0","986","1160","5"
"M1080700","KEY 4X4X15","General Spare Parts","TVS / Universal","0","425","500","5"
"M1080730","RETAINER COUNTER BEARING (ALTI","General Spare Parts","TVS / Universal","0","425","500","5"
"M1080740","RETAINER TIM OIL GUIDE","Oils & Fluids","TVS / Universal","0","425","500","5"
"M1080750","GUIDE COMP GEAR SHIFT","General Spare Parts","TVS / Universal","0","782","920","5"
"M1080780","STOPPER COMP GEAR SHIFT","General Spare Parts","TVS / Universal","0","425","500","5"
"M1080820","SPRING GEAR SHIFT CAM","Brakes","TVS / Universal","0","425","500","5"
"M1080830","BOLT GEAR SHIFT CAM STOPPER","Brakes","TVS / Universal","0","425","500","5"
"M1080840","SHAFT COMP GEAR SHIFT (ALTI","General Spare Parts","TVS / Universal","0","2601","3060","5"
"M1080870","SHAFT KICK STARTER","General Spare Parts","TVS / Universal","0","3765.5","4430","5"
"M1080880","GUIDE KICK STARTER SPRING","General Spare Parts","TVS / Universal","0","425","500","5"
"M10808GO","STARTER KICK","General Spare Parts","TVS / Universal","0","1887","2220","5"
"M1080GOO","GUIDE KICK STARTER","General Spare Parts","TVS / Universal","0","425","500","5"
"M1080G10","STOPPER KICK STARTER","General Spare Parts","TVS / Universal","0","357","420","5"
"M1080G20","SHIM 16X28XO_5 OILED [Tsos","Oils & Fluids","TVS / Universal","0","3417.85","4021","5"
"M1080GSO","SPRING KICK STARTER","General Spare Parts","TVS / Universal","0","425","500","5"
"M1080G40","SPRING KICK SHAFT RETURN","General Spare Parts","TVS / Universal","0","425","500","5"
"M1080G80","SPACER GEAR SHIFT SHAFT","General Spare Parts","TVS / Universal","0","425","500","5"
"M1080GGO","TENSIONER CAM CHAIN","Brakes","TVS / Universal","0","1997.5","2350","5"
"M1081000","COVER ENGINE SPROCKET SILVER","Engine","TVS / Universal","0","2363","2780","5"
"M1081070","PLUG TDC","General Spare Parts","TVS / Universal","0","425","500","5"
"M1081080","C UTCH ASSY (KIT)","General Spare Parts","TVS / Universal","0","40647","47820","5"
"M10810GO","UNION BOLT OIL PIPE ZNS","Oils & Fluids","TVS / Universal","0","425","500","5"
"M1081110","LEVER ASSY GEAR SHIFT","General Spare Parts","TVS / Universal","0","2295","2700","5"
"M1081120","LEVER COMP GEAR SHIFT [M1081110)","General Spare Parts","TVS / Universal","0","2159","2540","5"
"M1081170","PIN GEAR SHIFT CAM DRIVE","Brakes","TVS / Universal","0","425","500","5"
"M1081220","GEAR ASSY PRIMARY DRIVEN","General Spare Parts","TVS / Universal","0","18241","21460","5"
"M1081SOO","SPRING CLUTCH","General Spare Parts","TVS / Universal","0","425","500","5"
"M1081SSO","GEAR II DRIVE","General Spare Parts","TVS / Universal","0","4063","4780","5"
"M1081340","GEAR IV DRIVE","General Spare Parts","TVS / Universal","0","4165","4900","5"
"M1081370","DRIVE CHAIN ASSY. 108L","General Spare Parts","TVS / Universal","0","4224.5","4970","5"
"M1081380","SPROCKET REAR 38 T","General Spare Parts","TVS / Universal","0","3391.5","3990","5"
"M1081400","DRIVE SHAFT SET","General Spare Parts","TVS / Universal","0","13455.5","15830","5"
"M1081450","SHAFT COMP GEAR SHIFT (ALTI 3","General Spare Parts","TVS / Universal","0","408","480","5"
"M1081530","CHAIN ASSY HD","General Spare Parts","TVS / Universal","0","8279","9740","5"
"M1081650","GEAR OIL PUMP DRIVEN","Oils & Fluids","TVS / Universal","0","1343","1580","5"
"MIOGOLOO","SHOCK ABSORBER REAR (ALTI","General Spare Parts","TVS / Universal","0","425","500","5"
"MIOG0170","SWINGARM COMP (ALTI","General Spare Parts","TVS / Universal","0","8542.5","10050","5"
"MIOG0230","SHOCK ABSORBER-TRS","General Spare Parts","TVS / Universal","0","3281","3860","5"
"MIOGOSSO","SWINGARM ASSY (BUSH + TORQ LINK)","General Spare Parts","TVS / Universal","0","10115","11900","5"
"MIOG0370","SWINGARM sua ASSY (WITH BUSH)","General Spare Parts","TVS / Universal","0","11526","13560","5"
"M11000102G","FENDER FRONT WINE RED (LACQUERED)","General Spare Parts","TVS / Universal","0","8364","9840","5"
"M1120S802G","COVER FRAME R+TAPESET WINE RED (AIT)","General Spare Parts","TVS / Universal","0","13081.5","15390","5"
"M1120SG02G","COVER FRAME L+TAPESET WINE RED (ALTI","General Spare Parts","TVS / Universal","0","13081.5","15390","5"
"M1120SGOC","COVER FRAME L+TAPESET SILVERMETGRE Y (A","General Spare Parts","TVS / Universal","0","13081.5","15390","5"
"M1120440CA","TAIL PIECE CENTER+TAPESET SILVERMET (AIT)","General Spare Parts","TVS / Universal","0","1555.5","1830","5"
"M1120470CA","HSG HEAD LAMP+TAPESET MET GREY (ALTI","Engine","TVS / Universal","0","8636","10160","5"
"M11400102G","TANK COMP FUEL+TAPESET WINE RED","General Spare Parts","TVS / Universal","0","49461.5","58190","5"
"M11400102GA","TANK COMP FUEL+TAPESET WINE RED TVS","General Spare Parts","TVS / Universal","0","42644.5","50170","5"
"M1140010CA","TANK COMP FUEL+TAPESET SIL MET GREY","General Spare Parts","TVS / Universal","0","38811","45660","5"
"M11700SOS","CABLE COMPLETE CHOKE","Electrical","TVS / Universal","0","646","760","5"
"M11700GOS","CABLE ASSY CLUTCH NEW","Electrical","TVS / Universal","0","833","980","5"
"M1200010","HEX FLANGE BOLT M6x55","General Spare Parts","TVS / Universal","0","425","500","5"
"M1200050","DOMED NUT WITH FLANGE MS","General Spare Parts","TVS / Universal","0","425","500","5"
"M1200060","PUNCHED WASHER 8_5x18x23 ZNG","General Spare Parts","TVS / Universal","0","425","500","5"
"M1200070","HEX FLANGE BOLT MIOx12","General Spare Parts","TVS / Universal","0","425","500","5"
"M1200080","HEX SCREW M12xL25x10 ZNK (ALTI","General Spare Parts","TVS / Universal","0","425","500","5"
"M1200100","HEX FLANGE BOLT M8X72 (ALTI","General Spare Parts","TVS / Universal","0","425","500","5"
"M1200110","HEX FLANGE BOLT M8X95","General Spare Parts","TVS / Universal","0","425","500","5"
"M1200120","HEX FLANGE BOLT M8X120","General Spare Parts","TVS / Universal","0","425","500","5"
"M1200140","BALL BEARING 28x68x18 Cs NSK 63/28","General Spare Parts","TVS / Universal","0","6528","7680","5"
"M1200160","OILSEAL 12x21x7","Oils & Fluids","TVS / Universal","0","425","500","5"
"M1200170","NEEDLE ROLLER BEARING 22X28X16","General Spare Parts","TVS / Universal","0","3298","3880","5"
"M1200180","HEX SCREW Msx10.5 P (ALTI","General Spare Parts","TVS / Universal","0","425","500","5"
"M1200210","WAVE SPRING WASHER M12","General Spare Parts","TVS / Universal","0","425","500","5"
"M1200220","O-RING [Mlol 039 01","General Spare Parts","TVS / Universal","0","782","920","5"
"M1200230","CRR+HEX SOC HD SCREW M6x12","General Spare Parts","TVS / Universal","0","425","500","5"
"M1200250","HEX NUT M16 7 LH","General Spare Parts","TVS / Universal","0","425","500","5"
"M1200260","BALL BEARING 20x47x14 Cs 6204 RS","General Spare Parts","TVS / Universal","0","2983.5","3510","5"
"M1200270","NEEDLE ROLLER BEARING 15x22x12 1,","General Spare Parts","TVS / Universal","0","586.5","690","5"
"M1200280","OILSEAL 27x40x6","Oils & Fluids","TVS / Universal","0","425","500","5"
"M12002GO","BALL BEARING 30x55x13 Cs 6006","General Spare Parts","TVS / Universal","0","3153.5","3710","5"
"M1200SOO","BALL BEARING 12x28x8 C3 6001 RS","General Spare Parts","TVS / Universal","0","1334.5","1570","5"
"M1200320","PUNCHED WASHER 12_5X17X1 ZNG","General Spare Parts","TVS / Universal","0","425","500","5"
"M1200SSO","THRUST BEARING 10.1x22x2.8","General Spare Parts","TVS / Universal","0","1674.5","1970","5"
"M1200340","OILSEAL 10x17x5","Oils & Fluids","TVS / Universal","0","425","500","5"
"M1200350","NEEDLE CAGE CRNK PIN 28X36X16_8 BLU","General Spare Parts","TVS / Universal","0","12155","14300","5"
"M1200380","BALL BEARING 15xs2xg CS 6002","General Spare Parts","TVS / Universal","0","620.5","730","5"
"M1200430","HEX FLANGE BOLT M6x55","General Spare Parts","TVS / Universal","0","425","500","5"
"M1200440","HEX FLANGE BOLT M6x75","General Spare Parts","TVS / Universal","0","425","500","5"
"M1200450","HEX FLANGE BOLT M6xg5","General Spare Parts","TVS / Universal","0","425","500","5"
"M1200460","HEX FLANGE BOLT M6X16 (ALTI","General Spare Parts","TVS / Universal","0","425","500","5"
"M1200470","HEX FLANGE BOLT M6x30","General Spare Parts","TVS / Universal","0","425","500","5"
"M1200480","HEX FLANGE BOLT M8X25","General Spare Parts","TVS / Universal","0","425","500","5"
"M1200500","HEX FLANGE BOLT M6x40","General Spare Parts","TVS / Universal","0","425","500","5"
"M1200510","HEX FLANGE BOLT M6x25","General Spare Parts","TVS / Universal","0","425","500","5"
"M1200520","HEX FLANGE BOLT M6x16","General Spare Parts","TVS / Universal","0","425","500","5"
"M1200530","HEX FLANGE BOLT M6x20","General Spare Parts","TVS / Universal","0","425","500","5"
"M1200540","HEX FLANGE BOLT M6x65 (ALTI","General Spare Parts","TVS / Universal","0","425","500","5"
"M12005GO","HEX FLANGE BOLT M6x35","General Spare Parts","TVS / Universal","0","425","500","5"
"M1200600","HEX FLANGE BOLT M6x45","General Spare Parts","TVS / Universal","0","425","500","5"
"M1200610","HEX SCREW M6x20 6.8 ZNG","General Spare Parts","TVS / Universal","0","425","500","5"
"M1200620","HEX SCREW M6x16 6.8 P","General Spare Parts","TVS / Universal","0","425","500","5"
"M1200640","HEX SCREW M6x16 6.8 ZNG","General Spare Parts","TVS / Universal","0","425","500","5"
"M1200660","CRPH SCR M5x16 ZNG","General Spare Parts","TVS / Universal","0","425","500","5"
"M1200670","CRPH SCR M6x20 6.8 ZNG","General Spare Parts","TVS / Universal","0","425","500","5"
"M1200SGO","SHIM 6x14x1 OILED [Tsos 0402]","Oils & Fluids","TVS / Universal","0","425","500","5"
"M1200700","SHIM 14x32x1 [Tsos 0402]","General Spare Parts","TVS / Universal","0","425","500","5"
"M1200730","CIRCLIP 6.0X0.8SES P2107 TYPE E ZNC","General Spare Parts","TVS / Universal","0","425","500","5"
"M1200760","WOODRUFF KEY","General Spare Parts","TVS / Universal","0","425","500","5"
"M1200770","HEX FLANGE NUT M12x1.25","General Spare Parts","TVS / Universal","0","425","500","5"
"M1200780","STUD BOLT CYL HEAD","Engine","TVS / Universal","0","425","500","5"
"M12007GO","HEX SOC HD CAP SCR M6X16 P","General Spare Parts","TVS / Universal","0","425","500","5"
"M1200800","HEX SOCKET HD CAP SCREW MSX12 (ALTI","General Spare Parts","TVS / Universal","0","425","500","5"
"M1200810","CRR PAN HD SCREW M6x10 5.8 ZNG (ALTI","General Spare Parts","TVS / Universal","0","425","500","5"
"M1200820","CRPH SCR M6x25 5.8 ZNG","General Spare Parts","TVS / Universal","0","425","500","5"
"M1200830","HEX SCREW M6x10 6.8 ZNG (ALTI","General Spare Parts","TVS / Universal","0","425","500","5"
"M1200840","HEX FLANGE BOLT M8x50","General Spare Parts","TVS / Universal","0","425","500","5"
"M1200870","CIRCLIP 12x1.o N IS:3075 EXT","General Spare Parts","TVS / Universal","0","425","500","5"
"M12008GO","U NUT M8x1.2","General Spare Parts","TVS / Universal","0","425","500","5"
"M1200GOO","HEX FLANGE NUT MS","General Spare Parts","TVS / Universal","0","425","500","5"
"M1200G20","PUNCHED WASHER 12_ox28x1 ZNS","General Spare Parts","TVS / Universal","0","425","500","5"
"M1200GSO","REC CSK HD SCR M6x30 6.8 ZNG (ALTI","General Spare Parts","TVS / Universal","0","425","500","5"
"M1200G40","HEX SCREW M5x10 8.8 ZNG","General Spare Parts","TVS / Universal","0","425","500","5"
"M1200G50","HEX SOC HD CAP SCR M8x16 ZNG 8.8 (AIT)","General Spare Parts","TVS / Universal","0","425","500","5"
"M1200G60","WAVE SPRING WASHER M8 ZNG","General Spare Parts","TVS / Universal","0","425","500","5"
"M1200G70","SCREW FUEL COCK M6x20 (ALTI","General Spare Parts","TVS / Universal","0","425","500","5"
"M1200GGO","CRR PAN HD TAP SCR ST2_gx13 ZNK","General Spare Parts","TVS / Universal","0","425","500","5"
"M1201000","CRR FLANGED PAN HD TAPNG SCW STx13 (ALTI","General Spare Parts","TVS / Universal","0","425","500","5"
"M1201050","CRPH SCR M6x14 6.8 ZNK","General Spare Parts","TVS / Universal","0","425","500","5"
"M1201060","REC CSK HD SCR M6x50 6.8 ZNK","General Spare Parts","TVS / Universal","0","425","500","5"
"M1201070","CRR FLANGED PAN HD TAPPING SCREW","General Spare Parts","TVS / Universal","0","425","500","5"
"M1201140","CRR PAN HD TAP SCR ST2_gx13 ZNK","General Spare Parts","TVS / Universal","0","425","500","5"
"M1201150","CH HD SCR M4X45 6.6 ZNK","General Spare Parts","TVS / Universal","0","425","500","5"
"M1201160","CRR TAPPING SCREW","General Spare Parts","TVS / Universal","0","425","500","5"
"M1210020","LOCK SET","General Spare Parts","TVS / Universal","0","13081.5","15390","5"
"M1210110","SEEDING FUEL TANK","General Spare Parts","TVS / Universal","0","425","500","5"
"M1210150","TOOL KIT - FIERO","General Spare Parts","TVS / Universal","0","2873","3380","5"
"M1210170","TAPE SET FOR WINE RED","General Spare Parts","TVS / Universal","0","9851.5","11590","5"
"M1210G60","LOCK SET (NEW)","General Spare Parts","TVS / Universal","0","12180.5","14330","5"
"M13000SO","SAREE GUARD COMP (ALTI","General Spare Parts","TVS / Universal","0","5066","5960","5"
"M1300040","TRAY TOOL KIT","General Spare Parts","TVS / Universal","0","425","500","5"
"M1300SO","STRIPING COVER FRAME R MAX-HG BLK","General Spare Parts","TVS / Universal","0","790.5","930","5"
"M1310010","HOLDER ASSEMBLY","General Spare Parts","TVS / Universal","0","3442.5","4050","5"
"M1310020","PULLER ASSY MAGN ETO","General Spare Parts","TVS / Universal","0","7131.5","8390","5"
"M1310070","TAPPET ADJUSTER","General Spare Parts","TVS / Universal","0","3289.5","3870","5"
"M1310179","KEY BLANK","General Spare Parts","TVS / Universal","0","425","500","5"
"M13200SO","RING PISTON 1ST O/S 0.5","Engine","TVS / Universal","0","1589.5","1870","5"
"M1320040","RING PISTON 2ND O/S 0.5","Engine","TVS / Universal","0","1156","1360","5"
"M1320050","RING PISTON OIL O/S","Oils & Fluids","TVS / Universal","0","1623.5","1910","5"
"M1320140","CYLINDER BLOCK & PISTON KIT-STD","Engine","TVS / Universal","0","35853","42180","5"
"M1320150","PISTON KIT DIAS,'","Engine","TVS / Universal","0","11738.5","13810","5"
"M1320160","PISTON KIT I O/S","Engine","TVS / Universal","0","13311","15660","5"
"M1320170","PISTON KIT II O/S","Engine","TVS / Universal","0","11738.5","13810","5"
"M13201GO","CYLINDER HEAD ASSLY (KIT)","Engine","TVS / Universal","0","87337.5","102750","5"
"M1320250","ENGINE VALVE - KIT","Engine","TVS / Universal","0","10149","11940","5"
"M1320260","GASKET KIT - MINOR","Engine","TVS / Universal","0","2711.5","3190","5"
"M1320270","GASKET KIT - MAJOR","Engine","TVS / Universal","0","4564.5","5370","5"
"M1320280","STEERING CONE - KIT","General Spare Parts","TVS / Universal","0","5814","6840","5"
"M13202GO","MINOR KIT - CARBURETTOR","General Spare Parts","TVS / Universal","0","4131","4860","5"
"M1320SOO","MAJOR KIT - CARBURETTOR","General Spare Parts","TVS / Universal","0","10990.5","12930","5"
"M1320310","FLOAT KIT","General Spare Parts","TVS / Universal","0","6239","7340","5"
"M1320320","CHAIN AND SPROCKET KIT FIERO","General Spare Parts","TVS / Universal","0","11662","13720","5"
"M1320340","O' RING KIT ENGINE","Engine","TVS / Universal","0","1249.5","1470","5"
"M1320350","O' RING KIT CARBURETTOR","General Spare Parts","TVS / Universal","0","425","500","5"
"M1320360","CRANK SHAFT KIT KS","Engine","TVS / Universal","0","47744.5","56170","5"
"M1320370","MAIN BEARING KIT","General Spare Parts","TVS / Universal","0","425","500","5"
"M1320380","PROP STAND KIT","General Spare Parts","TVS / Universal","0","1343","1580","5"
"M1320SGO","OIL SEAL KIT","Oils & Fluids","TVS / Universal","0","680","800","5"
"M1320420","CONNECTING LINK CHAIN","General Spare Parts","TVS / Universal","0","425","500","5"
"M1320440","RING SET PISTON I O/S","Engine","TVS / Universal","0","425","500","5"
"M1320450","RING SET PISTON II O/S","Engine","TVS / Universal","0","1037","1220","5"
"M160040","BRACKET HORN (SPARES)","Electrical","TVS / Universal","0","425","500","5"
"M160050","SPEEDO METER ASSY 12V","General Spare Parts","TVS / Universal","0","16405","19300","5"
"M2020010","CRANK SHAFT ASSY - FIERO ES","Engine","TVS / Universal","0","47336.5","55690","5"
"M2030010","CRANK CASE ASSY ES","Engine","TVS / Universal","0","41522.5","48850","5"
"M2030020","OTHER PARTS","General Spare Parts","TVS / Universal","0","14356.5","16890","5"
"M2150010","SWITCH ASSLY RH - ES","Electrical","TVS / Universal","0","6349.5","7470","5"
"M2180000","ENGINE ASSY FIERO 150CC ES","Engine","TVS / Universal","0","526439","619340","5"
"M2200010","NUT","General Spare Parts","TVS / Universal","0","425","500","5"
"M2320010","CRANK SHAFT KIT ES","Engine","TVS / Universal","0","48382","56920","5"
"M320010","CHAIN CASE SET COMPLETE (SPARE)","General Spare Parts","TVS / Universal","0","5151","6060","5"
"M60800GO","STOPPER COMP GEARSHIFT","General Spare Parts","TVS / Universal","0","425","500","5"
"M7010010","HEAD ASSY CYLINDER","Engine","TVS / Universal","0","105774","124440","5"
"M7010020","HEAD COMP CYLINDER - F2/FX","Engine","TVS / Universal","0","51221","60260","5"
"M7010210","GASKET CYLINDER HEAD","Engine","TVS / Universal","0","1317.5","1550","5"
"M7010270","VALVE INTAKE","Engine","TVS / Universal","0","1479","1740","5"
"M7010770","CYLINDER HEAD COMP - APACH","Engine","TVS / Universal","0","31135.5","36630","5"
"M7010800","CAMSHAFT COMP -APACHE","Brakes","TVS / Universal","0","14696.5","17290","5"
"M7010810","THRUST WASHER","General Spare Parts","TVS / Universal","0","425","500","5"
"M7010G10","PLUG CYLINDER HEAD","Engine","TVS / Universal","0","425","500","5"
"M7010G707D","CYLINDER HEAD ASSY APACHE REF 150","Engine","TVS / Universal","0","41233.5","48510","5"
"M7011010","SPARK PLUG (ALTI","General Spare Parts","TVS / Universal","0","807.5","950","5"
"M7011120","DAMPER","General Spare Parts","TVS / Universal","0","1.7","2","5"
"M70113307DA","CYLINDER HEAD ASSY TITAN GREY U 131 (ALTI","Engine","TVS / Universal","0","56737.5","66750","5"
"M7011510","ROCKER SHAFT (ALTI","General Spare Parts","TVS / Universal","0","637.5","750","5"
"M7020270","CRANKSHAFT ASSY APACHE UPGRAD","Engine","TVS / Universal","0","31611.5","37190","5"
"M7030070","CRANKCASE COMP LH","Engine","TVS / Universal","0","29503.5","34710","5"
"M7030100","COVER CLUTCH FIERO","General Spare Parts","TVS / Universal","0","7038","8280","5"
"M7030110","COVER MAGNETO LS GREY","General Spare Parts","TVS / Universal","0","5814","6840","5"
"M7030120","COVER CLUTCH","General Spare Parts","TVS / Universal","0","10761","12660","5"
"M7030170","COVER MAGNETO","General Spare Parts","TVS / Universal","0","13761.5","16190","5"
"M7040060","HOSE AIR OUTLET","General Spare Parts","TVS / Universal","0","425","500","5"
"M7040070","HOSE AIR INLET","General Spare Parts","TVS / Universal","0","816","960","5"
"M7040120","GASKET AIR INJECTION","Engine","TVS / Universal","0","425","500","5"
"M7040160","AIR CLEANER ASSY","Filters","TVS / Universal","0","7624.5","8970","5"
"M7040170","CASE L AIR CLEANER","Filters","TVS / Universal","0","2329","2740","5"
"M70401GO","FOAM SAI","General Spare Parts","TVS / Universal","0","425","500","5"
"M70402GO","PIPE COMP INTAKE","General Spare Parts","TVS / Universal","0","833","980","5"
"M7040760","AIR CLEANER ASSY","Filters","TVS / Universal","0","12988","15280","5"
"M70407GO","FOAM SAI - APACHE","General Spare Parts","TVS / Universal","0","425","500","5"
"M7040800","CARBURETTOR ASSY","General Spare Parts","TVS / Universal","0","57927.5","68150","5"
"M7040820","HOSE CLIP DIA","General Spare Parts","TVS / Universal","0","15.3","18","5"
"M7041000","BREATHER HOSE PCV","General Spare Parts","TVS / Universal","0","425","500","5"
"M7041010","INLET COMP AIR CLEANER","Filters","TVS / Universal","0","807.5","950","5"
"M7041070","AIR CLEANER ASSY RTR","Filters","TVS / Universal","0","5125.5","6030","5"
"M70410GO","INLET AIR FILTER","Filters","TVS / Universal","0","1496","1760","5"
"M7050200","MUFFLE R COMP (SPARES)","General Spare Parts","TVS / Universal","0","13455.5","15830","5"
"M7051070","GASKET EXH PIPE","Engine","TVS / Universal","0","425","500","5"
"M70601GO","BATTERY 12V 9Ah (ALTI","Electrical","TVS / Universal","0","14764.5","17370","5"
"M7070060","HUB CLUTCH SLEEVE","General Spare Parts","TVS / Universal","0","2575.5","3030","5"
"M7070100","NUT CLUTCH SHAFT","General Spare Parts","TVS / Universal","0","425","500","5"
"M7070110","SPRING WASHER CLUTCH SHAFT","General Spare Parts","TVS / Universal","0","425","500","5"
"M7070120","ADAPTOR PIN CLUTCH RELEASE","General Spare Parts","TVS / Universal","0","612","720","5"
"M7070160","ROD CLUTCH RELEASE","General Spare Parts","TVS / Universal","0","2057","2420","5"
"M7080010","GEAR PRIMARY DRIVE (AIT)","General Spare Parts","TVS / Universal","0","5219","6140","5"
"M7080200","CHAIN ASSY","General Spare Parts","TVS / Universal","0","8279","9740","5"
"M7080500","COUNTER SHAFT ASSY","General Spare Parts","TVS / Universal","0","17255","20300","5"
"M7080510","DRIVE SHAFT SET","General Spare Parts","TVS / Universal","0","17816","20960","5"
"M7080520","SHAFT GEAR SHIFT FORK","General Spare Parts","TVS / Universal","0","654.5","770","5"
"M7080560","CAM GEARSHIFT","Brakes","TVS / Universal","0","5533.5","6510","5"
"M7080570","GEAR KICKSTARTER DRIVE","General Spare Parts","TVS / Universal","0","1657.5","1950","5"
"M70805GO","FORK GEAR SHIFT Noa","General Spare Parts","TVS / Universal","0","3153.5","3710","5"
"M70806GO","GUIDE T/M OIL","Oils & Fluids","TVS / Universal","0","425","500","5"
"M7080810","SPROCKET 40T 1,","General Spare Parts","TVS / Universal","0","501.5","590","5"
"M7080820","CAP OIL FILTER PAINTED LS GREY","Oils & Fluids","TVS / Universal","0","663","780","5"
"M7080860","SHIM (ACT)","General Spare Parts","TVS / Universal","0","425","500","5"
"M7080870","LOCK PLATE SPROCKET","General Spare Parts","TVS / Universal","0","425","500","5"
"M70808GO","GEAR 2ND DRIVEN","General Spare Parts","TVS / Universal","0","2864.5","3370","5"
"M7080G20","SPROCKET 1ST","General Spare Parts","TVS / Universal","0","1810.5","2130","5"
"M7080G60","CAP OIL FILTER (ALTI","Oils & Fluids","TVS / Universal","0","790.5","930","5"
"M7080G607D","CAP OIL FILTER TITAN GREY","Oils & Fluids","TVS / Universal","0","425","500","5"
"M7081100","RETAINER OILSEAL DRIVE SHAFT","Oils & Fluids","TVS / Universal","0","425","500","5"
"M7081220","GEAR OIL PUMP DRIVEN RTR180","Oils & Fluids","TVS / Universal","0","1419.5","1670","5"
"M70812GO","SPRING GEARSHIFT CAM STOPPER","Brakes","TVS / Universal","0","425","500","5"
"M70814GO","LEVER KICK STARTER","General Spare Parts","TVS / Universal","0","6026.5","7090","5"
"M7081500","LEVER KICKSTARTER ASSY","General Spare Parts","TVS / Universal","0","7854","9240","5"
"M70817GO","SHAFT GEAR SHIFT","General Spare Parts","TVS / Universal","0","3655","4300","5"
"M7081800","CAM GEAR SHIFT","Brakes","TVS / Universal","0","4836.5","5690","5"
"M7081810","INDEX STAR","General Spare Parts","TVS / Universal","0","425","500","5"
"M7081820","PIN HOLDER COMP","General Spare Parts","TVS / Universal","0","773.5","910","5"
"M7081860","BODY' GEAR SHIFT SWITCH","Electrical","TVS / Universal","0","425","500","5"
"M7081870","BEARING BUSH CAM GEAR SHIFT","Brakes","TVS / Universal","0","425","500","5"
"M70G0070","CHAIN ADJUSTER L","General Spare Parts","TVS / Universal","0","697","820","5"
"M70G0100","CHAIN ADJUSTER R","General Spare Parts","TVS / Universal","0","671.5","790","5"
"M70G0200","SHOCK ABSORBER","General Spare Parts","TVS / Universal","0","425","500","5"
"M70G0270","BUFFER CHAIN TOUCH","General Spare Parts","TVS / Universal","0","425","500","5"
"M70GOG70","TORQUE LINK COMP REAR","General Spare Parts","TVS / Universal","0","1037","1220","5"
"M70G1000","SHOCK ABSORBER ASSY","General Spare Parts","TVS / Universal","0","33150","39000","5"
"M7100060","CALIPER ASSY DIA 24X2 TWIN PORT","General Spare Parts","TVS / Universal","0","28747","33820","5"
"M7100070","CLAMP BRAKE HOSE","Brakes","TVS / Universal","0","425","500","5"
"M71002GO","DAMPER RUBBER","General Spare Parts","TVS / Universal","0","425","500","5"
"M7100SOO","NUT FRONT FORK","General Spare Parts","TVS / Universal","0","425","500","5"
"M7100S502G","FENDER FRONT WINE RED","General Spare Parts","TVS / Universal","0","1683","1980","5"
"M71003504R","FENDER FRONT NEO BRILLIANT YELLOW","General Spare Parts","TVS / Universal","0","7395","8700","5"
"M7100S506G","FENDER FRONT FLAME RED","General Spare Parts","TVS / Universal","0","7395","8700","5"
"M7100SSOC","FENDER FRONT SIL MET GREY","General Spare Parts","TVS / Universal","0","6553.5","7710","5"
"M7100570","BRACE FRONT FENDER","General Spare Parts","TVS / Universal","0","748","880","5"
"M7100700","LEG ASSY L FR FORK (Disc)","Brakes","TVS / Universal","0","36133.5","42510","5"
"M7100710","LEG ASSY L/ R Disc","Brakes","TVS / Universal","0","36133.5","42510","5"
"M7100760","CLIP SPEEDOCABLE","Electrical","TVS / Universal","0","425","500","5"
"M7100770","FORK ASSY FRONT F2 Disc BRAKE","Brakes","TVS / Universal","0","90576","106560","5"
"M71007GO","LEG ASSY RH Disc","Brakes","TVS / Universal","0","36133.5","42510","5"
"M7100800","CALIPER ASSY (RH )","General Spare Parts","TVS / Universal","0","25840","30400","5"
"M7100G10","FORK OUTER TUBE L","General Spare Parts","TVS / Universal","0","7335.5","8630","5"
"M7100G20","FORK OUTER TUBE R","General Spare Parts","TVS / Universal","0","7335.5","8630","5"
"M7100GSO","SPRING FRONT FORK","General Spare Parts","TVS / Universal","0","1028.5","1210","5"
"M7101000","STAY COMP HEADLAMP L","Engine","TVS / Universal","0","1020","1200","5"
"M7101010","STAY COMP HEADLAMP R","Engine","TVS / Universal","0","425","500","5"
"M7101020","SPACER-APACHE","General Spare Parts","TVS / Universal","0","425","500","5"
"M71010GO","FORK ASSLY FRONT - F2R","General Spare Parts","TVS / Universal","0","86453.5","101710","5"
"M7101110","BUSH FRONT FORK","General Spare Parts","TVS / Universal","0","425","500","5"
"M7101170","DUST SEAL STEERING UPPER","General Spare Parts","TVS / Universal","0","425","500","5"
"M71011GO","EXTENSION CONE BOTTOM","General Spare Parts","TVS / Universal","0","425","500","5"
"M7101220","UPPER 3RKT COMP (SIL MET)","General Spare Parts","TVS / Universal","0","5712","6720","5"
"M7110020","WHEEL ASSY FRONT (Disc)","Brakes","TVS / Universal","0","425","500","5"
"M71100GO","SCREW SPECIAL M8","General Spare Parts","TVS / Universal","0","425","500","5"
"M7110100","SPACER COMP","General Spare Parts","TVS / Universal","0","425","500","5"
"M7110160","SPACER FR HUB SRG","General Spare Parts","TVS / Universal","0","425","500","5"
"M7110200","SPOKE WHEEL INNER - FRONT","General Spare Parts","TVS / Universal","0","425","500","5"
"M7110210","SPOKE WHEEL OUTER - FRONT","General Spare Parts","TVS / Universal","0","425","500","5"
"M7110220","ADAPTOR Disc BRAKE","Brakes","TVS / Universal","0","3638","4280","5"
"M7110SGO","OTHER PARTS","General Spare Parts","TVS / Universal","0","425","500","5"
"M71105GO","SHAFT DRUM SPROCKET MTG","General Spare Parts","TVS / Universal","0","1156","1360","5"
"M71106GO","""TYRE REAR go/90 x 18""' ""","General Spare Parts","TVS / Universal","0","15121.5","17790","5"
"M7110760","BRAKE PANEL ASSY REAR","Brakes","TVS / Universal","0","8704","10240","5"
"M7110770","LEVER CAM BRAKE","Brakes","TVS / Universal","0","773.5","910","5"
"M7110860","TUBE INSERT COMP BRAKE RR","Brakes","TVS / Universal","0","425","500","5"
"M7110G70","PEDAL COMP BRAKE","Brakes","TVS / Universal","0","3893","4580","5"
"M7111260","WHEEL ASSY FRONT","General Spare Parts","TVS / Universal","0","43086.5","50690","5"
"M7111SGO","HUB DRIVE SPEEDO","General Spare Parts","TVS / Universal","0","2711.5","3190","5"
"M7120220","8RKT R ENG MTG UPPER","General Spare Parts","TVS / Universal","0","425","500","5"
"M71202GO","FOOTREST COMP RIDER(PAINTED)","General Spare Parts","TVS / Universal","0","2992","3520","5"
"M71204G00DA","COVER FRAME L+TAPESET HG BLACK - FX (AIT)","General Spare Parts","TVS / Universal","0","10642","12520","5"
"M71204G02G","COVER FRAME L+TAPESET FLAME RED (ALTI","General Spare Parts","TVS / Universal","0","13557.5","15950","5"
"M71204GOSA","COVER FRAME L+TAPESET MC BLUE (ALTI","General Spare Parts","TVS / Universal","0","10642","12520","5"
"M71204G06G","COVER FRAME L+TAPESET FLAME RED (ALTI","General Spare Parts","TVS / Universal","0","10642","12520","5"
"M71204GOC","COVER FRAME L+TAPESET SIL MET GREY (ALTI","General Spare Parts","TVS / Universal","0","12359","14540","5"
"M71204G92G","CVR FRAME L F_RED - FX-F2 W/O STICK","General Spare Parts","TVS / Universal","0","7633","8980","5"
"M71205000DA","COVER FRAME R+TAPESET HG BLACK - FX","General Spare Parts","TVS / Universal","0","10642","12520","5"
"M71205002G","COVER FRAME R+TAPESET FLAME RED UPG (ALTI","General Spare Parts","TVS / Universal","0","13557.5","15950","5"
"M71205004","COVER FRAME R+TAPESET JEWEL GREEN (AIT)","General Spare Parts","TVS / Universal","0","10642","12520","5"
"M71205006G","COVER FRAME R+TAPESET FLAME RED FX (ALTI","General Spare Parts","TVS / Universal","0","10642","12520","5"
"M71205007A","COVER FRAME R+TAPESET TEITIAN BLUE (ALTI","General Spare Parts","TVS / Universal","0","11696","13760","5"
"M7120500C","COVER FRAME R+TAPESET SILMETGRY UPG (ALTI","General Spare Parts","TVS / Universal","0","12359","14540","5"
"M71205092G","CVR FRAMER F.RED - FX-F2 W/O","General Spare Parts","TVS / Universal","0","7633","8980","5"
"M7120570","FENDER REAR (ALTI","General Spare Parts","TVS / Universal","0","3791","4460","5"
"M71205802G","HSG HEAD LAMP+TAPESET FLAME RED UPG","Engine","TVS / Universal","0","6239","7340","5"
"M7120580C","HSG HEAD LAMP+TAPESET SILMET GRY (AIT)","Engine","TVS / Universal","0","6239","7340","5"
"M71205892G","HSG HEAD LAMP FRED UPG- F2- W/O ST","Engine","TVS / Universal","0","6936","8160","5"
"M7120589C","HSG H.LAMP M GREY UPG- F2- W/O","Electrical","TVS / Universal","0","425","500","5"
"M7120700","HOUSING HEADLAMP REAR","Engine","TVS / Universal","0","688.5","810","5"
"M71207100DA","COVER FUEL TANK L+TAPESET BLACK (ACT)","General Spare Parts","TVS / Universal","0","3918.5","4610","5"
"M71207102G","COVER FUEL TANK L+TAPESET FLAME RED (ACT)","General Spare Parts","TVS / Universal","0","3646.5","4290","5"
"M71207104L","COVER FUEL TANK L+TAPESET JGREEN (AIT)","General Spare Parts","TVS / Universal","0","3918.5","4610","5"
"M71207106G","COVER FUEL TANK L+TAPESET FLAME RED (ACT)","General Spare Parts","TVS / Universal","0","3918.5","4610","5"
"M71207107A","COVER FUEL TANK L+TAPESET T BLUE (AIT)","General Spare Parts","TVS / Universal","0","3646.5","4290","5"
"M7120710C","COVER FUEL TANK L+TAPESET SILMETGRY (ALTI","General Spare Parts","TVS / Universal","0","3570","4200","5"
"M71207192G","CVR FUEL TANK L FRED","General Spare Parts","TVS / Universal","0","3672","4320","5"
"M71207194L","CVR FUEL TANK L JWL GREEN- FX- W/O","General Spare Parts","TVS / Universal","0","3672","4320","5"
"M71207200DA","COVER FUEL TANK R +TAPESET BLK (AIT)","General Spare Parts","TVS / Universal","0","3918.5","4610","5"
"M71207202G","COVER FUEL TANK R +TAPESET FLAM RD (AIT)","General Spare Parts","TVS / Universal","0","3646.5","4290","5"
"M71207204L","COVER FUEL TANK R+TAPESET JGREEN (AIT)","General Spare Parts","TVS / Universal","0","3918.5","4610","5"
"M71207206G","COVER FUEL TANK R +TAPESET FLAMERED (AIT)","General Spare Parts","TVS / Universal","0","3918.5","4610","5"
"M71207207A","COVER FUEL TANK R +TAPESET TBLUE (ALTI","General Spare Parts","TVS / Universal","0","3646.5","4290","5"
"M7120720C","COVER FUEL TANK R+TAPESET SILMETGRY (AIT)","General Spare Parts","TVS / Universal","0","3570","4200","5"
"M71207292G","CVR FUEL TANK R ERED- FX-F2 W/O","General Spare Parts","TVS / Universal","0","3672","4320","5"
"M71207294L","COVER FUEL TANK R JWL GREEN FX W/O","General Spare Parts","TVS / Universal","0","425","500","5"
"M7120729C","CVR FUEL TANK R SIL M GREY-F2-W/o","General Spare Parts","TVS / Universal","0","3672","4320","5"
"M71207300DA","COVER SEATTAIL L+TAPESET BLACK FX(ALT)","General Spare Parts","TVS / Universal","0","5168","6080","5"
"M71207S02G","COVER SEATTAIL L+TAPESET FLAME RED (ALTI","General Spare Parts","TVS / Universal","0","5295.5","6230","5"
"M71207304L","COVER SEATTAIL L+TAPESET JEWELGREEN (ACT)","General Spare Parts","TVS / Universal","0","5168","6080","5"
"M71207S06G","COVER SEAT TAIL L+TAPESET FLAME RED (ALTI","General Spare Parts","TVS / Universal","0","5168","6080","5"
"M71207SOC","COVER SEATTAIL L+TAPESET SIL ETGREY (AIT)","General Spare Parts","TVS / Universal","0","5295.5","6230","5"
"M71207394L","CVR SEATTAIL L JWL GREEN- FX- W/O","General Spare Parts","TVS / Universal","0","4921.5","5790","5"
"M7120739C","CVR SEATTAIL L SIL M GREY- F2- W/O","General Spare Parts","TVS / Universal","0","2235.5","2630","5"
"M71207400DA","COVER SEATTAIL R+TAPESET BLACK - FX (AIT)","General Spare Parts","TVS / Universal","0","5168","6080","5"
"M71207402G","COVER SEAT TAIL R+TAPESET FLAME RED (ALTI","General Spare Parts","TVS / Universal","0","5295.5","6230","5"
"M71207404L","COVER SEAT TAIL R+TAPESET JGREEN (ALTI","General Spare Parts","TVS / Universal","0","5168","6080","5"
"M71207406G","COVER SEAT TAIL R+TAPESET FLAME RED (ALTI","General Spare Parts","TVS / Universal","0","5168","6080","5"
"M7120740C","COVER SEATTAIL R+TAPESET SILMETGREY (AIT)","General Spare Parts","TVS / Universal","0","5295.5","6230","5"
"M71207500DA","COVER CENTERSEAT TAIL BLACK - FX (ALTI","General Spare Parts","TVS / Universal","0","2397","2820","5"
"M71207502G","COVER CENTER SEAT TAIL FLAME RED","General Spare Parts","TVS / Universal","0","1844.5","2170","5"
"M71207506G","COVER CENTER SEAT TAIL FLAME RED FX (ALTI","General Spare Parts","TVS / Universal","0","2592.5","3050","5"
"M7120750C","COVER CEN SEAT TAIL SIL M GREY","General Spare Parts","TVS / Universal","0","1844.5","2170","5"
"M7120G60","SPRING CENTER STAND","General Spare Parts","TVS / Universal","0","425","500","5"
"M7120G70","FENDER REAR MTG 3RKT","General Spare Parts","TVS / Universal","0","425","500","5"
"M7121260","8RKT COMP L ENG MTG FRONT","General Spare Parts","TVS / Universal","0","382.5","450","5"
"M7121270","8RKT COMP R ENG MTG FRONT","General Spare Parts","TVS / Universal","0","425","500","5"
"M71217GO","GROMMET HEADLAMP","Engine","TVS / Universal","0","425","500","5"
"M7130010","SEAT ASSY","General Spare Parts","TVS / Universal","0","15827","18620","5"
"M7130020","SEAT FOAM","General Spare Parts","TVS / Universal","0","4437","5220","5"
"M7130070","SEAT ASSY","General Spare Parts","TVS / Universal","0","16779","19740","5"
"M7140010","CAP ASSY FUEL TANK","General Spare Parts","TVS / Universal","0","8185.5","9630","5"
"M71400400DA","TANK COMP FUEL+TAPESET BLACK","General Spare Parts","TVS / Universal","0","45934","54040","5"
"M71400402G","TANK COMP FUEL+TAPESET FLAME REDUPG","General Spare Parts","TVS / Universal","0","45942.5","54050","5"
"M71400406G","TANK COMP FUEL+TAPESET FLAME RED FX","General Spare Parts","TVS / Universal","0","45934","54040","5"
"M7140040C","TANK COMP FUEL+TAPESET SIL MET GRY","General Spare Parts","TVS / Universal","0","48509.5","57070","5"
"M7140049C","FUEL TANK SIL M GREY UPG- F2- W/O T","General Spare Parts","TVS / Universal","0","36210","42600","5"
"M7140070","DRAIN TUBE 1,","General Spare Parts","TVS / Universal","0","510","600","5"
"M71400GO","CUSHION FUEL TANK FR","General Spare Parts","TVS / Universal","0","425","500","5"
"M7140200","CUSHION COVER FUEL TANK","General Spare Parts","TVS / Universal","0","425","500","5"
"M7140220","FUEL COCK ASSY","General Spare Parts","TVS / Universal","0","2601","3060","5"
"M7150SGO","COVER HANDLE BAR PAINTED","General Spare Parts","TVS / Universal","0","1156","1360","5"
"M7150400L","MIRROR ASSY L","General Spare Parts","TVS / Universal","0","680","800","5"
"M7150410L","MIRROR ASSY R","General Spare Parts","TVS / Universal","0","680","800","5"
"M71504GO","DAMPER HANDLE BAR","General Spare Parts","TVS / Universal","0","425","500","5"
"M7150520","SWITCH ASSY RH - F2 ES (ACT)","Electrical","TVS / Universal","0","5176.5","6090","5"
"M7150560","HANDLE HOLDER LOWER","General Spare Parts","TVS / Universal","0","382.5","450","5"
"M7150570","COVER HANDLE BAR PAINTED (ALTI","General Spare Parts","TVS / Universal","0","1691.5","1990","5"
"M7160010E","HEADLAMP ASSY F2","Engine","TVS / Universal","0","5729","6740","5"
"M71601GO","HALOGEN BULB","Electrical","TVS / Universal","0","425","500","5"
"M71601GOE","HALOGEN 3UL8","General Spare Parts","TVS / Universal","0","705.5","830","5"
"M7160240E","HEADLAMP ASSY","Engine","TVS / Universal","0","6919","8140","5"
"M7160270E","TURN SIGNAL FRONT","General Spare Parts","TVS / Universal","0","1649","1940","5"
"M7160280E","TURN SIGNAL FRONT RH","General Spare Parts","TVS / Universal","0","1649","1940","5"
"M71602GO","TURN SIGNAL ASY REAR","General Spare Parts","TVS / Universal","0","4037.5","4750","5"
"M71602GOE","TURN SIGNAL ASY REAR","General Spare Parts","TVS / Universal","0","1649","1940","5"
"M7160300E","TURN SIGNAL REAR RH","General Spare Parts","TVS / Universal","0","1649","1940","5"
"M7170010","CABLE ASSY SPEEDOMETER","Electrical","TVS / Universal","0","1071","1260","5"
"M7170010S","CABLE ASSY SPEEDOMETER","Electrical","TVS / Universal","0","425","500","5"
"M7170020","FRONT BRAKE CABLE ASSY (A","Brakes","TVS / Universal","0","1419.5","1670","5"
"M7170040S","THROTTLE CABLE ASSY","Electrical","TVS / Universal","0","867","1020","5"
"M7170070","CABLE ASSY CLUTCH","Electrical","TVS / Universal","0","1802","2120","5"
"M7170070S","CABLE ASSY CLUTCH","Electrical","TVS / Universal","0","841.5","990","5"
"M71700GO","SPEEDO CABLE ASSY F2 DISC BRAKE (ACT)","Brakes","TVS / Universal","0","1521.5","1790","5"
"M7170100","CABLE ASSY FRONT","Electrical","TVS / Universal","0","1479","1740","5"
"M7170110","CABLE ASSY CLUTCH","Electrical","TVS / Universal","0","1895.5","2230","5"
"M7170120","CABLE ASSY SPEEDOMETER Disc)","Brakes","TVS / Universal","0","1691.5","1990","5"
"M71701SOS","CABLE ASSY SPEEDOMTER F2 DISC BRAKE","Brakes","TVS / Universal","0","425","500","5"
"M7170160","CABLE ASSY SPEEDOMETER (FX Drum)","Electrical","TVS / Universal","0","1079.5","1270","5"
"M7180160","ENGINE ASSY APACHE KS","Engine","TVS / Universal","0","325040","382400","5"
"M7200010","WASHER 21.6X32X3_2","General Spare Parts","TVS / Universal","0","425","500","5"
"M7200020","WASHER 14.5x32x3.2","General Spare Parts","TVS / Universal","0","425","500","5"
"M7200060","HEX SOC HD CAP SCREW M8x50","General Spare Parts","TVS / Universal","0","425","500","5"
"M7200070","HEX FL BOLT M8x55","General Spare Parts","TVS / Universal","0","425","500","5"
"M7200260","NEEDLE BEARING NB 15x23x12","General Spare Parts","TVS / Universal","0","2320.5","2730","5"
"M72004GO","OILSEAL 12x18x4","Oils & Fluids","TVS / Universal","0","425","500","5"
"M7200500","SPRING DOWEL","General Spare Parts","TVS / Universal","0","425","500","5"
"M7200510","BEARING BUSH 12 X 15 X","General Spare Parts","TVS / Universal","0","8.5","10","5"
"M7200SGO","BEARING BUSH CAM GEAR SHIFT","Brakes","TVS / Universal","0","425","500","5"
"M7200700","HEX FL. BOLT M6x40","General Spare Parts","TVS / Universal","0","425","500","5"
"M7200720","HEX FL. BOLT M6x16 (ALTI","General Spare Parts","TVS / Universal","0","425","500","5"
"M7300010","SAREE GUARD","General Spare Parts","TVS / Universal","0","6349.5","7470","5"
"M7300020","CRASHGUARD L","General Spare Parts","TVS / Universal","0","2031.5","2390","5"
"M7320010","KIT CALIPER (MAJOR)","General Spare Parts","TVS / Universal","0","8389.5","9870","5"
"M7320020","KIT CALIPER (MINOR)","General Spare Parts","TVS / Universal","0","4165","4900","5"
"M7320060","KIT BLEED SCREW","General Spare Parts","TVS / Universal","0","603.5","710","5"
"M7320070","KIT MASTER CYLINDER(MAJOR)","Engine","TVS / Universal","0","3043","3580","5"
"M73200GO","KIT HOLDER","General Spare Parts","TVS / Universal","0","841.5","990","5"
"M7320100","KIT SWITCH ASSY","Electrical","TVS / Universal","0","2346","2760","5"
"M7320110","KIT RESERVIOR","General Spare Parts","TVS / Universal","0","2694.5","3170","5"
"M7320170","SWINGARM SUB ASSY","General Spare Parts","TVS / Universal","0","9698.5","11410","5"
"M73201GO","CHAIN CASE SET COMPLETE","General Spare Parts","TVS / Universal","0","4785.5","5630","5"
"M7320200","CYLINDER HEAD ASSEMBLY KIT(F2)","Engine","TVS / Universal","0","87337.5","102750","5"
"M7320210","CYLINDER BLOCK & PISTON KIT-STD (ALTI","Engine","TVS / Universal","0","30591.5","35990","5"
"M7320220","SPRING DIAPHRAGM","General Spare Parts","TVS / Universal","0","425","500","5"
"M7320260","NEEDLE JET (JET)","General Spare Parts","TVS / Universal","0","2507.5","2950","5"
"M7320270","MUFFLER ASSEMBLY F2","General Spare Parts","TVS / Universal","0","23205","27300","5"
"M7320280L","CHAIN SPROCKET KIT","General Spare Parts","TVS / Universal","0","3901.5","4590","5"
"M73202GO","PROP STAND KIT","General Spare Parts","TVS / Universal","0","1921","2260","5"
"M7320SSOS","SPEEDO CABLE INNER (DRUM)","Electrical","TVS / Universal","0","425","500","5"
"M7320340S","SPEEDO CABLE INNER (Disc)","Brakes","TVS / Universal","0","425","500","5"
"M7320SGO","COVER SPEEDO METER","General Spare Parts","TVS / Universal","0","2626.5","3090","5"
"M7320510","KIT HUB DRIVE SPEEDO","General Spare Parts","TVS / Universal","0","3765.5","4430","5"
"M7320560","ASSY HOUSING SPEEDO","General Spare Parts","TVS / Universal","0","10922.5","12850","5"
"M7320570","KNOB RESET","General Spare Parts","TVS / Universal","0","425","500","5"
"M73205GO","BACK COVER RPM METER","General Spare Parts","TVS / Universal","0","3969.5","4670","5"
"M73206GO","COVER HEADLAMP","Engine","TVS / Universal","0","1623.5","1910","5"
"M7320700","SCREW HEADLAMP (AIT)","Engine","TVS / Universal","0","425","500","5"
"M7320720","CLIP BULB HEADLAMP","Engine","TVS / Universal","0","425","500","5"
"M7320760","MIXTURENCONTROL SCREW(Mcs) - NEW","General Spare Parts","TVS / Universal","0","425","500","5"
"M7320770","LENS TURN SIGNAL DAMP","General Spare Parts","TVS / Universal","0","425","500","5"
"M7321100","MUFFLER ASSY LE (WITH GUARD)","General Spare Parts","TVS / Universal","0","44106.5","51890","5"
"M73212GO","JET NEEDLE (NEEDLE)","General Spare Parts","TVS / Universal","0","4428.5","5210","5"
"M7321SGO","PISTON KIT O/S","Engine","TVS / Universal","0","8185.5","9630","5"
"M7321700","ARM CLUTCH RELEASE (ALTI","General Spare Parts","TVS / Universal","0","1691.5","1990","5"
"M7321710","CABLE ASSY CLUTCH","Electrical","TVS / Universal","0","1691.5","1990","5"
"M73218GO","PLATE CLUTCH DRIVE SET -RTR","General Spare Parts","TVS / Universal","0","7369.5","8670","5"
"M7321GOO","PLATE CLUTCH DRIVEN SET -RTR","General Spare Parts","TVS / Universal","0","425","500","5"
"M7321G60","RING SET I O/S","General Spare Parts","TVS / Universal","0","2031.5","2390","5"
"M7321G70","RING SET II O/S","General Spare Parts","TVS / Universal","0","4709","5540","5"
"M7321GGO","CYLINDER HEAD COMP WITH PiPE","Engine","TVS / Universal","0","32733.5","38510","5"
"M7322000","CYLINDER BLOCK & PISTON KIT -R (AIT)","Engine","TVS / Universal","0","34221","40260","5"
"M7322010","ENGINE VALVE KIT RTR","Engine","TVS / Universal","0","6740.5","7930","5"
"M7322020","RING SET STD","General Spare Parts","TVS / Universal","0","4709","5540","5"
"M9320010","OTHER PARTS","General Spare Parts","TVS / Universal","0","425","500","5"
"M3NP8RACKET","MB number plate brackets with print","General Spare Parts","TVS / Universal","0","425","500","5"
"MCY4S10001XL","PARTS CATALOGUE (XL SUPER/HD/SPOR)","General Spare Parts","TVS / Universal","0","425","500","5"
"MCY4S10002","PARTS CATALOGUE CENTR","General Spare Parts","TVS / Universal","0","2567","3020","5"
"MCY4S10002CE","PART CATALOGUE CENTRA","General Spare Parts","TVS / Universal","0","425","500","5"
"MCY4S10003","PARTS CATALOGUE VICTOR GL/GLX/GX","General Spare Parts","TVS / Universal","0","2023","2380","5"
"MCY4S10003GLX","PART CATALOGUE VICTOR GLX","General Spare Parts","TVS / Universal","0","425","500","5"
"MCY4S10003GX","PART CATALOGUE VICTOR GX","General Spare Parts","TVS / Universal","0","425","500","5"
"MCY4S10003ST","PARTS CATALOUGE (STREAK)","General Spare Parts","TVS / Universal","0","425","500","5"
"MCY4S10003VL","PART CATALOGUE VICTOR GL/GLX/GX","General Spare Parts","TVS / Universal","0","425","500","5"
"MCY4S10005","PARTS CATALOGUE FIERO/F2/FX","General Spare Parts","TVS / Universal","0","2873","3380","5"
"MCY4S10006","PARTS CATALOGUE STAR/DLX/CITY","General Spare Parts","TVS / Universal","0","2099.5","2470","5"
"MCY4S10006ST","PART CATALOGUE STAR/CITY/SPORT","General Spare Parts","TVS / Universal","0","425","500","5"
"MCY4S10007","PARTS CATALOGUE TVS APACHE","General Spare Parts","TVS / Universal","0","2796.5","3290","5"
"MCY4S10007M","PART CATALOGUE (MAXI 1,","General Spare Parts","TVS / Universal","0","246.5","290","5"
"MCY4S10008","PARTS CATALOGUE TVS APACHE &","General Spare Parts","TVS / Universal","0","425","500","5"
"MCY4S10008AP","PART CATALOGUE APACHE / RTR","General Spare Parts","TVS / Universal","0","425","500","5"
"MCY4S10009","PARTS CATALOGUE TVS FLAM","General Spare Parts","TVS / Universal","0","425","500","5"
"MCY4S10009FL","PART CATALOGUE FLAME","General Spare Parts","TVS / Universal","0","425","500","5"
"MCY4S10010","PART CATALOGUE (APACEHE/RTR 160)","General Spare Parts","TVS / Universal","0","1623.5","1910","5"
"MCY4S10011","PARTS CATALOGUE","General Spare Parts","TVS / Universal","0","1266.5","1490","5"
"MCY4S10012","PART CATALOGUE (SR 125)","General Spare Parts","TVS / Universal","0","1496","1760","5"
"MCY4S10013","PART CATALOGUE - JIVE","General Spare Parts","TVS / Universal","0","1368.5","1610","5"
"MCY4S10020","PART CATALOGUE APACHE - 150 RTR","General Spare Parts","TVS / Universal","0","425","500","5"
"MCY4S1008","CHAMP MOPED","General Spare Parts","TVS / Universal","0","1547","1820","5"
"MCY4S1008CH","PART CATALOGUE CHAM","General Spare Parts","TVS / Universal","0","425","500","5"
"MCY4S100G","XL SUPER/HD","General Spare Parts","TVS / Universal","0","1028.5","1210","5"
"MCY4SME100","PART CATALOGUE - METRO","General Spare Parts","TVS / Universal","0","425","500","5"
"MCY4SME100ES","PART CATALOGUE - METRO ES","General Spare Parts","TVS / Universal","0","425","500","5"
"MCY4SME110PL","PART CATALOGUE - METRO PLUS","General Spare Parts","TVS / Universal","0","646","760","5"
"MCY4SSS125","PART CATALOGUE - STAR SPORT","General Spare Parts","TVS / Universal","0","106.25","125","5"
"MOP2S10001","PARTS CATALOGUE XL Tvs SUPER/SPORT/","General Spare Parts","TVS / Universal","0","1266.5","1490","5"
"N0002012","BATTER ASSY","General Spare Parts","TVS / Universal","0","6060.5","7130","5"
"N1010160","GASKET CYLINDER","Engine","TVS / Universal","0","425","500","5"
"N1010210","GASKET CYLINDER HEAD","Engine","TVS / Universal","0","2635","3100","5"
"N1010560","STUD CYL HEAD LH (AIT)","Engine","TVS / Universal","0","688.5","810","5"
"N1010570","STUD CYL HEAD RH (ALTI","Engine","TVS / Universal","0","425","500","5"
"N1010650","DAMPER 1 CYLINDER","Engine","TVS / Universal","0","425","500","5"
"N1010SSO","DAMPER 2 CYLINDER","Engine","TVS / Universal","0","425","500","5"
"N1020180","NEEDLE CAGE 28x36x14 VICTOR GLX","General Spare Parts","TVS / Universal","0","425","500","5"
"N1030020","CRANKCASE COMP R - GLX","Engine","TVS / Universal","0","14849.5","17470","5"
"N10300SO","CRANK CASE GASKET","Engine","TVS / Universal","0","722.5","850","5"
"N1040060","CARBURETTOR ASSY","General Spare Parts","TVS / Universal","0","44710","52600","5"
"N1040070","AIR CLEANER ASSY","Filters","TVS / Universal","0","2847.5","3350","5"
"N1040240","PIPE INTAKE COMP","General Spare Parts","TVS / Universal","0","1666","1960","5"
"N10403SO","ADAPTER COMP CARBURETTOR","General Spare Parts","TVS / Universal","0","935","1100","5"
"N1070010","SPRING CLUTCH","General Spare Parts","TVS / Universal","0","425","500","5"
"N1080080","LEVER KICKSTARTER","General Spare Parts","TVS / Universal","0","4335","5100","5"
"N10800GO","LEVER ASSY KICKSTARTER","General Spare Parts","TVS / Universal","0","7225","8500","5"
"N1080100","SHAFT KICKSTARTER","General Spare Parts","TVS / Universal","0","3247","3820","5"
"N1080110","GAUGE OIL LEVEL","Oils & Fluids","TVS / Universal","0","425","500","5"
"N1080120","OIL PUMP ASSY","Oils & Fluids","TVS / Universal","0","4292.5","5050","5"
"NIL","10030 ADAPTOR Disc BRAKE","Brakes","TVS / Universal","0","5236","6160","5"
"N1200G40","HEX SCREW M6X10-8.8","General Spare Parts","TVS / Universal","0","425","500","5"
"N2010220","GASKET CYLINDER","Engine","TVS / Universal","0","425","500","5"
"N2010320","ARM VALVE ROCKER (ALTI","Engine","TVS / Universal","0","2575.5","3030","5"
"N2010350","SPRING VALVE OUTER","Engine","TVS / Universal","0","425","500","5"
"N20103GO","GASKET CYLINDER HEAD [NIOI 0060]","Engine","TVS / Universal","0","2813.5","3310","5"
"N2010420","COVER CYLINDER HEAD-L( PAINTED)","Engine","TVS / Universal","0","1870","2200","5"
"N2010SOO","GASKET CYLINDER HEAD COVER R","Engine","TVS / Universal","0","425","500","5"
"N2010610","VALVE INTAKE (AIT)","Engine","TVS / Universal","0","2312","2720","5"
"N2010620","VALVE EXHAUST 2,","Engine","TVS / Universal","0","501.5","590","5"
"N2010SGO","PIN PISTON","Engine","TVS / Universal","0","425","500","5"
"N2010710","BOLT CAM CHAIN TENSIONER","Brakes","TVS / Universal","0","425","500","5"
"N2010820","CAP INSPECTION PAINTED","General Spare Parts","TVS / Universal","0","425","500","5"
"N2010G10","SPROCKET 32 CAM SHAFT","Brakes","TVS / Universal","0","2065.5","2430","5"
"N2010G20","CAMCHAIN (ROLLER CHAIN) (ALTI","Brakes","TVS / Universal","0","2031.5","2390","5"
"N2010G50","HEAD CYLINDER ASSY (ALTI","Engine","TVS / Universal","0","74825.5","88030","5"
"N2010GSO","WASHER CAM CHAIN TENSIONER","Brakes","TVS / Universal","0","425","500","5"
"N2010GGO","RING SET PISTON STD 5PC","Engine","TVS / Universal","0","1632","1920","5"
"N2011020","TENSIONER CAMCHAIN -2005","Brakes","TVS / Universal","0","2142","2520","5"
"N2011150","CYLINDER BLOCK LG SILVER (ALTI","Engine","TVS / Universal","0","18989","22340","5"
"N2011170","COVER CYLINDER (ALTI","Engine","TVS / Universal","0","2847.5","3350","5"
"N2011180","CAP COVER CYL HEAD RH VICTOR LG SIL","Engine","TVS / Universal","0","646","760","5"
"N20111GO","CAP INSPECTION PAINTED LG SIL","General Spare Parts","TVS / Universal","0","425","500","5"
"N2020200","CRANKSHAFT COMP (027) (AIT)","Engine","TVS / Universal","0","32946","38760","5"
"N2030080","CRANKCASE COMP R -GX","Engine","TVS / Universal","0","14679.5","17270","5"
"N2030100","CRANKCASE COMP L -GX","Engine","TVS / Universal","0","3629.5","4270","5"
"N2030120","COVER CLUTCH MACHINED (SPARE ONLY)","General Spare Parts","TVS / Universal","0","8925","10500","5"
"N2030150","COVER MAGNETO MACHINED(SPARE ONLY)","General Spare Parts","TVS / Universal","0","5066","5960","5"
"N2030170","GASKET MAGNETO COVER","Engine","TVS / Universal","0","425","500","5"
"N203021G","PLUG OIL HOLE","Oils & Fluids","TVS / Universal","0","425","500","5"
"N2030270","COVER CLUTCH MACHINED LG SIL","General Spare Parts","TVS / Universal","0","13370.5","15730","5"
"N2030280","COVER MAGNETO MACHINED LG SIL","General Spare Parts","TVS / Universal","0","5040.5","5930","5"
"N2040010","CARBURETTOR ASSY [MIKUNI]","General Spare Parts","TVS / Universal","0","36235.5","42630","5"
"N2040210","SEAL AIR CLEANER","Filters","TVS / Universal","0","425","500","5"
"N20404GO","HOSE CLIP","General Spare Parts","TVS / Universal","0","425","500","5"
"N2040650","FILTER INNER","Filters","TVS / Universal","0","595","700","5"
"N2040GGO","SECONDARY AIR INJECTION VALVE","Engine","TVS / Universal","0","14866.5","17490","5"
"N2041080","CASE AIR CLEANER L COMP","Filters","TVS / Universal","0","2329","2740","5"
"N2041120","HOSE No 1","General Spare Parts","TVS / Universal","0","680","800","5"
"N2041150","HOSE CLIP NO_I","General Spare Parts","TVS / Universal","0","425","500","5"
"N2041300","TUBE INTAKE","General Spare Parts","TVS / Universal","0","425","500","5"
"N2041310","CASE AIR CLEANER R","Filters","TVS / Universal","0","1385.5","1630","5"
"N2041320","ASSY AIR CLEANER","Filters","TVS / Universal","0","13863.5","16310","5"
"N2041400","ADAPTOR COMP CARBURETTOR","General Spare Parts","TVS / Universal","0","425","500","5"
"N2041470","TUBE BREATHER","General Spare Parts","TVS / Universal","0","425","500","5"
"N2041480","CLAMP HOSE","Electrical","TVS / Universal","0","425","500","5"
"N20414GO","GASKET AIR INJECTION","Engine","TVS / Universal","0","425","500","5"
"N2041520","TUBE OUTLET","General Spare Parts","TVS / Universal","0","1470.5","1730","5"
"N2041670","CUSHION VALVE MOUNTING","Engine","TVS / Universal","0","425","500","5"
"N2041SGO","CLAMP END CAP","Electrical","TVS / Universal","0","425","500","5"
"N2070150","PLATE CLUTCH DRIVE (AIT)","General Spare Parts","TVS / Universal","0","425","500","5"
"N2070200","DISC CLUTCH PRESSURE","Brakes","TVS / Universal","0","1292","1520","5"
"N2070220","HUB CLUTCH","General Spare Parts","TVS / Universal","0","2728.5","3210","5"
"N2070250","SPRING CLUTCH (ALTI","General Spare Parts","TVS / Universal","0","425","500","5"
"N20702GO","PLATE CLUTCH RELEASE","General Spare Parts","TVS / Universal","0","892.5","1050","5"
"N2070300","SPRING DISC","Brakes","TVS / Universal","0","425","500","5"
"N2070310","NUT CLUTCH SHAFT","General Spare Parts","TVS / Universal","0","425","500","5"
"N2070320","SPACER CLUTCH","General Spare Parts","TVS / Universal","0","875.5","1030","5"
"N2070370","SPRING CLUTCH (ALTI","General Spare Parts","TVS / Universal","0","425","500","5"
"N2070380","KIT PIN CLUTCH RELEASE","General Spare Parts","TVS / Universal","0","425","500","5"
"N20703GO","PIN CLUTCH RELEASE","General Spare Parts","TVS / Universal","0","425","500","5"
"N2080110","BEARING 520","General Spare Parts","TVS / Universal","0","646","760","5"
"N2080200","RATCHET KS","General Spare Parts","TVS / Universal","0","10.2","12","5"
"N2080270","SPACER PRIMARY DRIVEN GEAR","General Spare Parts","TVS / Universal","0","425","500","5"
"N2080320","SHAFT DRIVE","General Spare Parts","TVS / Universal","0","7752","9120","5"
"N2080380","SHAFT KICK STARTER","General Spare Parts","TVS / Universal","0","3425.5","4030","5"
"N20803GO","GEAR PRIMARY DRIVE (OLD) (A","General Spare Parts","TVS / Universal","0","5032","5920","5"
"N2080500","SPRING GEAR SHIFT PAWL","General Spare Parts","TVS / Universal","0","425","500","5"
"N2080520","SHAFT SHIFT FORK","General Spare Parts","TVS / Universal","0","425","500","5"
"N20805GO","RETAINER GEAR SHIFT CAM","Brakes","TVS / Universal","0","425","500","5"
"N2080SOO","GUIDE GEAR SHIFT CAM PIN","Brakes","TVS / Universal","0","425","500","5"
"N2080SSO","SHAFT COMP GEAR SHIFT","General Spare Parts","TVS / Universal","0","1156","1360","5"
"N2080S70","CAP OIL FILTER","Oils & Fluids","TVS / Universal","0","1105","1300","5"
"N2080700","GEAR 2ND DRIVEN","General Spare Parts","TVS / Universal","0","3383","3980","5"
"N2080710","FORK GEAR SHIFT HIGH SPEED","General Spare Parts","TVS / Universal","0","2354.5","2770","5"
"N2080720","FORK GEAR SHIFT LOW SPEED","General Spare Parts","TVS / Universal","0","833","980","5"
"N2080770","ROD CLUTCH RELEASE COMP","General Spare Parts","TVS / Universal","0","1071","1260","5"
"N2080800","SPRING CLUTCH CABLE RETURN","Electrical","TVS / Universal","0","425","500","5"
"N2080810","O RING","General Spare Parts","TVS / Universal","0","425","500","5"
"N2080GOO","WASHER CLUTCH HSG","General Spare Parts","TVS / Universal","0","425","500","5"
"N2080G20","PIPE BREATHER","General Spare Parts","TVS / Universal","0","425","500","5"
"N2080G70","SPACER SHIFT SHAFT","General Spare Parts","TVS / Universal","0","425","500","5"
"N2081100","GUIDE KICK STARTER","General Spare Parts","TVS / Universal","0","425","500","5"
"N2081120","STARTER KICK","General Spare Parts","TVS / Universal","0","2031.5","2390","5"
"N2081150","GAUGE OIL LEVEL","Oils & Fluids","TVS / Universal","0","425","500","5"
"N2081170","SPRING SHIFT SHAFT RETURN","General Spare Parts","TVS / Universal","0","425","500","5"
"N2081250","GEAR 3RD DRIVE","General Spare Parts","TVS / Universal","0","3153.5","3710","5"
"N2081310","GEAR COMP KS IDLE (OLD)","General Spare Parts","TVS / Universal","0","782","920","5"
"N2081370","PLATE SHIFT CAM STOPPER","Brakes","TVS / Universal","0","425","500","5"
"N2081380","GEAR 4TH DRIVE - VICTOR","General Spare Parts","TVS / Universal","0","3629.5","4270","5"
"N20813GO","GEAR 2ND DRIVE","General Spare Parts","TVS / Universal","0","3425.5","4030","5"
"N2081400","JOINT KICK STARTER","General Spare Parts","TVS / Universal","0","1793.5","2110","5"
"N2081410","LEVER KICK STARTER","General Spare Parts","TVS / Universal","0","3893","4580","5"
"N2081420","LEVER ASSY KICK STARTER (ALTI","General Spare Parts","TVS / Universal","0","4836.5","5690","5"
"N2081450","PIN LEVER ASSY KICK STARTER","General Spare Parts","TVS / Universal","0","425","500","5"
"N2081470","RUBBER KICK STARTER LEVER (ALTI","General Spare Parts","TVS / Universal","0","425","500","5"
"N2081480","SPRING KICK STARTER RETN","General Spare Parts","TVS / Universal","0","425","500","5"
"N20814GO","LEVER ASSY GEAR SHIFT (ALTI","General Spare Parts","TVS / Universal","0","1453.5","1710","5"
"N2081570","SPACER ROLLER GEAR SHIFT FORK PIN","General Spare Parts","TVS / Universal","0","425","500","5"
"N2081580","BUSH","General Spare Parts","TVS / Universal","0","425","500","5"
"N20815GO","BODY' GEAR SHIFT SWITCH","Electrical","TVS / Universal","0","425","500","5"
"N2081SOO","GASKET OIL GALLERY PLUG","Oils & Fluids","TVS / Universal","0","425","500","5"
"N2081S10","PLUG CRANK SHAFT HOLE - BLACK (ALTI","Engine","TVS / Universal","0","425","500","5"
"N2081650","STOPPER KICK STARTER","General Spare Parts","TVS / Universal","0","425","500","5"
"N2081670","PLUG CRANKSHAFT HOLE - PAINTED (ALTI","Engine","TVS / Universal","0","425","500","5"
"N2081S80","PLUG TDC","General Spare Parts","TVS / Universal","0","425","500","5"
"N2081SGO","O-RING 22_7xs.1","General Spare Parts","TVS / Universal","0","416.5","490","5"
"N2081700","GEAR KICK STARTER DRIVE (NEW)","General Spare Parts","TVS / Universal","0","4258.5","5010","5"
"N2081720","OIL SEAL GEAR SHIFT SHAFT","Oils & Fluids","TVS / Universal","0","416.5","490","5"
"N208177G","GEAR PRIMARY DRIVE (NEW)","General Spare Parts","TVS / Universal","0","4488","5280","5"
"N20817GG","GEAR PRIMARY DRIVE","General Spare Parts","TVS / Universal","0","3816.5","4490","5"
"N2081800","PUMP ASSY OIL (NEW) (ALT)","Oils & Fluids","TVS / Universal","0","3502","4120","5"
"N2081820","GEAR ASSY PRIMARY DRIVEN (NEW)","General Spare Parts","TVS / Universal","0","14747.5","17350","5"
"N2081850","DRIVE SHAFT ASSY - VICTOR (NEW)","General Spare Parts","TVS / Universal","0","15827","18620","5"
"N2082010","CAP OIL FILTER LG SILVER","Oils & Fluids","TVS / Universal","0","705.5","830","5"
"N2100020","UPPER 3RKT COMP","General Spare Parts","TVS / Universal","0","425","500","5"
"N21000GO","NUT FRONT FORK","General Spare Parts","TVS / Universal","0","425","500","5"
"N2100150","BRACE FRONT FENDER","General Spare Parts","TVS / Universal","0","697","820","5"
"N2100170","LOCK NuT STEERING (ACT)","General Spare Parts","TVS / Universal","0","697","820","5"
"N2100180","ARRESTER STEERING STEM","General Spare Parts","TVS / Universal","0","603.5","710","5"
"N21001GO","LEG ASSY L FRONT FORK","General Spare Parts","TVS / Universal","0","38709","45540","5"
"N2100200","LEG ASSY R FRONT FORK","General Spare Parts","TVS / Universal","0","37527.5","44150","5"
"N2100220","SPACER","General Spare Parts","TVS / Universal","0","425","500","5"
"N2100250","FORK OUTER TUBE R (NO DRG)","General Spare Parts","TVS / Universal","0","5644","6640","5"
"N2110010","PEDAL COMP BRAKE","Brakes","TVS / Universal","0","2822","3320","5"
"N2110110","BRAKE PANEL ASSY FRONT (AIT)","Brakes","TVS / Universal","0","9834.5","11570","5"
"N21101GO","SPACER COMP FRONT HUB","General Spare Parts","TVS / Universal","0","425","500","5"
"N2110210","AXLE FRONT (ALTI","General Spare Parts","TVS / Universal","0","1751","2060","5"
"N2110250","HUB COMP RR WHEEL MACHINED","General Spare Parts","TVS / Universal","0","10633.5","12510","5"
"N21102GO","BRAKE PANEL COMP RR PAINTED","Brakes","TVS / Universal","0","5406","6360","5"
"N2110370","DRUM REAR SPROCKET MTG MACHINED","General Spare Parts","TVS / Universal","0","3102.5","3650","5"
"N21103GO","SPACER L REAR AXLE","General Spare Parts","TVS / Universal","0","425","500","5"
"N2110410","AXLE REAR (AIT)","General Spare Parts","TVS / Universal","0","1989","2340","5"
"N2110550","ROD REAR BRAKE COMP","Brakes","TVS / Universal","0","425","500","5"
"N2110SOO","PIN REAR BRAKE CONNECTOR","Brakes","TVS / Universal","0","425","500","5"
"N2110620","SPRING STOP LAMP SWITCH","Electrical","TVS / Universal","0","425","500","5"
"N2110650","GEAR SPEEDOMETER 24T","General Spare Parts","TVS / Universal","0","425","500","5"
"N2110S70","WATER SEAL RING","General Spare Parts","TVS / Universal","0","425","500","5"
"N2110680","DUST SEAL FRONT BRAKE CABLE","Brakes","TVS / Universal","0","425","500","5"
"N2110SGO","SPRING FRONT BRAKE CABLE","Brakes","TVS / Universal","0","425","500","5"
"N2110700","BRAKE RETURN SPRING","Brakes","TVS / Universal","0","425","500","5"
"N2120GSO","FENDER REAR","General Spare Parts","TVS / Universal","0","2244","2640","5"
"N21400200DA","TANK COMP FUEL+TAPESET HG BLACK-2","General Spare Parts","TVS / Universal","0","38343.5","45110","5"
"N214002000C","TANK COMP FUEL+TAPESET BLACK U42","General Spare Parts","TVS / Universal","0","35394","41640","5"
"N21400200DF","TANK COMP FUEL BLK+SILV+BLUE -EDGE","General Spare Parts","TVS / Universal","0","38352","45120","5"
"N21400200DG","TANK COMP FUEL BLACK COPPER -EDGE","General Spare Parts","TVS / Universal","0","38352","45120","5"
"N21400202GA","TANK COMP FUEL+TAPESET WINE RED","General Spare Parts","TVS / Universal","0","13149.5","15470","5"
"N21400202R","TANK COMP FUEL+TAPESET GOLD BEIGE","General Spare Parts","TVS / Universal","0","33065","38900","5"
"N21400204L","TANK COMP FUEL+TAPESET JEWEL GREEN","General Spare Parts","TVS / Universal","0","38343.5","45110","5"
"N21400204LA","TANK COMP FUEL+TAPESET JGRN EX","General Spare Parts","TVS / Universal","0","38343.5","45110","5"
"N21400205G","TANK COMP FUEL+TAPESET NF WINERED","General Spare Parts","TVS / Universal","0","44497.5","52350","5"
"N21400206G","TANK COMP FUEL+TAPESET FLAME RED","General Spare Parts","TVS / Universal","0","33065","38900","5"
"N21400206GA","TANK COMP FUEL+TAPESET FLAME RED","General Spare Parts","TVS / Universal","0","38352","45120","5"
"N21400206GB","TANK COMP FUEL FLAME RED -EDGE","General Spare Parts","TVS / Universal","0","38352","45120","5"
"N214002073A","TANK COMP FUEL+TAPESET TBLUE UPG","General Spare Parts","TVS / Universal","0","38343.5","45110","5"
"N2140020C","TANK COMP FUEL+TAPESET SIL MET GREY","General Spare Parts","TVS / Universal","0","38343.5","45110","5"
"N2140020CA","TANK COMP FUEL+TAPESET SILMETGREY-2","General Spare Parts","TVS / Universal","0","38343.5","45110","5"
"N2140020CB","TANK COMP FUEL+TAPESET SILMETGREY-3","General Spare Parts","TVS / Universal","0","35394","41640","5"
"N214002GOO","FUEL TANK HG BLACK VICT GL W/O STIC","General Spare Parts","TVS / Universal","0","25134.5","29570","5"
"N2180110","CAP ASSY SPARK PLUG (ALTI","General Spare Parts","TVS / Universal","0","425","500","5"
"N2200120","SHIM","General Spare Parts","TVS / Universal","0","425","500","5"
"N2200150","BALL BEARING 17x40x12 - 6203","General Spare Parts","TVS / Universal","0","1428","1680","5"
"N2200280","THRUST WASHER 15X2sxo.8","General Spare Parts","TVS / Universal","0","425","500","5"
"N2200350","NEEDLE ROLLER BEARING HK2012a","General Spare Parts","TVS / Universal","0","1853","2180","5"
"N22003GO","BALL BEARING 6205 VQ 091 (ALTI","General Spare Parts","TVS / Universal","0","977.5","1150","5"
"N2200400","BALL BEARING 12X28X8","General Spare Parts","TVS / Universal","0","425","500","5"
"N2200420","CIRCLIP 15 x1 N IS:3075","General Spare Parts","TVS / Universal","0","425","500","5"
"N2200450","HEX -MSx50","General Spare Parts","TVS / Universal","0","425","500","5"
"N2200470","HEX SOC HD CAP SCR M6x20 P","General Spare Parts","TVS / Universal","0","109.65","129","5"
"N2200480","HEX FLANGE BOLT MIOx12","General Spare Parts","TVS / Universal","0","425","500","5"
"N22004GO","HEX. FLANGE BOLT M6x20 ZNG","General Spare Parts","TVS / Universal","0","425","500","5"
"N2200500","HEX FLANGE BOLT M6x25 ZNG","General Spare Parts","TVS / Universal","0","425","500","5"
"N2200550","OIL SEAL CRANKSHAFT R","Oils & Fluids","TVS / Universal","0","756.5","890","5"
"N2210010","LOCK ASSY COVER FRAME","General Spare Parts","TVS / Universal","0","1428","1680","5"
"N2310010","CLUTCH HOLDING TOOL","General Spare Parts","TVS / Universal","0","1334.5","1570","5"
"N2310020","CLUTCH NUT TIGHTENING TOOL","General Spare Parts","TVS / Universal","0","2218.5","2610","5"
"N2310070","MANDREL GEAR SHAFT OIL SEAL","Oils & Fluids","TVS / Universal","0","2405.5","2830","5"
"N2320100","PISTON KIT STD","Engine","TVS / Universal","0","10608","12480","5"
"N2320110","PISTON KIT DIX51 BLUE","Engine","TVS / Universal","0","10608","12480","5"
"N2320170","CYLINDER BLOCK & PISTON KIT-OLD G","Engine","TVS / Universal","0","35504.5","41770","5"
"N2320250","JET HOLDER 1,","General Spare Parts","TVS / Universal","0","246.5","290","5"
"N2320270","JET NEEDLE","General Spare Parts","TVS / Universal","0","425","500","5"
"N2320280","PISTON VALVE","Engine","TVS / Universal","0","756.5","890","5"
"N23202GO","NEEDLE VALVE ASSY","Engine","TVS / Universal","0","3740","4400","5"
"N2320300","FLOAT BODY ASSY","General Spare Parts","TVS / Universal","0","3638","4280","5"
"N2320310","SCREW DRAIN","General Spare Parts","TVS / Universal","0","425","500","5"
"N2320320","SEAL BOWL","General Spare Parts","TVS / Universal","0","612","720","5"
"N2320370","SPRING PISTON VALVE","Engine","TVS / Universal","0","425","500","5"
"N2320380","TOP CAP ASSY","General Spare Parts","TVS / Universal","0","425","500","5"
"N23203GO","AIR SCREW (AS)","General Spare Parts","TVS / Universal","0","382.5","450","5"
"N2320400","SPRING AS","General Spare Parts","TVS / Universal","0","425","500","5"
"N2320410","WASHER AS","General Spare Parts","TVS / Universal","0","425","500","5"
"N2320420","O-RING AS","General Spare Parts","TVS / Universal","0","425","500","5"
"N2320450","WASHER (TS)","General Spare Parts","TVS / Universal","0","425","500","5"
"N2320470","PLATE VALVE SEAT","Engine","TVS / Universal","0","425","500","5"
"N2320480","SCREW VALVE SEAT","Engine","TVS / Universal","0","425","500","5"
"N23204GO","GUIDE HOLDER ASSY","General Spare Parts","TVS / Universal","0","425","500","5"
"N2320500","SCREW FLOAT CHAMBER","General Spare Parts","TVS / Universal","0","425","500","5"
"N2320510","PIN FLOAT","General Spare Parts","TVS / Universal","0","425","500","5"
"N2320520","FLOAT ASSY","General Spare Parts","TVS / Universal","0","1955","2300","5"
"N2320550","CLIP, DRAIN-AIR VENT","General Spare Parts","TVS / Universal","0","425","500","5"
"N2320570","O-RING MIXING BODY","General Spare Parts","TVS / Universal","0","425","500","5"
"N23205GO","SPRING STARTER","General Spare Parts","TVS / Universal","0","425","500","5"
"N2320SOO","PLUNGER STARTER","General Spare Parts","TVS / Universal","0","1870","2200","5"
"N2320610","HOLDER JET NEEDLE","General Spare Parts","TVS / Universal","0","425","500","5"
"N2320620","O - RING MIXING BODY","General Spare Parts","TVS / Universal","0","425","500","5"
"N2320S40E","PLATE CLUTCH DRIVE SET-4","General Spare Parts","TVS / Universal","0","3910","4600","5"
"N2320700","KIT FUEL TANK REAR MOUNTING","General Spare Parts","TVS / Universal","0","739.5","870","5"
"N2320720","KIT CLUTCH VICTOR MINOR","General Spare Parts","TVS / Universal","0","5321","6260","5"
"N2320750","CLUTCH PLATE SET DRIVEN","General Spare Parts","TVS / Universal","0","425","500","5"
"N3010340","ADJUSTER ASSY TENSIONER","General Spare Parts","TVS / Universal","0","3442.5","4050","5"
"N3010480","CAMSHAFT COMP 125","Brakes","TVS / Universal","0","10157.5","11950","5"
"N3010510","COVER CYL HEAD LH -LG SILVER","Engine","TVS / Universal","0","425","500","5"
"N30105SO","COVER CYL HEAD RH","Engine","TVS / Universal","0","3383","3980","5"
"N3010550","O RING COVER CYL HEAD","Engine","TVS / Universal","0","595","700","5"
"N30107GO","GUIDE CAMCHAIN","Brakes","TVS / Universal","0","425","500","5"
"N3010810","TENSIONER CAM","Brakes","TVS / Universal","0","1207","1420","5"
"N3010820","SPROCKET CAMCHAIN DRIVE 34T","Brakes","TVS / Universal","0","1062.5","1250","5"
"N30108SO","CYLINDER HEAD COMP","Engine","TVS / Universal","0","36915.5","43430","5"
"N3010860","CAMCHAIN","Brakes","TVS / Universal","0","1623.5","1910","5"
"N3010880","CYLINDER BLOCK","Engine","TVS / Universal","0","18853","22180","5"
"N3010G20","BOLT HEAD","Engine","TVS / Universal","0","425","500","5"
"N3011060","STUD CYLINDER HEAD LH","Engine","TVS / Universal","0","671.5","790","5"
"N3011140","VALVE INTAKE NEW","Engine","TVS / Universal","0","1453.5","1710","5"
"N3011150","CAM SHAFT ASSY GX","Brakes","TVS / Universal","0","9290.5","10930","5"
"N3011250","CYLINDER HEAD COMP GLX125","Engine","TVS / Universal","0","36915.5","43430","5"
"N3011260","CAMSHAFT COMP -VICTOR EDGE","Brakes","TVS / Universal","0","11619.5","13670","5"
"N3011280","SPRING VALVE INNER","Engine","TVS / Universal","0","425","500","5"
"N30112GO","SPRING VALVE OUTER","Engine","TVS / Universal","0","425","500","5"
"N3011370","ADJUSTER TENSIONER","General Spare Parts","TVS / Universal","0","4037.5","4750","5"
"N3011440","CYLINDER BLOCK ES","Engine","TVS / Universal","0","19439.5","22870","5"
"N30115GO","TENSIONER CAMCHAIN","Brakes","TVS / Universal","0","1453.5","1710","5"
"N3011SOO","GASKET TENSIONER ADJUSTOR","Engine","TVS / Universal","0","425","500","5"
"N3011670","PLUG ADJUSTER TENSIONER","General Spare Parts","TVS / Universal","0","425","500","5"
"N30117SO","PACKING SEAL, COVER CYLINDER","Engine","TVS / Universal","0","425","500","5"
"N3011780","SPARK PLUG (ALTI","General Spare Parts","TVS / Universal","0","1309","1540","5"
"N3011GOO","GASKET CYL HEAD","Engine","TVS / Universal","0","1530","1800","5"
"N3012050","OILSEAL VALVE STEM","Oils & Fluids","TVS / Universal","0","425","500","5"
"N3012080","SPRING ROCKER ARM","General Spare Parts","TVS / Universal","0","425","500","5"
"N30120GO","STIFFENER HSG CAMSHAFT","Brakes","TVS / Universal","0","425","500","5"
"N3012100","SPARK PLUG","General Spare Parts","TVS / Universal","0","654.5","770","5"
"N3020040","CRANKSHAFT COMP GLX ES","Engine","TVS / Universal","0","26214","30840","5"
"N3020110","PISTON KIT 53.50 STD","Engine","TVS / Universal","0","5015","5900","5"
"N3030120","COVER CLUTCH MACHINED","General Spare Parts","TVS / Universal","0","11126.5","13090","5"
"N30301207D","COVER CLUTCH","General Spare Parts","TVS / Universal","0","2788","3280","5"
"N30301SO","COVER MAGNETO ASSY","General Spare Parts","TVS / Universal","0","5440","6400","5"
"N30301GO","COVER MAGNETO ES","General Spare Parts","TVS / Universal","0","1249.5","1470","5"
"N30302207D","CRANK CASE COMP L","Engine","TVS / Universal","0","14212","16720","5"
"N30302SO","CRANKCASE COMP R","Engine","TVS / Universal","0","3374.5","3970","5"
"N30302307D","CRANK CASE COMP R","Engine","TVS / Universal","0","12911.5","15190","5"
"N3030260","GASKET COVER MAGNETO ES","Engine","TVS / Universal","0","425","500","5"
"N3030340","COVER ELECTRIC START","General Spare Parts","TVS / Universal","0","1283.5","1510","5"
"N30303407D","COVER ELECTRIC START","General Spare Parts","TVS / Universal","0","1394","1640","5"
"N3030380","COVER MAGNETO ES - MACHINED","General Spare Parts","TVS / Universal","0","1887","2220","5"
"N30303807D","COVER MAGNETO","General Spare Parts","TVS / Universal","0","2839","3340","5"
"N3030420","COVER CLUTCH","General Spare Parts","TVS / Universal","0","10667.5","12550","5"
"N3030440","COVER MAGNETO - PHOENIX","General Spare Parts","TVS / Universal","0","2167.5","2550","5"
"N3030460","GASKET MAGNETO COVER","Engine","TVS / Universal","0","399.5","470","5"
"N3040060","FUEL TANK CAP","General Spare Parts","TVS / Universal","0","425","500","5"
"N3040340","PIPE COMP INTAKE","General Spare Parts","TVS / Universal","0","1555.5","1830","5"
"N3040360","DRAIN PIPE (POST FILTER)","Filters","TVS / Universal","0","425","500","5"
"N3040S50","CARBURETTOR ASSY","General Spare Parts","TVS / Universal","0","17085","20100","5"
"N3040SGO","PIPE COMP AIR INJECTION","General Spare Parts","TVS / Universal","0","425","500","5"
"N3040750","FILTER COMP AIR CLEANER","Filters","TVS / Universal","0","2856","3360","5"
"N3040G80","ADAPTOR CARBURETTOR","General Spare Parts","TVS / Universal","0","425","500","5"
"N3050010","MUFFLER COMP (ALTI","General Spare Parts","TVS / Universal","0","21964","25840","5"
"N3050350","SPACER MUFFLER 3RKT","General Spare Parts","TVS / Universal","0","425","500","5"
"N3050460","GUARD EXHAUST (ALTI","General Spare Parts","TVS / Universal","0","3094","3640","5"
"N30505GO","MUFFLER ASSY GL WITH GUARD (ALT)","General Spare Parts","TVS / Universal","0","25168.5","29610","5"
"N3050SOO","MUFFLER ASSY WITH GUARD (ALTI","General Spare Parts","TVS / Universal","0","7556.5","8890","5"
"N3051110","MUFFLER ASSY GX W/O HOT TUBE","General Spare Parts","TVS / Universal","0","9180","10800","5"
"N3051300","MUFFLER COMP LE - (ALTI","General Spare Parts","TVS / Universal","0","28560","33600","5"
"N3060020","REGULATOR - 12V","General Spare Parts","TVS / Universal","0","7199.5","8470","5"
"N3060070","SET GEAR SHIFT SWITCH","Electrical","TVS / Universal","0","425","500","5"
"N3060080","OTHER PARTS","General Spare Parts","TVS / Universal","0","425","500","5"
"N3060120","REGULATOR TVS","General Spare Parts","TVS / Universal","0","5363.5","6310","5"
"N30601SO","PULSER COIL","Oils & Fluids","TVS / Universal","0","1717","2020","5"
"N3060140","DIGITAL CDI CUM FLASHER","General Spare Parts","TVS / Universal","0","14195","16700","5"
"N3060150","CAP ASSY SPARK PLUG","General Spare Parts","TVS / Universal","0","425","500","5"
"N30601GO","COMBINED CDI","General Spare Parts","TVS / Universal","0","15096","17760","5"
"N3060200","MAGNETO ASSY NEW - GLX","General Spare Parts","TVS / Universal","0","9945","11700","5"
"N3060210","AC DIGITAL CDI CUM FLASHER","General Spare Parts","TVS / Universal","0","15291.5","17990","5"
"N3060220","COMBINED CDI / IGNITION COIL","Oils & Fluids","TVS / Universal","0","11908.5","14010","5"
"N3060240","MAGNETO ASSY","General Spare Parts","TVS / Universal","0","32444.5","38170","5"
"N3060250","STARTER MOTOR ASSY","General Spare Parts","TVS / Universal","0","25160","29600","5"
"N3060280","MAGNETO ASSY","General Spare Parts","TVS / Universal","0","33328.5","39210","5"
"N30603SO","TCI UNIT","General Spare Parts","TVS / Universal","0","3782.5","4450","5"
"N3060340","MAGNETO ASSY ES","General Spare Parts","TVS / Universal","0","22448.5","26410","5"
"N3060370","IGNITION COIL ASSY","Oils & Fluids","TVS / Universal","0","5703.5","6710","5"
"N3060410","SEAL SPARK PLUG","General Spare Parts","TVS / Universal","0","425","500","5"
"N3070010","PAPER BASED CLUTCH PLATE - REF 150 (ALTI","General Spare Parts","TVS / Universal","0","2694.5","3170","5"
"N3070020","PLATE CLUTCH DRIVEN (ALTI","General Spare Parts","TVS / Universal","0","425","500","5"
"N3070050","CENTER ASSY MANUAL","General Spare Parts","TVS / Universal","0","9851.5","11590","5"
"N3080040","SPROCKET ENGINE 14T","Engine","TVS / Universal","0","1037","1220","5"
"N3080100","CHAIN ASSY DRIVE 106","General Spare Parts","TVS / Universal","0","7973","9380","5"
"N3080120","SPROCKET 48T","General Spare Parts","TVS / Universal","0","3782.5","4450","5"
"N3080160","SPROCKET ENGINE 13T","Engine","TVS / Universal","0","2057","2420","5"
"N3080170","KEY 4x4x15","General Spare Parts","TVS / Universal","0","425","500","5"
"N3080250","LOCK PLATE SPROCKET","General Spare Parts","TVS / Universal","0","425","500","5"
"N3080270","GUIDE KICK STARTER SPRING","General Spare Parts","TVS / Universal","0","425","500","5"
"N30802GO","OIL FILTER NEW","Oils & Fluids","TVS / Universal","0","425","500","5"
"N3080370","DRIVE CHAIN 1101 (EL)","General Spare Parts","TVS / Universal","0","4394.5","5170","5"
"N3080400","OIL PUMP ASSY NEW -GLX RF","Oils & Fluids","TVS / Universal","0","3221.5","3790","5"
"N3080420","SHAFT GEAR STARTER GEAR DRIVEN","General Spare Parts","TVS / Universal","0","425","500","5"
"N3080480","SHAFT IDLE","General Spare Parts","TVS / Universal","0","841.5","990","5"
"N3080540","PLATE WIRING HARNESS -VICTOR GLX ES","General Spare Parts","TVS / Universal","0","425","500","5"
"N3080570","LEVER GEARSHIFT COMP","General Spare Parts","TVS / Universal","0","3102.5","3650","5"
"N3080SOO","DUST SEAL - COVER MAGNETO ES","General Spare Parts","TVS / Universal","0","425","500","5"
"N3080SSO","GEAR COMP STARTER MOTOR DRIVEN","General Spare Parts","TVS / Universal","0","5397.5","6350","5"
"N3080660","GEAR COMP STARTER MOTOR IDLER","General Spare Parts","TVS / Universal","0","4556","5360","5"
"N3080S70","RING GEAR ASSY GLX ES","General Spare Parts","TVS / Universal","0","13438.5","15810","5"
"N3080820","PIPE INLET OILPUMP","Oils & Fluids","TVS / Universal","0","425","500","5"
"N3090220","CHAIN ADJUSTER COMP R","General Spare Parts","TVS / Universal","0","680","800","5"
"N30902SO","CHAIN ADJUSTER COMP L","General Spare Parts","TVS / Universal","0","688.5","810","5"
"N3090240","SCREW M8x45 CHAIN ADJUSTER (ACT)","General Spare Parts","TVS / Universal","0","425","500","5"
"N3090410","CHAIN CASE COMP LOWER - PAINTED","General Spare Parts","TVS / Universal","0","2040","2400","5"
"N3090420","CHAIN CASE COMP UPPER - PAINTED","General Spare Parts","TVS / Universal","0","1419.5","1670","5"
"N3090550","BUFFER CHAIN TOUCH DEFENSE","General Spare Parts","TVS / Universal","0","595","700","5"
"N30905GO","AXLE REAR SWINGING ARM PIVOT","General Spare Parts","TVS / Universal","0","1309","1540","5"
"N3090610","TORQUE LINK REAR","General Spare Parts","TVS / Universal","0","603.5","710","5"
"N3090S70","BUSH SWINGING ARM","General Spare Parts","TVS / Universal","0","790.5","930","5"
"N3090700","BOLT REAR TORQUE LINK REAR","General Spare Parts","TVS / Universal","0","425","500","5"
"N3090710","CHAIN CASE SET COMP (SPARE)","General Spare Parts","TVS / Universal","0","1785","2100","5"
"N3090720","SWINGARM sua ASSY (SPARE) SIL M","General Spare Parts","TVS / Universal","0","9605","11300","5"
"N30910SO","CHAIN CASE COMP UPP-PAINTED LG SIL","General Spare Parts","TVS / Universal","0","2694.5","3170","5"
"N3091040","CHAIN CASE COMP LOW-PAINTED LG SIL","General Spare Parts","TVS / Universal","0","2694.5","3170","5"
"N3091280","AXLE 12*249 ( SWING ARM)","General Spare Parts","TVS / Universal","0","425","500","5"
"N3091770","SHOCK ABSORBER LH (ADJUSTABLE)","General Spare Parts","TVS / Universal","0","425","500","5"
"N3091780","SHOCK ABSORBER RH (ADJUSTABLE)","General Spare Parts","TVS / Universal","0","425","500","5"
"N3091810","CLAMP CHAIN ADJUSTER BLACK","Electrical","TVS / Universal","0","425","500","5"
"N3091850","CLAMP CHAIN ADJUSTER","Electrical","TVS / Universal","0","425","500","5"
"N3091870","CHAINCASE COMP LOWER","General Spare Parts","TVS / Universal","0","2805","3300","5"
"N3091880","SHOCK ABSORBER GAS FILLED - VICTOR","General Spare Parts","TVS / Universal","0","14747.5","17350","5"
"N3091G10","SWING ARM SUB ASSY - EDGE","General Spare Parts","TVS / Universal","0","10982","12920","5"
"N31000100D","FRONT FENDER HG BLACK","General Spare Parts","TVS / Universal","0","6868","8080","5"
"N31000102G","FRONT FENDER WINE RED LACQ","General Spare Parts","TVS / Universal","0","6868","8080","5"
"N31000104L","FRONT FENDER JEWEL GREEN","General Spare Parts","TVS / Universal","0","6868","8080","5"
"N310001073","FRONT FENDER TEITIAN BLUE","General Spare Parts","TVS / Universal","0","6868","8080","5"
"N3100010C","FRONT FENDER SIL MET GREY","General Spare Parts","TVS / Universal","0","6868","8080","5"
"N310010G","TUBE INNER FRONT FORK (NO DRG)","General Spare Parts","TVS / Universal","0","16107.5","18950","5"
"N3100120","HEADLAMP HSG MTG COMP","Engine","TVS / Universal","0","425","500","5"
"N3100140","PACKING","General Spare Parts","TVS / Universal","0","425","500","5"
"N3100220","GUIDE CABLE","Electrical","TVS / Universal","0","425","500","5"
"N3100280","OILSEAL FRONT FORK (ALTI","Oils & Fluids","TVS / Universal","0","654.5","770","5"
"N31002GO","CIRCLIP FRONT FORK","General Spare Parts","TVS / Universal","0","425","500","5"
"N3100300","SPINDLE TAPER","General Spare Parts","TVS / Universal","0","688.5","810","5"
"N3100310","BUSH FRONT FORK","General Spare Parts","TVS / Universal","0","425","500","5"
"N3100320","SPRING FRONT FORK","General Spare Parts","TVS / Universal","0","1836","2160","5"
"N31003SO","PISTON RING (FRONT FORK) 1,","Engine","TVS / Universal","0","561","660","5"
"N3100340","PISTON FRONT FORK","Engine","TVS / Universal","0","425","500","5"
"N3100450","CAP CENTER LOCK MTG","General Spare Parts","TVS / Universal","0","425","500","5"
"N31006700D","FRONT FENDER BLACK","General Spare Parts","TVS / Universal","0","6205","7300","5"
"N31006702R","FRONT FENDER BEIGE","General Spare Parts","TVS / Universal","0","5907.5","6950","5"
"N31006704D","FRONT FENDER POLY BLACK - STAR 125 (AIT)","General Spare Parts","TVS / Universal","0","6868","8080","5"
"N31006704L","FRONT FENDER JEWEL GREEN","General Spare Parts","TVS / Universal","0","7106","8360","5"
"N3100S706G","FRONT FENDER FLAME RED - STAR 125","General Spare Parts","TVS / Universal","0","7106","8360","5"
"N310067073","FRONT FENDER TEITIAN BLUE","General Spare Parts","TVS / Universal","0","6868","8080","5"
"N310067093","FRONT FENDER RED PURPLE","General Spare Parts","TVS / Universal","0","6868","8080","5"
"N31006709L","FRONT FENDER GREEN GREY","General Spare Parts","TVS / Universal","0","6868","8080","5"
"N3100670C","FRONT FENDER SIL MET GREY","General Spare Parts","TVS / Universal","0","7471.5","8790","5"
"N31007SO","LEG ASSY FRONT FORK LH","General Spare Parts","TVS / Universal","0","41684","49040","5"
"N3100740","LEG ASSY FRONT FORK RH","General Spare Parts","TVS / Universal","0","41684","49040","5"
"N3100760","UNDER BRACKET COMP - EDGE DISC","Brakes","TVS / Universal","0","7420.5","8730","5"
"N3102340","LEG ASSY LH NEW GX","General Spare Parts","TVS / Universal","0","41684","49040","5"
"N31023407D","LEG ASSY TITAN GREY","General Spare Parts","TVS / Universal","0","44931","52860","5"
"N3102350","LEG ASSY RH NEW - GX","General Spare Parts","TVS / Universal","0","41684","49040","5"
"N31023507D","LEG ASSY R TITAN GREY","General Spare Parts","TVS / Universal","0","44931","52860","5"
"N31024007D","FRONT FORK suaASSY TITAN GREY SPORT cvTl","General Spare Parts","TVS / Universal","0","60350","71000","5"
"N3102410","DUST SEAL FRONT FORK","General Spare Parts","TVS / Universal","0","790.5","930","5"
"N3102420","OIL SEAL FRONT FORK","Oils & Fluids","TVS / Universal","0","654.5","770","5"
"N31024SO","SPACER FRONT FORK","General Spare Parts","TVS / Universal","0","425","500","5"
"N3102500","LEG ASSY LH FRONT FORK - EDGE","General Spare Parts","TVS / Universal","0","36133.5","42510","5"
"N31025007D","LEG ASSY LH FRONT FORK - EDGE","General Spare Parts","TVS / Universal","0","8415","9900","5"
"N3102510","LEG ASSY RI-L FRONT FORK DISC - EDGE","Brakes","TVS / Universal","0","36133.5","42510","5"
"N31025107D","LEG ASSY RI-L FRONT FORK DISC - EDGE","Brakes","TVS / Universal","0","13005","15300","5"
"N3102520","FORK ASSY FRONT - EDGE","General Spare Parts","TVS / Universal","0","78778","92680","5"
"N31025207D","FORK ASSY FRONT PHOENIX","General Spare Parts","TVS / Universal","0","47557.5","55950","5"
"N3102540","LOWER BRKT COMP - PHOENIX","General Spare Parts","TVS / Universal","0","8483","9980","5"
"N3102SOO","UPPER 3RKT COMP METRO +","General Spare Parts","TVS / Universal","0","425","500","5"
"N3102640","FORK ASSY DRUM METRO +","General Spare Parts","TVS / Universal","0","17960.5","21130","5"
"N3110020","SHAFT REAR SPROCKET MOUNTING DRUM 1,","General Spare Parts","TVS / Universal","0","586.5","690","5"
"N31100SO","SPACER REAR AXLE R","General Spare Parts","TVS / Universal","0","425","500","5"
"N3110110","PINION SPEEDOMETER","General Spare Parts","TVS / Universal","0","425","500","5"
"N3110120","SHIM 57x10xo_4 OILED [TSDS0402]","Oils & Fluids","TVS / Universal","0","425","500","5"
"N31101SO","TYRE FRONT 2_75x18 (ALTI","General Spare Parts","TVS / Universal","0","16447.5","19350","5"
"N3110140","""TYRE REAR 2.75 x 18","General Spare Parts","TVS / Universal","0","17102","20120","5"
"N3110200","NIPPLE DIA3.5 WHEEL SPOKE","General Spare Parts","TVS / Universal","0","425","500","5"
"N3110210","RIM WHEEL 185 x 18.0 - PLATED","General Spare Parts","TVS / Universal","0","8542.5","10050","5"
"N3110260","SEAL FRONT BRAKE PANEL 01","Brakes","TVS / Universal","0","382.5","450","5"
"N3110280","WASHER SPEEDOMETER GEAR THRUST","General Spare Parts","TVS / Universal","0","425","500","5"
"N3110360","SPRING REAR BRAKE ROD ADJUSTER","Brakes","TVS / Universal","0","425","500","5"
"N31103GO","SPACER COMP","General Spare Parts","TVS / Universal","0","425","500","5"
"N3110400","LEVER FRONT BRAKE CAM","Brakes","TVS / Universal","0","722.5","850","5"
"N3110420","LEVER REAR BRAKE CAM","Brakes","TVS / Universal","0","773.5","910","5"
"N31104SO","TUBE ASSY 2.5/2.75-18","General Spare Parts","TVS / Universal","0","3085.5","3630","5"
"N3110450","PROTECTOR WHEEL INNER TUBE","General Spare Parts","TVS / Universal","0","425","500","5"
"N3110460","BUSHING SPEEDOMETER PINION OU","General Spare Parts","TVS / Universal","0","425","500","5"
"N3110470","WASHER REAR SPROCKET","General Spare Parts","TVS / Universal","0","425","500","5"
"N3110500","SPOKE & NIPPLE ASSY INNER REAR","General Spare Parts","TVS / Universal","0","425","500","5"
"N3110510","SPOKE & NIPPLE ASSY OUTER REAR","General Spare Parts","TVS / Universal","0","425","500","5"
"N3110520","SPOKE & NIPPLE ASSY INNER FRONT","General Spare Parts","TVS / Universal","0","425","500","5"
"N31105SO","SPOKE & NIPPLE ASSY OUTER FRONT","General Spare Parts","TVS / Universal","0","425","500","5"
"N31105805D","BRAKE PANEL ASSY","Brakes","TVS / Universal","0","6647","7820","5"
"N3110G80","AXLE REAR 1,","General Spare Parts","TVS / Universal","0","586.5","690","5"
"N3110GGO","AXLE FRONT NEW - VICTOR","General Spare Parts","TVS / Universal","0","1929.5","2270","5"
"N3111020","PEDAL COMP BRAKE","Brakes","TVS / Universal","0","3017.5","3550","5"
"N31110205D","PEDAL COMP. BRAKE (ACT)","Brakes","TVS / Universal","0","3102.5","3650","5"
"PANEL","COMP FR BRAKE - WEGO","Brakes","TVS / Universal","0","4641","5460","5"
"N3111360","TYRE REAR","General Spare Parts","TVS / Universal","0","19482","22920","5"
"N3111370","CHAIN ADJUSTER ASSY EDGE-LH","General Spare Parts","TVS / Universal","0","1079.5","1270","5"
"N3111380","CHAIN ADJUSTER ASSY EDGE-RH","General Spare Parts","TVS / Universal","0","705.5","830","5"
"N3111820","SPRING BRAKE RETURN Disc","Brakes","TVS / Universal","0","425","500","5"
"N31118SO","CLEVIS PIN","General Spare Parts","TVS / Universal","0","425","500","5"
"N3111840","LEVER ASSY, MC FRONT","General Spare Parts","TVS / Universal","0","1895.5","2230","5"
"N3111860","MASTER CYL ASSY FR","General Spare Parts","TVS / Universal","0","15028","17680","5"
"N31118603C","MASTER CYL ASSY FR BRIGHT SILVER","General Spare Parts","TVS / Universal","0","15019.5","17670","5"
"N31200200D","COVER FRAME R+TAPESET HG BLACK","General Spare Parts","TVS / Universal","0","5975.5","7030","5"
"N31200200DA","COVER FRAME R+TAPESET HG BLACK-2","General Spare Parts","TVS / Universal","0","6009.5","7070","5"
"N31200202GA","COVER FRAME R+TAPESET WINE RED","General Spare Parts","TVS / Universal","0","5975.5","7030","5"
"N31200204L","COVER FRAME R+TAPESET JEWEL GREEN","General Spare Parts","TVS / Universal","0","5975.5","7030","5"
"N31200205G","COVER FRAME R+TAPESET NF WINE RED","General Spare Parts","TVS / Universal","0","5975.5","7030","5"
"N312002073","COVER FRAME R+TAPESET TEITIAN BLUE","General Spare Parts","TVS / Universal","0","5975.5","7030","5"
"N3120020C","COVER FRAME R+TAPESET SIL MET GREY","General Spare Parts","TVS / Universal","0","1615","1900","5"
"N31200SOOO","COVER FRAME L+TAPESET HG BLACK","General Spare Parts","TVS / Universal","0","5975.5","7030","5"
"N31200SOODA","COVER FRAME L+TAPESET HG BLACK-2","General Spare Parts","TVS / Universal","0","1496","1760","5"
"N31200S02GA","COVER FRAME L+TAPESET WINE RED","General Spare Parts","TVS / Universal","0","5975.5","7030","5"
"N31200304L","COVER FRAME L+TAPESET JEWEL GREEN","General Spare Parts","TVS / Universal","0","5975.5","7030","5"
"N31200S05G","COVER FRAME L+TAPESET NF WINE RED","General Spare Parts","TVS / Universal","0","5975.5","7030","5"
"N312003073","COVER FRAME L+TAPESET TEITIAN BLUE","General Spare Parts","TVS / Universal","0","5975.5","7030","5"
"N31200SOC","COVER FRAME L+TAPESET SIL MET GREY","General Spare Parts","TVS / Universal","0","5338","6280","5"
"N31200600D","COVER SEAT TAIL L+TAPESET HG BLACK","General Spare Parts","TVS / Universal","0","4666.5","5490","5"
"N31200600DA","COVER SEAT TAILL+TAPESET HG BLACK-2","General Spare Parts","TVS / Universal","0","1020","1200","5"
"N31200600DB","COVER SEAT TAIL L+TAPESET BLACK UPG","General Spare Parts","TVS / Universal","0","4190.5","4930","5"
"N31200SOOOC","COVER SEAT TAIL L+TAPESET BLACK UPG","General Spare Parts","TVS / Universal","0","4666.5","5490","5"
"N31200600DD","COVER SEAT TAIL LH BLK GX-8LU STICR","General Spare Parts","TVS / Universal","0","4666.5","5490","5"
"N31200600DF","COVE SEAT TAIL LH BLACK +SIL+BLUE","General Spare Parts","TVS / Universal","0","4666.5","5490","5"
"N31200600DG","COVE SEAT TAIL LH BLACK COPPER-EDGE","General Spare Parts","TVS / Universal","0","4666.5","5490","5"
"N31200602GA","COVER SEAT TAIL L+TAPESET WINE RED","General Spare Parts","TVS / Universal","0","1972","2320","5"
"N31200602R","COVER SEAT TAIL L+TAPESET GLO-BEIGE","General Spare Parts","TVS / Universal","0","4190.5","4930","5"
"N31200604L","COVER SEAT TAIL L+TAPESET JGREEN","General Spare Parts","TVS / Universal","0","4666.5","5490","5"
"N31200604LA","COVER SEAT TAIL L+TAPESET JGREEN","General Spare Parts","TVS / Universal","0","4318","5080","5"
"N31200605G","COVER SEAT TAIL L+TAPESET NF WRED","General Spare Parts","TVS / Universal","0","4666.5","5490","5"
"N31200606G","COVER SEAT TAIL L+TAPESET FLAME RED","General Spare Parts","TVS / Universal","0","4666.5","5490","5"
"N31200606GA","COVER SEAT TAIL L+TAPESET FLAME RED","General Spare Parts","TVS / Universal","0","4539","5340","5"
"N31200606GB","CVR SEAT TAIL LH FLAME RED - EDGE","General Spare Parts","TVS / Universal","0","4666.5","5490","5"
"N312006073","COVER SEAT TAIL L+TAPESETT3LUE","General Spare Parts","TVS / Universal","0","1249.5","1470","5"
"N312006073A","COVER SEAT TAIL L+TAPESETT3LUE UPG","General Spare Parts","TVS / Universal","0","4666.5","5490","5"
"N312006073B","COVER SEAT TAIL L+TAPESETT3LUE U42","General Spare Parts","TVS / Universal","0","4666.5","5490","5"
"N312006093","COVER SEAT TAIL L+TAPESET REDPURPLE","General Spare Parts","TVS / Universal","0","4190.5","4930","5"
"N3120060CA","COVER SEAT TAIL L+TAPESET SM GR UPG","General Spare Parts","TVS / Universal","0","4666.5","5490","5"
"N3120060CB","COVER SEAT TAIL L+TAPESET SILGREY-3","General Spare Parts","TVS / Universal","0","1768","2080","5"
"N31200700D","COVER SEAT TAIL R+TAPESET HG BLK","General Spare Parts","TVS / Universal","0","4666.5","5490","5"
"N31200700DA","COVER SEAT TAIL R+TAPESET HG3LACK-2","General Spare Parts","TVS / Universal","0","4666.5","5490","5"
"N31200700DB","COVER SEAT TAIL R+TAPESET BLACK UPG","General Spare Parts","TVS / Universal","0","4012","4720","5"
"N312007000C","COVER SEAT TAIL R+TAPESET BLACK U42","General Spare Parts","TVS / Universal","0","4666.5","5490","5"
"N31200700DD","COVER SEAT TAIL RH BLK GX-BLU STICR","General Spare Parts","TVS / Universal","0","4666.5","5490","5"
"N31200700DF","COVER SEAT TAIL RH BLK+SIL+BLU-EDGE","General Spare Parts","TVS / Universal","0","4666.5","5490","5"
"N31200700DG","CVR SEAT TAIL RH BLK COPPER - EDGE","General Spare Parts","TVS / Universal","0","4666.5","5490","5"
"N31200702GA","COVER SEAT TAIL R+TAPESET WINE RED","General Spare Parts","TVS / Universal","0","1020","1200","5"
"N31200702R","COVER SEAT TAIL R+TAPESET GLO-BEIGE","General Spare Parts","TVS / Universal","0","4666.5","5490","5"
"N31200704L","COVER SEAT TAIL R+TAPESET JGREEN","General Spare Parts","TVS / Universal","0","4666.5","5490","5"
"N31200704LA","COVER SEAT TAIL R+TAPESET J GREEN","General Spare Parts","TVS / Universal","0","4326.5","5090","5"
"N31200705G","COVER SEAT TAIL R+TAPESET NF WRED","General Spare Parts","TVS / Universal","0","4666.5","5490","5"
"N31200706G","COVER SEAT TAIL R+TAPESET FLAME RED","General Spare Parts","TVS / Universal","0","4666.5","5490","5"
"N31200706GA","COVER SEAT TAIL R+TAPESET FLAME RED","General Spare Parts","TVS / Universal","0","4539","5340","5"
"N31200706GB","CVR SEAT TAIL RH FLAME RED- EDGE","General Spare Parts","TVS / Universal","0","4666.5","5490","5"
"N312007073","COVER SEAT TAIL R+TAPESET TBLUE","General Spare Parts","TVS / Universal","0","4666.5","5490","5"
"N312007073A","COVER SEAT TAIL R+TAPESET TBLUE UPG","General Spare Parts","TVS / Universal","0","4666.5","5490","5"
"N312007073B","COVER SEAT TAIL R+TAPESET TBLUE 042","General Spare Parts","TVS / Universal","0","4666.5","5490","5"
"N312007093","COVER SEAT TAIL R+TAPESET REDPURPLE","General Spare Parts","TVS / Universal","0","4666.5","5490","5"
"N3120070C","COVER SEAT TAIL R+TAPESET SILMETGRY","General Spare Parts","TVS / Universal","0","1020","1200","5"
"N3120070CA","COVER SEAT TAIL R+TAPESET SM G UPG","General Spare Parts","TVS / Universal","0","4275.5","5030","5"
"N3120070CB","COVER SEAT TAIL R+TAPESET SILGREY-3","General Spare Parts","TVS / Universal","0","1768","2080","5"
"N31200800D","COVER CENTER SEAT TAIL HG BLACK","General Spare Parts","TVS / Universal","0","425","500","5"
"N31200800DA","COVER CEN SEAT TAIL+TAPESET BLK UPG","General Spare Parts","TVS / Universal","0","425","500","5"
"N31200802G","COVER CENTER SEAT TAIL WRED LACQ","General Spare Parts","TVS / Universal","0","1691.5","1990","5"
"N31200802R","COVER CEN SEAT TAIL+TAPESET GLD8ElG","General Spare Parts","TVS / Universal","0","1691.5","1990","5"
"N31200804L","COVER CENTER SEAT TAIL JEWEL GREEN","General Spare Parts","TVS / Universal","0","357","420","5"
"N31200804LA","COVER CENTER SEAT TAIL JGREEN","General Spare Parts","TVS / Universal","0","425","500","5"
"N31200805G","COVER CENTER SEAT TAIL NF WINE RED","General Spare Parts","TVS / Universal","0","1691.5","1990","5"
"N31200806G","COVER CEN SEAT TAIL+TAPESET FRED","General Spare Parts","TVS / Universal","0","1691.5","1990","5"
"N31200806GA","COVER SEAT TAIL CENTER FLAME RED","General Spare Parts","TVS / Universal","0","1385.5","1630","5"
"N312008073","COVER CENTER SEAT TAIL TEITIAN BLUE","General Spare Parts","TVS / Universal","0","1989","2340","5"
"N312008073A","COVER CENT SEATTAIL+TAPESET T BLUE","General Spare Parts","TVS / Universal","0","1691.5","1990","5"
"N312008093","COVER CENT SEATTAIL+TAPESET REDPPL","General Spare Parts","TVS / Universal","0","1691.5","1990","5"
"N3120080C","COVER CENTER SEAT TAIL SIL MET GREY","General Spare Parts","TVS / Universal","0","612","720","5"
"N3120080CA","COVER CENT SEATTAIL+TAPESET S MGRY","General Spare Parts","TVS / Universal","0","425","500","5"
"N31200GOOO","HOUSING HEADLAMP FR HG 8LK+TAPE SET","Engine","TVS / Universal","0","2082.5","2450","5"
"N31200G00DA","HSG HEADLAMP FRONT HG BLK+TAPESET-2","Engine","TVS / Universal","0","6868","8080","5"
"N31200G00DB","HSG HEADLAMP FR +TAPESET BLACK UPG","Engine","TVS / Universal","0","6868","8080","5"
"N31200GOOOC","HSG HEADLAMP FR +TAPESET BLACK U42","Engine","TVS / Universal","0","7089","8340","5"
"N31200G00DD","HSG HEADLAMP FR BLK GX (BLUE STICR)","Engine","TVS / Universal","0","6868","8080","5"
"N31200G00DF","HSG HEADLAMP FRONT BLACK +SlL+3LUE","Engine","TVS / Universal","0","6868","8080","5"
"N31200G00DG","HSG HEADLAMP FRONT BLK COPPER-EDGE","Engine","TVS / Universal","0","6868","8080","5"
"N31200G02GA","HSG HEADLAMP FR WINE RED + TAPESET","Engine","TVS / Universal","0","6868","8080","5"
"N31200G02R","HSG HEADLAMP FR +TAPESET GOLDBEIGE","Engine","TVS / Universal","0","6868","8080","5"
"N31200G04L","HSG HEADLAMP FR +TAPESET JEWELGREEN","Engine","TVS / Universal","0","6868","8080","5"
"N31200G04LA","HSG HEADLAMP FR +TAPESET JGREEN EXP","Engine","TVS / Universal","0","1615","1900","5"
"N31200G05G","HSG HEADLAMP FR NF WINE RED+TAPESET","Engine","TVS / Universal","0","6868","8080","5"
"N31200G06G","HSG HEADLAMP FR + TAPESET FLAME RED","Engine","TVS / Universal","0","6868","8080","5"
"N31200G06GA","HSG HEADLAMP FR + TAPESET FLAME RED (ALT)","Engine","TVS / Universal","0","6868","8080","5"
"N31200G06GB","HSG HEADLAMP FRONT FLAME RED -EDG","Engine","TVS / Universal","0","1513","1780","5"
"N31200G073","HSG HEADLAMP FR TBLUE+TAPESET","Engine","TVS / Universal","0","6868","8080","5"
"N31200G073A","HSG HEADLAMP + TAPESETT3LUE UPG","Engine","TVS / Universal","0","6868","8080","5"
"N31200G073B","HSG HEADLAMP FR + TAPESET T.3LUE","Engine","TVS / Universal","0","6868","8080","5"
"N31200G093","HSG HEADLAMP FR+ TAPESET REDPURE","Engine","TVS / Universal","0","5907.5","6950","5"
"N31200GOC","HSG HEAD LAMP FR +TAPESET SILMETGRY","Engine","TVS / Universal","0","6868","8080","5"
"N31200GOCA","HSG HEAD LAMP FR+TAPESET S MGRY UPG","Engine","TVS / Universal","0","6868","8080","5"
"N31200GOCB","HOUSING HEADLAMP +TAPESET SILGREY-s","Engine","TVS / Universal","0","6868","8080","5"
"N31200GG6G","HSG HEAD LAMP FLAME RED","Engine","TVS / Universal","0","3374.5","3970","5"
"N3120100","HSG HEAD LAMP VISOR","Engine","TVS / Universal","0","4233","4980","5"
"N31201SO","GROMMET HEADLAMP","Engine","TVS / Universal","0","425","500","5"
"N3120140","BUSH TAIL COVER","General Spare Parts","TVS / Universal","0","425","500","5"
"N3120300","8RKT COMP HSG HEAD LAMP","Engine","TVS / Universal","0","425","500","5"
"N3120320","FOOT REST RUBER","General Spare Parts","TVS / Universal","0","425","500","5"
"N3120360","BATTERY HOLDER","Electrical","TVS / Universal","0","2694.5","3170","5"
"N31203GO","HOUSING HEADLAMP REAR","Engine","TVS / Universal","0","1921","2260","5"
"N3120410","PLUG TUBE UPPER","General Spare Parts","TVS / Universal","0","425","500","5"
"N3120480","FOOTREST COMP L PILLION","General Spare Parts","TVS / Universal","0","425","500","5"
"N3120520","FOOTREST COMP R PILLION","General Spare Parts","TVS / Universal","0","3094","3640","5"
"N3120SOO","GROMMET TAIL COVER","General Spare Parts","TVS / Universal","0","425","500","5"
"N3120SSO","RUBBER PILLION FOOTREST","General Spare Parts","TVS / Universal","0","697","820","5"
"N3120680","PROP STAND COMP (AIT)","General Spare Parts","TVS / Universal","0","1419.5","1670","5"
"N3120SGO","SPRING PROP STAND","General Spare Parts","TVS / Universal","0","425","500","5"
"N3120750","STAND COMP CENTER (AIT)","General Spare Parts","TVS / Universal","0","4862","5720","5"
"N3120860","SPRING CENTER STAND","General Spare Parts","TVS / Universal","0","425","500","5"
"N3120880","BRACKET SEC AIR INJ VALVE","Engine","TVS / Universal","0","425","500","5"
"N31208GO","PLATE FOOTREST","General Spare Parts","TVS / Universal","0","425","500","5"
"N3120G10","HOLDER ASSY L PILLION","General Spare Parts","TVS / Universal","0","1708.5","2010","5"
"N3120G10L","HOLDER ASSY L PILLION","General Spare Parts","TVS / Universal","0","425","500","5"
"N3120G20","BUSH FOOTREST PILLION","General Spare Parts","TVS / Universal","0","425","500","5"
"N3120G40","HOLDER ASSY R PILLION","General Spare Parts","TVS / Universal","0","1708.5","2010","5"
"N3120G40L","HOLDER ASSY R PILLION","General Spare Parts","TVS / Universal","0","425","500","5"
"N3120GGO","GROMMET VISOR MTG","General Spare Parts","TVS / Universal","0","425","500","5"
"N3121060","8RKT COMP ABT C C & S L SWITCH","Electrical","TVS / Universal","0","425","500","5"
"N3121250","ICENCE PLATE COMP REAR","General Spare Parts","TVS / Universal","0","909.5","1070","5"
"N3121270","8RKT FENDER MTG REAR","General Spare Parts","TVS / Universal","0","425","500","5"
"N3121310","PAD HEADLAMP","Brakes","TVS / Universal","0","425","500","5"
"N3121320","RUBBER FOOTREST FRONT","General Spare Parts","TVS / Universal","0","1156","1360","5"
"N3121320E","RUBBER FOOTREST FRONT","General Spare Parts","TVS / Universal","0","425","500","5"
"N3121340","BAR COMP FOOTREST FRONT PAINTED","General Spare Parts","TVS / Universal","0","3077","3620","5"
"N3121400","PILLION HANDLE - PAINTED (ALT)","General Spare Parts","TVS / Universal","0","1802","2120","5"
"N3121540","SPACER CENTER STAND","General Spare Parts","TVS / Universal","0","425","500","5"
"N3121560","FENDER REAR COMP","General Spare Parts","TVS / Universal","0","4913","5780","5"
"N3121GSO","CHASIE ASSY","General Spare Parts","TVS / Universal","0","18096.5","21290","5"
"N3121G700D","COVER FRAME L+TAPESET BLACK UPG","General Spare Parts","TVS / Universal","0","1139","1340","5"
"N3121G700DA","COVER FRAME L+TAPESET BLACK 042","General Spare Parts","TVS / Universal","0","5576","6560","5"
"N3121G700DB","COVER FRAME LH BLK GX (BLu STICKER)","General Spare Parts","TVS / Universal","0","6307","7420","5"
"N3121G700DD","COVER FRAME LH BLACK +SIL+BLUE-EDGE","General Spare Parts","TVS / Universal","0","5975.5","7030","5"
"N3121G700DE","COVER FRAME LH BLACK COPPER - EDGE","General Spare Parts","TVS / Universal","0","5975.5","7030","5"
"N3121G702R","COVER FRAME L+TAPESET BEIGE","General Spare Parts","TVS / Universal","0","4870.5","5730","5"
"N3121G704L","COVER FRAME L+TAPESET 'GREEN EXPORT","General Spare Parts","TVS / Universal","0","4403","5180","5"
"N3121G704LA","COVER FRAME L+TAPESET J GREEN","General Spare Parts","TVS / Universal","0","35.7","42","5"
"N3121G706G","COVER FRAME L+TAPESET FLAME RED","General Spare Parts","TVS / Universal","0","5440","6400","5"
"N3121S706GA","COVER FRAME L+TAPESET FLAME RED","General Spare Parts","TVS / Universal","0","5389","6340","5"
"N3121G706GB","COVER FRAME LH FLAME RED - EDGE","General Spare Parts","TVS / Universal","0","1292","1520","5"
"N3121G7073","COVER FRAME L+TAPESET TEITIAN BLUE","General Spare Parts","TVS / Universal","0","4683.5","5510","5"
"N3121G7073A","COVER FRAME L+TAPESET T BLUE U42","General Spare Parts","TVS / Universal","0","1666","1960","5"
"N3121G7093","COVER FRAME L+TAPESET RED PURPLE","General Spare Parts","TVS / Universal","0","5440","6400","5"
"N3121G70C","COVER FRAME L+TAPESET SM GREY UPG","General Spare Parts","TVS / Universal","0","5440","6400","5"
"N3121G70CA","COVER FRAME L + TAPESET SILMETGREY","General Spare Parts","TVS / Universal","0","5975.5","7030","5"
"N3121G800D","COVER FRAME R+TAPESET BLACK UPG","General Spare Parts","TVS / Universal","0","5440","6400","5"
"N3121G800DA","COVER FRAME R+TAPESET BLACK U42","General Spare Parts","TVS / Universal","0","1640.5","1930","5"
"N3121G800DB","COVER FRAME RH (BLUE STICKER)","General Spare Parts","TVS / Universal","0","6502.5","7650","5"
"N3121G800DD","COVER FRAME RH BLACK +SIL+BLUE-EDGE","General Spare Parts","TVS / Universal","0","5975.5","7030","5"
"N3121G800DE","COVER FRAME RH BLACK COPPER -EDGE","General Spare Parts","TVS / Universal","0","1292","1520","5"
"N3121G802R","COVER FRAME R+TAPESET BEIGE","General Spare Parts","TVS / Universal","0","4683.5","5510","5"
"N3121G804L","COVER FRAME R+TAPESET JGREEN EXPORT","General Spare Parts","TVS / Universal","0","4343.5","5110","5"
"N3121G804LA","COVER FRAME R+TAPESET J GREEN U42","General Spare Parts","TVS / Universal","0","1292","1520","5"
"N3121G806G","COVER FRAME R+TAPESET FLAME RED","General Spare Parts","TVS / Universal","0","5440","6400","5"
"N3121G806GA","COVER FRAME R+TAPESET FLAME RED","General Spare Parts","TVS / Universal","0","1606.5","1890","5"
"N3121G806GB","COVER FRAME RH FLAME RED - EDGE","General Spare Parts","TVS / Universal","0","5975.5","7030","5"
"N3121G8073","COVER FRAME R+TAPESET T8LUE UPG","General Spare Parts","TVS / Universal","0","5440","6400","5"
"N3121G8073A","COVER FRAME R + TAPESET T BLUE u42","General Spare Parts","TVS / Universal","0","425","500","5"
"N3121G8093","COVER FRAME R+TAPESET RED PURPLE","General Spare Parts","TVS / Universal","0","5440","6400","5"
"N3121G80C","COVER FRAME R+TAPESET SM GREY UPG","General Spare Parts","TVS / Universal","0","1105","1300","5"
"N3121G80CA","COVER FRAME R +TAPESET SIL MET GREY","General Spare Parts","TVS / Universal","0","1453.5","1710","5"
"N3122310","SUPPORT COMPLETE SEAT","General Spare Parts","TVS / Universal","0","425","500","5"
"N3122460","RUBBER BAR FOOTREST","General Spare Parts","TVS / Universal","0","399.5","470","5"
"N3122480","DUST COVER CRANK CASE","Engine","TVS / Universal","0","425","500","5"
"N3122680","FRAME COMP SPARE (WITH SEAT HOOK) (ALTI","General Spare Parts","TVS / Universal","0","32155.5","37830","5"
"N3122G40","FRAME ASSY NEW - VICTOR GX/EDGE","General Spare Parts","TVS / Universal","0","36133.5","42510","5"
"N3123150","BAR COMP.FOOT REST NEW -GX","General Spare Parts","TVS / Universal","0","3043","3580","5"
"N3123170","BODY' FRONT FENDER REAR GX","General Spare Parts","TVS / Universal","0","1105","1300","5"
"N31233SO","HOLDER ASSY LH PILLION NEW -VICTOR","General Spare Parts","TVS / Universal","0","425","500","5"
"N3123340","HOLDER ASSY RH PILLION NEW -VICTOR","General Spare Parts","TVS / Universal","0","425","500","5"
"N3123450","8RKT COMP CC & SL SWITCH","Electrical","TVS / Universal","0","425","500","5"
"N3130020","SEAT FOAM","General Spare Parts","TVS / Universal","0","15206.5","17890","5"
"N31300SO","SEAT BASE 9 ,","General Spare Parts","TVS / Universal","0","408","480","5"
"N3130040","SEAT REST REAR","General Spare Parts","TVS / Universal","0","425","500","5"
"N3130050","SEAT REST FRONT","General Spare Parts","TVS / Universal","0","425","500","5"
"N3130060","GROMMET SEAT BASE","General Spare Parts","TVS / Universal","0","425","500","5"
"N3130070","BUSH SEAT BASE","General Spare Parts","TVS / Universal","0","425","500","5"
"N3130080","COVER COMP SEAT (NO DAG)","General Spare Parts","TVS / Universal","0","4632.5","5450","5"
"N3130100","CUSHION","General Spare Parts","TVS / Universal","0","425","500","5"
"N3130160","SEAT ASSY (AIT)","General Spare Parts","TVS / Universal","0","21573","25380","5"
"N3130210","SEAT COVER s M GREY","General Spare Parts","TVS / Universal","0","4165","4900","5"
"N3130220","SEAT ASSY - GOLD","General Spare Parts","TVS / Universal","0","20204.5","23770","5"
"N31302SO","SEAT COVER GOLDEN BEIGE","General Spare Parts","TVS / Universal","0","4165","4900","5"
"N3130250","SEAT COVER BLACK","General Spare Parts","TVS / Universal","0","4165","4900","5"
"N3130270","SEAT ASSY - BLACK","General Spare Parts","TVS / Universal","0","23230.5","27330","5"
"N3130280","SEAT ASSY -SILVER GREY","General Spare Parts","TVS / Universal","0","5032","5920","5"
"N31302GO","SEAT ASSY - GOLD","General Spare Parts","TVS / Universal","0","20017.5","23550","5"
"N3130310","SEAT ASSY","General Spare Parts","TVS / Universal","0","17340","20400","5"
"N31400SO","FUEL GAUGE ASSY","General Spare Parts","TVS / Universal","0","5329.5","6270","5"
"N3140060","CAP ASSY FUEL TANK","General Spare Parts","TVS / Universal","0","3383","3980","5"
"N3140070","ASSY FUEL (AIT)","General Spare Parts","TVS / Universal","0","3383","3980","5"
"N3140080","PACKING FUEL GAUGE","General Spare Parts","TVS / Universal","0","425","500","5"
"N3140120","GASKET OIL LEVEL PLUG","Oils & Fluids","TVS / Universal","0","425","500","5"
"N3140150","SPACER FUEL TANK REAR","General Spare Parts","TVS / Universal","0","425","500","5"
"N3140160","CUSHION FUEL TANK REAR UPPER","General Spare Parts","TVS / Universal","0","425","500","5"
"N3140170","CUSHION FUEL TANK REAR LOWER","General Spare Parts","TVS / Universal","0","425","500","5"
"N3140520","DRAIN HOSE","General Spare Parts","TVS / Universal","0","833","980","5"
"N3150010","SPEEDOMETER ASSY.","General Spare Parts","TVS / Universal","0","23230.5","27330","5"
"N3150020","MIRROR LH - VICTOR (AIT)","General Spare Parts","TVS / Universal","0","1963.5","2310","5"
"N31500SO","MIRROR RH - VICTOR (ALTI","General Spare Parts","TVS / Universal","0","1963.5","2310","5"
"N3150060","GRIP L","General Spare Parts","TVS / Universal","0","425","500","5"
"N3150070","OTHER PARTS (ALTI","General Spare Parts","TVS / Universal","0","425","500","5"
"N3150080","GRIP COMP THROTTLE","General Spare Parts","TVS / Universal","0","425","500","5"
"N31500GO","LEVER AND SUPPORT ASSY RH","General Spare Parts","TVS / Universal","0","688.5","810","5"
"N3150100","LEVER AND SUPPORT ASSY","General Spare Parts","TVS / Universal","0","756.5","890","5"
"N3150120","HANDLE BAR","General Spare Parts","TVS / Universal","0","3425.5","4030","5"
"N31501SO","SWITCH ASSY HANDLE L","Electrical","TVS / Universal","0","2116.5","2490","5"
"N3150140","THROTTLE HOLDER ASSY","General Spare Parts","TVS / Universal","0","654.5","770","5"
"N3150220","CUSHION BOTTOM","General Spare Parts","TVS / Universal","0","425","500","5"
"N31502SO","CUSHION UPPER","General Spare Parts","TVS / Universal","0","425","500","5"
"N3150240","HANDLE HOLDER COMP","General Spare Parts","TVS / Universal","0","654.5","770","5"
"N3150240C","HANDLE HOLDER LOWER","General Spare Parts","TVS / Universal","0","425","500","5"
"N3150250","HANDLE HOLDER","General Spare Parts","TVS / Universal","0","425","500","5"
"N3150250C","HANDLE HOLDER UPPER","General Spare Parts","TVS / Universal","0","425","500","5"
"N3150280","SPECIA BOLT MS","General Spare Parts","TVS / Universal","0","425","500","5"
"N3150310","LEVER FRONT BRAKE","Brakes","TVS / Universal","0","782","920","5"
"N3150320","LEVER CLUTCH","General Spare Parts","TVS / Universal","0","1249.5","1470","5"
"N31503SO","LEVER BRACKET L","General Spare Parts","TVS / Universal","0","739.5","870","5"
"N3150340","STUD LEVER HANDLE","General Spare Parts","TVS / Universal","0","425","500","5"
"N3150350","CHOCK LEVER ASSY","General Spare Parts","TVS / Universal","0","697","820","5"
"N3150360","8RKT LEVER RH","General Spare Parts","TVS / Universal","0","1105","1300","5"
"N31504GO","COVER HANDLE BAR NEW GL (ALTI","General Spare Parts","TVS / Universal","0","1105","1300","5"
"N3150500","SPEEDOMETER ASSY","General Spare Parts","TVS / Universal","0","17969","21140","5"
"N3150510","LEVER AND SUPPORT ASSY RH","General Spare Parts","TVS / Universal","0","637.5","750","5"
"N3150520","SWITCH ASSY HANDLE L","Electrical","TVS / Universal","0","7752","9120","5"
"N3150620","SPEEDOMETER ASSY","General Spare Parts","TVS / Universal","0","20026","23560","5"
"N3150740","GRIP L BASE VERSION","General Spare Parts","TVS / Universal","0","425","500","5"
"N3150750","GRIP COMP THROTTLE BASE VERSION","General Spare Parts","TVS / Universal","0","756.5","890","5"
"N3150770","COVER HANDLE BAR METRO +","General Spare Parts","TVS / Universal","0","756.5","890","5"
"N3151300","OTHER PARTS","General Spare Parts","TVS / Universal","0","425","500","5"
"N3160010","HEAD LAMP ASSY VICTOR GL/GX","Engine","TVS / Universal","0","8185.5","9630","5"
"N3160010E","DUST COVER CLUTCH & BRAKE","Brakes","TVS / Universal","0","4275.5","5030","5"
"N3160020","LAMP ASSY REAR COMBI 12V (ALTI","Electrical","TVS / Universal","0","3459.5","4070","5"
"N31600SO","LAMP ASSY TURN SIGNAL FRONT LH","Electrical","TVS / Universal","0","1929.5","2270","5"
"N3160060","BAND BATTERY","Electrical","TVS / Universal","0","425","500","5"
"N31600GO","HARNESS WIRING","General Spare Parts","TVS / Universal","0","6239","7340","5"
"N3160110","8RKT COMZ HEADLAMP ADJ","Engine","TVS / Universal","0","425","500","5"
"N3160120","REGULATOR","General Spare Parts","TVS / Universal","0","425","500","5"
"N31601SO","SPACER NUT RC LAMP","Electrical","TVS / Universal","0","425","500","5"
"N3160140","THROTTLE SWITCH","Electrical","TVS / Universal","0","2703","3180","5"
"N3160150","LAMP ASSY TURN SIGNAL FR RH","Electrical","TVS / Universal","0","1929.5","2270","5"
"N3160160","LAMP ASSY TURN SIGNAL REAR LH","Electrical","TVS / Universal","0","425","500","5"
"N3160170","LAMP ASSY TURN SIGNAL REAR RH","Electrical","TVS / Universal","0","748","880","5"
"N3160180","HORN 12V DC","Electrical","TVS / Universal","0","2966.5","3490","5"
"N3160210","BULB 12V-10W","Electrical","TVS / Universal","0","425","500","5"
"N3160210E","BULB 12V-10W","Electrical","TVS / Universal","0","782","920","5"
"N3160220","SPACER R.c_LAMP MOUNTING","Electrical","TVS / Universal","0","425","500","5"
"N3160240","REFLEX REFLECTOR","General Spare Parts","TVS / Universal","0","425","500","5"
"N3160250","SWITCH Assy.STOP LAMP 1,","Electrical","TVS / Universal","0","510","600","5"
"N3160300","FUSE (ALTI","General Spare Parts","TVS / Universal","0","425","500","5"
"N3160310","CLAMP HANDLE SWITCH HARNESS","Electrical","TVS / Universal","0","425","500","5"
"N31603SO","CLAMP WIRING HARNESS","Electrical","TVS / Universal","0","425","500","5"
"N3160340","CLAMP WIRING HARNESS","Electrical","TVS / Universal","0","425","500","5"
"N31604GO","BULB SPEEDOMETER","Electrical","TVS / Universal","0","425","500","5"
"N3160500","SWITCH STOP LAMP FRONT","Electrical","TVS / Universal","0","425","500","5"
"N3160520","BULB RC LAMP (ACT)","Electrical","TVS / Universal","0","425","500","5"
"N3160610","BULB (CAPLESS - SPEEDOMETER)","Electrical","TVS / Universal","0","425","500","5"
"N3160720","LAMP ASSY REAR COMBI 12V (ALTI","Electrical","TVS / Universal","0","3179","3740","5"
"N3160820","LENS RC LAMP","Electrical","TVS / Universal","0","1232.5","1450","5"
"N31608SO","WIRING HARNESS (NEW)","General Spare Parts","TVS / Universal","0","5516.5","6490","5"
"N3160860","LAMP ASSY TURN SIGNAL FL 1,","Electrical","TVS / Universal","0","425","500","5"
"N3160860E","LAMP ASSY TURN SIGNAL FL","Electrical","TVS / Universal","0","969","1140","5"
"N3160870","LAMP ASSY TURN SIGNAL FR","Electrical","TVS / Universal","0","2031.5","2390","5"
"N3160870E","LAMP ASSY TURN SIGNAL FR","Electrical","TVS / Universal","0","969","1140","5"
"N3160880","LAMP ASSY TURN SIGNAL RL","Electrical","TVS / Universal","0","425","500","5"
"N3160880E","LAMP ASSY TURN SIGNAL RL","Electrical","TVS / Universal","0","969","1140","5"
"N31608GO","LAMP ASSY TURN SIGNAL RR","Electrical","TVS / Universal","0","595","700","5"
"N31608GOE","LAMP ASSY TURN SIGNAL RR","Electrical","TVS / Universal","0","969","1140","5"
"N3163170","WIRING HARNESS GX","General Spare Parts","TVS / Universal","0","6162.5","7250","5"
"N3163180","WIRING HARNESS GX","General Spare Parts","TVS / Universal","0","6400.5","7530","5"
"N3163300","THROTTLE SWITCH ASSY. 1,","Electrical","TVS / Universal","0","586.5","690","5"
"N3163310","TURN SIGNAL RR LH NEW ELK) GX","General Spare Parts","TVS / Universal","0","425","500","5"
"N3163320","TURN SIGNAL RR RH NEW (aLK)-GX","General Spare Parts","TVS / Universal","0","1819","2140","5"
"N31633SO","TURN SIGNAL FR RH NEW (BLK)-GX","General Spare Parts","TVS / Universal","0","1708.5","2010","5"
"N3163340","TURN SIGNAL FR LH NEW (8LK)-GX","General Spare Parts","TVS / Universal","0","1708.5","2010","5"
"N3163470","FUEL SENDER ASSY","General Spare Parts","TVS / Universal","0","2550","3000","5"
"N3163500","REGULATOR DC","General Spare Parts","TVS / Universal","0","7114.5","8370","5"
"N3163510","BULB HEADLAMP","Engine","TVS / Universal","0","425","500","5"
"N3170010","CABLE ASSY BRAKE FRONT","Brakes","TVS / Universal","0","1309","1540","5"
"N3170010S","CABLE ASSY BRAKE FRONT","Brakes","TVS / Universal","0","595","700","5"
"N3170020","CABLE ASSY CLUTCH","Electrical","TVS / Universal","0","1496","1760","5"
"N3170020S","CABLE ASSY CLUTCH","Electrical","TVS / Universal","0","646","760","5"
"N31700SO","CABLE ASSY THROTTLE","Electrical","TVS / Universal","0","1793.5","2110","5"
"N31700SOS","CABLE ASSY THROTTLE","Electrical","TVS / Universal","0","816","960","5"
"N3170040","CABLE ASSY CHOKE","Electrical","TVS / Universal","0","892.5","1050","5"
"N3170040S","CABLE ASSY CHOKE","Electrical","TVS / Universal","0","425","500","5"
"N3170060","DUST COVER CLUTCH & BRAKE","Brakes","TVS / Universal","0","425","500","5"
"N3170070","CABLE ASSY SPEEDOMETER","Electrical","TVS / Universal","0","425","500","5"
"N3170070S","CABLE ASSY SPEEDOMETER","Electrical","TVS / Universal","0","425","500","5"
"N3170080","SEAL COMP SPEEDO CABLE","Electrical","TVS / Universal","0","425","500","5"
"N3170080S","SEAL COMP SPEEDO CABLE","Electrical","TVS / Universal","0","425","500","5"
"N3170170","CABLE ASSY CLUTCH","Electrical","TVS / Universal","0","1615","1900","5"
"N31701GO","CABLE ASSY CHOKE METRO +","Electrical","TVS / Universal","0","807.5","950","5"
"N3170200","CABLE THROTTLE METRO +","Electrical","TVS / Universal","0","1309","1540","5"
"N31702SO","CABLE ASSY BRAKE FRONT","Brakes","TVS / Universal","0","1768","2080","5"
"N3180070","ENGINE ASSY- LG - VICTOR GL","Engine","TVS / Universal","0","234761.5","276190","5"
"N3180200","ENGINE ASSY - VICTOR GX","Engine","TVS / Universal","0","368857.5","433950","5"
"N3180210","COVER ENGINE SPROCKET NEW -GX","Engine","TVS / Universal","0","1810.5","2130","5"
"N3180280","ENGINE ASSY GLX ES","Engine","TVS / Universal","0","252509.5","297070","5"
"N31803SO","ENGINE ASSY GLX","Engine","TVS / Universal","0","244460","287600","5"
"N3180360","COVER ENGINE SPROCKET","Engine","TVS / Universal","0","3204.5","3770","5"
"N31803607D","COVER ENGINE SPROCKET","Engine","TVS / Universal","0","1623.5","1910","5"
"N3200010","BALL BEARING 12x37x12 Cs 6301 RSI","General Spare Parts","TVS / Universal","0","1283.5","1510","5"
"N3200020","PUNCHED WASHER","General Spare Parts","TVS / Universal","0","425","500","5"
"N3200050","HEX FL BOLT MIOxL25x36","General Spare Parts","TVS / Universal","0","425","500","5"
"N3200070","PUNCHED WASHER","General Spare Parts","TVS / Universal","0","425","500","5"
"N3200080","PUNCHED WASHER 12_5x3ff0x3Q ZNS","General Spare Parts","TVS / Universal","0","425","500","5"
"N32000GO","BALL BEARING 20x42x12 Cs 6004 RSI","General Spare Parts","TVS / Universal","0","2380","2800","5"
"N3200100","HEX FL BOLT M8x80","General Spare Parts","TVS / Universal","0","425","500","5"
"N3200120","PUNCHED WASHER s_5x13xL0 ZNG (ALTI","General Spare Parts","TVS / Universal","0","425","500","5"
"N3200180","HEX SOC HD CAP SCR M8x35 ZNG 8.8","General Spare Parts","TVS / Universal","0","425","500","5"
"N32001GO","HEX SCREW M6*30","General Spare Parts","TVS / Universal","0","425","500","5"
"N3200200","HEX BOLT M8X55 8.8 ZNK (ALTI","General Spare Parts","TVS / Universal","0","425","500","5"
"N3200210","PUNCHED WASHER 8_2x25.ox2 ZNK (AIT)","General Spare Parts","TVS / Universal","0","425","500","5"
"N3200220","HEX FL BOLT M6X16 -ZNG","General Spare Parts","TVS / Universal","0","425","500","5"
"N3200250","HEX SCREW M6X10-8.8","General Spare Parts","TVS / Universal","0","425","500","5"
"N3200270","HEX FL BOLT M6x30 IOA/F (AIT)","General Spare Parts","TVS / Universal","0","425","500","5"
"N3202170","REC. HEAD SCREW","Engine","TVS / Universal","0","425","500","5"
"N3202200","O-RING","General Spare Parts","TVS / Universal","0","620.5","730","5"
"N3210010","PLATE FRONT LICENSE","General Spare Parts","TVS / Universal","0","425","500","5"
"N3210020","LOCK SET","General Spare Parts","TVS / Universal","0","12614","14840","5"
"N3210260L","STICKER RED/BLACK/GREEN","General Spare Parts","TVS / Universal","0","7097.5","8350","5"
"N3210270L","STICKER SILVER TANK VICTOR","General Spare Parts","TVS / Universal","0","7063.5","8310","5"
"N3210280","TAPESET BLACK VICTOR","General Spare Parts","TVS / Universal","0","12682","14920","5"
"N32102GOL","STICKER GOLD","General Spare Parts","TVS / Universal","0","10319","12140","5"
"N32107GG","KEY BLANK VICTOR","General Spare Parts","TVS / Universal","0","357","420","5"
"N3211120","ICENCE PLATE FRONT","General Spare Parts","TVS / Universal","0","425","500","5"
"N3211GOO","TAPE SET RED PURPLE - NEW GL","General Spare Parts","TVS / Universal","0","10812","12720","5"
"N3211G70","TAPE SET GOLDEN BEIGE -NEW G","General Spare Parts","TVS / Universal","0","14730.5","17330","5"
"N321280L","STICKER PURPLE","General Spare Parts","TVS / Universal","0","10319","12140","5"
"N3213510","LOCK SET","General Spare Parts","TVS / Universal","0","12223","14380","5"
"N3220010","COVER HANDLE BAR SILVER GX","General Spare Parts","TVS / Universal","0","425","500","5"
"N3220020","PILLION HANDLE GX","General Spare Parts","TVS / Universal","0","1904","2240","5"
"N3220SSO","MIRROR ASSY L","General Spare Parts","TVS / Universal","0","1547","1820","5"
"N3220800","CRASHGUARD COM","General Spare Parts","TVS / Universal","0","2295","2700","5"
"N3220G10","8RKT LICENCE PLATE REAR","General Spare Parts","TVS / Universal","0","425","500","5"
"N3300050","SAREE GUARD COMP (ALTI","General Spare Parts","TVS / Universal","0","5168","6080","5"
"N3300060E","CRASH GUARD COM","General Spare Parts","TVS / Universal","0","2269.5","2670","5"
"N3300110","SAREE GUARD COMPLETE - SPLIT","General Spare Parts","TVS / Universal","0","4539","5340","5"
"N3300110E","SAREE GAURD","General Spare Parts","TVS / Universal","0","2184.5","2570","5"
"N3300120","FOOTREST -SAREE GUARD-VICTOR","General Spare Parts","TVS / Universal","0","2108","2480","5"
"N3300250","KIT SAREE GUARD SPLIT TYPE","General Spare Parts","TVS / Universal","0","5151","6060","5"
"N3320040L","CHAIN & SPROCKET KIT -VIC GL & GX","General Spare Parts","TVS / Universal","0","3706","4360","5"
"N3320050","SPEEDO GEAR KIT","General Spare Parts","TVS / Universal","0","671.5","790","5"
"N3320070","MINOR GASKET KIT - ENGINE","Engine","TVS / Universal","0","705.5","830","5"
"N3320100","REAR WHEEL BEARING KIT","General Spare Parts","TVS / Universal","0","6205","7300","5"
"N3320110","STEERING CONE - KIT","General Spare Parts","TVS / Universal","0","6587.5","7750","5"
"N3320120","FLOAT KIT","General Spare Parts","TVS / Universal","0","2839","3340","5"
"N3320150","CONTROL CABLE KIT","Electrical","TVS / Universal","0","6349.5","7470","5"
"N3320170","CRANK SHAFT KIT","Engine","TVS / Universal","0","32784.5","38570","5"
"N3320220","PROP STAND KIT - VICTOR (ALTI","General Spare Parts","TVS / Universal","0","1530","1800","5"
"N3320250","LEVER BRAKET","Brakes","TVS / Universal","0","425","500","5"
"N33202GO","CONNECTING LINK SET CHAIN","General Spare Parts","TVS / Universal","0","425","500","5"
"N3320450","CHAIN CASE COMPLETE - LG SILVER (AIT)","General Spare Parts","TVS / Universal","0","4862","5720","5"
"N3320470","CYLINDER HEAD ASSY LG SILVER (ALTI","Engine","TVS / Universal","0","67498.5","79410","5"
"N33204GO","SWINGARM sua Ass (SPARE)L.GSIL NEW (AIT)","General Spare Parts","TVS / Universal","0","425","500","5"
"N3320510","SWITCH ASSY STOP LAMP FRONT","Electrical","TVS / Universal","0","654.5","770","5"
"N3320520","8RKT LEVER RH NEW","General Spare Parts","TVS / Universal","0","425","500","5"
"N3320S80","SPEEDO COVER TOP","General Spare Parts","TVS / Universal","0","2873","3380","5"
"N3320710","RING SET PISTON I O/S","Engine","TVS / Universal","0","2796.5","3290","5"
"N3320720","RING SET PISTON II o/s","Engine","TVS / Universal","0","2796.5","3290","5"
"N3320780","CRANK CASE ASSEMBLY LH GLX","Engine","TVS / Universal","0","14849.5","17470","5"
"N332080G","BUSH GEAR KS IDLE","General Spare Parts","TVS / Universal","0","425","500","5"
"N3320G20","PILOT JET 12_5 GX","General Spare Parts","TVS / Universal","0","4037.5","4750","5"
"N3320G50","SHIM CARBURETTOR","General Spare Parts","TVS / Universal","0","425","500","5"
"N3320G70","AIR SCREW GX","General Spare Parts","TVS / Universal","0","357","420","5"
"N3320G80","CYLINDER HEAD ASSY GX","Engine","TVS / Universal","0","67498.5","79410","5"
"N3320GGO","SWINGARM ASSY BLACK (SPARE)","General Spare Parts","TVS / Universal","0","9299","10940","5"
"N3321000","PISTON KIT STD - VICTOR GX","Engine","TVS / Universal","0","9044","10640","5"
"N3321010","PISTON KIT I O/S -VICTOR GX","Engine","TVS / Universal","0","2779.5","3270","5"
"N3321020","PISTON KIT II O/S - VICTOR GX","Engine","TVS / Universal","0","2422.5","2850","5"
"N3321050","SET SPRING CLUTCH VICTOR GL/GX-4 Ns","General Spare Parts","TVS / Universal","0","595","700","5"
"N3321300","AXLE KIT - VICTOR","General Spare Parts","TVS / Universal","0","1504.5","1770","5"
"N3321310","CHAIN & SPROCKET KIT VICTOR GX NEW","General Spare Parts","TVS / Universal","0","425","500","5"
"N3321310L","CHAIN & SPROCKET KIT VICTOR GX NEW","General Spare Parts","TVS / Universal","0","5117","6020","5"
"N3321420","SWINGARM ASSY - EDGE","General Spare Parts","TVS / Universal","0","5610","6600","5"
"N3321450","CYLINDER BLOCK & PISTON KIT","Engine","TVS / Universal","0","31433","36980","5"
"N3321480","FOAM KIT AIR FILTER","Filters","TVS / Universal","0","816","960","5"
"N3321500","CHAIN & SPKT KIT -GX ALLOY 13/","General Spare Parts","TVS / Universal","0","7922","9320","5"
"N3321510","CHAIN & SPKT KIT - EDGE ALLOY","General Spare Parts","TVS / Universal","0","9647.5","11350","5"
"N3321G50","PISTON KIT I O/S","Engine","TVS / Universal","0","3408.5","4010","5"
"N3321G70","CYLINDER BLOCK PISTON KIT","Engine","TVS / Universal","0","22754.5","26770","5"
"N33225103C","KIT LEVER BR SIL","General Spare Parts","TVS / Universal","0","3723","4380","5"
"N4010270","SPROCKET CAMSHAFT","Brakes","TVS / Universal","0","2958","3480","5"
"N4010280","VALVE INTAKE","Engine","TVS / Universal","0","1232.5","1450","5"
"N40102GO","VALVE EXHAUST","Engine","TVS / Universal","0","2643.5","3110","5"
"N4010300","SPRING VALVE","Engine","TVS / Universal","0","425","500","5"
"N4010310","RETAINER VALVE SPRING","Engine","TVS / Universal","0","425","500","5"
"N4010410","CAM CHAIN","Brakes","TVS / Universal","0","6919","8140","5"
"N4010420","GUIDE CAMCHAIN","Brakes","TVS / Universal","0","1343","1580","5"
"N4010470","GASKET COVER CYLINDER HEAD","Engine","TVS / Universal","0","697","820","5"
"N4010480","SCREW ASSY COVER CYL HEAD","Engine","TVS / Universal","0","425","500","5"
"N4010650","GASKET CYLINDER HEAD","Engine","TVS / Universal","0","1683","1980","5"
"N4010S70","NUT TAPPET ADJUSTING MS","General Spare Parts","TVS / Universal","0","425","500","5"
"N4010S80","ADJUSTING SCREW COMP MS","General Spare Parts","TVS / Universal","0","425","500","5"
"N4011100","VALVE STEM OIL SEAL (ACT)","Oils & Fluids","TVS / Universal","0","425","500","5"
"N4011350","ROCKER ARM COMP INTAKE","General Spare Parts","TVS / Universal","0","4428.5","5210","5"
"N4011370","ROCKER ARM COMP EXHAUST","General Spare Parts","TVS / Universal","0","4428.5","5210","5"
"N40113GO","CAMSHAFT COMP Ngo","Brakes","TVS / Universal","0","9409.5","11070","5"
"N4011450","GUIDE VALVE INTAKE","Engine","TVS / Universal","0","425","500","5"
"N4011570","WASHER CAMSHAFT SPRKT NP.ogo","Brakes","TVS / Universal","0","425","500","5"
"N4011580","BOLT CYLINDER HEAD NP_ogo","Engine","TVS / Universal","0","816","960","5"
"N4011720","SPRING VALVE INTAKE NP_ogo","Engine","TVS / Universal","0","425","500","5"
"N4011820","CYLINDER HEAD ASSY","Engine","TVS / Universal","0","18734","22040","5"
"N4012000","SPRING VALVE","Engine","TVS / Universal","0","425","500","5"
"N4012310","ARM ROCKER VALVE (ROLLER) ASSY EXH","Engine","TVS / Universal","0","4369","5140","5"
"N4012400","ARM ROCKER VALVE ASSY INT","Engine","TVS / Universal","0","2966.5","3490","5"
"N4020170","PISTON DIA 54.5","Engine","TVS / Universal","0","3468","4080","5"
"N4020380","PISTON KIT STD - FLAME","Engine","TVS / Universal","0","5227.5","6150","5"
"N40203GO","PISTON KIT","Engine","TVS / Universal","0","1717","2020","5"
"N4020400","PISTON KIT 11 0/S FLAME","Engine","TVS / Universal","0","2847.5","3350","5"
"N4030350","GASKET CRANKCASE JIVE","Engine","TVS / Universal","0","425","500","5"
"N4030360CN","GASKET CLUTCH COVER","Engine","TVS / Universal","0","425","500","5"
"N4030410","LOGO COVER","General Spare Parts","TVS / Universal","0","425","500","5"
"N4030420","GASKET MAGNETO COVER","Engine","TVS / Universal","0","425","500","5"
"N40308GO","COVER MAGNETO","General Spare Parts","TVS / Universal","0","9520","11200","5"
"N4030GOO","GASKET CRANKCASE","Engine","TVS / Universal","0","425","500","5"
"N4030G20","CRANKCASE ASSY LH","Engine","TVS / Universal","0","13821","16260","5"
"N4030GSO","CRANKCASE ASSY RH","Engine","TVS / Universal","0","16583.5","19510","5"
"N4031100","CRANKCASE MC R","Engine","TVS / Universal","0","19150.5","22530","5"
"N4031120","GASKET CLUTCH COVER NP.104","Engine","TVS / Universal","0","425","500","5"
"N4040050","HOSE INLET VTI","General Spare Parts","TVS / Universal","0","425","500","5"
"N4040070","HOSE OUTLET VTI","General Spare Parts","TVS / Universal","0","425","500","5"
"N4040470","COVER FOAM ELEMENT","General Spare Parts","TVS / Universal","0","425","500","5"
"N4040480","FOAM COM","General Spare Parts","TVS / Universal","0","1453.5","1710","5"
"N40404GO","SUPPORT FOAM ELEMENT","General Spare Parts","TVS / Universal","0","425","500","5"
"N4040500","FLAME RETARDER COMP","General Spare Parts","TVS / Universal","0","425","500","5"
"N4040S80","HOSE TEE INSERT","General Spare Parts","TVS / Universal","0","425","500","5"
"N4040GGO","PIPE INTAKE","General Spare Parts","TVS / Universal","0","6460","7600","5"
"N4041000","CARBURETTOR ASSY","General Spare Parts","TVS / Universal","0","30957","36420","5"
"N4041010","AIR CLEANER ASSY 125","Filters","TVS / Universal","0","2635","3100","5"
"N4050410","END CAP MUFFLER","General Spare Parts","TVS / Universal","0","425","500","5"
"N4050610","MUFFLER SUB ASSY-WITH GUARD","General Spare Parts","TVS / Universal","0","53745.5","63230","5"
"N4050620","MUFFLER COMP W/O GUARD FLAME)","General Spare Parts","TVS / Universal","0","14688","17280","5"
"N4070170","8RKT CLUTCH CABLE","Electrical","TVS / Universal","0","425","500","5"
"N4070200","GEAR ASSY PRIMARY DRIVEN (ALTI","General Spare Parts","TVS / Universal","0","11526","13560","5"
"N4080170","COVER ENGINE SPROCKET","Engine","TVS / Universal","0","2728.5","3210","5"
"N4080180","LEVER KICKSTARTER","General Spare Parts","TVS / Universal","0","3264","3840","5"
"N40801GO","LEVER ASSY KICK STARTER","General Spare Parts","TVS / Universal","0","4547.5","5350","5"
"N4080200","JOINT KICK STARTER","General Spare Parts","TVS / Universal","0","1683","1980","5"
"N4080220","GEAR OIL PUMP DRIVE","Oils & Fluids","TVS / Universal","0","1419.5","1670","5"
"N4080250","LEVER GEARSHIFT ASSY NP090","General Spare Parts","TVS / Universal","0","1776.5","2090","5"
"N4080280","OIL PUMP ASSY","Oils & Fluids","TVS / Universal","0","3221.5","3790","5"
"N40802GO","PARALLEL KEY","General Spare Parts","TVS / Universal","0","425","500","5"
"N4080300","CRANK WHEEL","Engine","TVS / Universal","0","2431","2860","5"
"N4080380","ARM GEAR SHIFT ASSY","General Spare Parts","TVS / Universal","0","1972","2320","5"
"N4080400","CAM GEARSHIFT NP.104","Brakes","TVS / Universal","0","3952.5","4650","5"
"N4080410","DRIVE SHAFT ASSY","General Spare Parts","TVS / Universal","0","16124.5","18970","5"
"N4080420","SHAFT-DRIVE","General Spare Parts","TVS / Universal","0","4615.5","5430","5"
"N40903GO","SHOCK ABSORBER","General Spare Parts","TVS / Universal","0","6222","7320","5"
"N4100210","LEG ASSY L FRONT FORK","General Spare Parts","TVS / Universal","0","28075.5","33030","5"
"N4100220","LEG ASSY R FRONT FORK","General Spare Parts","TVS / Universal","0","28075.5","33030","5"
"N4100300","LEG ASSY FR","General Spare Parts","TVS / Universal","0","7463","8780","5"
"N4100310","LEG ASSY FRONT R SO 663.50","General Spare Parts","TVS / Universal","0","9146","10760","5"
"N4100320","TUBE OUTER COMP L NP.090","General Spare Parts","TVS / Universal","0","3663.5","4310","5"
"N4100350","FRONT FORK ASSY","General Spare Parts","TVS / Universal","0","81209","95540","5"
"N4110040","PEDAL COMP BRAKE","Brakes","TVS / Universal","0","2822","3320","5"
"N4110080","ROD COMP REAR BRAKE","Brakes","TVS / Universal","0","756.5","890","5"
"N4110120","SPRING STOP LAMP","Electrical","TVS / Universal","0","425","500","5"
"N4110170","CHAIN ASSY 124 LINKS","General Spare Parts","TVS / Universal","0","3340.5","3930","5"
"N41101GO","WHEEL ASSY FRONT - DRUM","General Spare Parts","TVS / Universal","0","45407","53420","5"
"N4110210","TYRE 18 2.75 NP.070","General Spare Parts","TVS / Universal","0","16447.5","19350","5"
"N4110280","BRAKE PANEL COMP FR","Brakes","TVS / Universal","0","4131","4860","5"
"N4110300","SPACER COMP. 090","General Spare Parts","TVS / Universal","0","1088","1280","5"
"N4120520","BAR COMP. FOOTREST ASS","General Spare Parts","TVS / Universal","0","3935.5","4630","5"
"N4120G80","BATTERY HOLDER","Electrical","TVS / Universal","0","739.5","870","5"
"N4121350","FRAME COMP","General Spare Parts","TVS / Universal","0","42763.5","50310","5"
"N4121410","8RKT ENGINE MTG FRONT","Engine","TVS / Universal","0","425","500","5"
"N4121780","8RKT FUEL COCK NP090","General Spare Parts","TVS / Universal","0","731","860","5"
"N4130010","SEAT ASSY","General Spare Parts","TVS / Universal","0","13795.5","16230","5"
"N4130020","SEAT BASE FLAME","General Spare Parts","TVS / Universal","0","4522","5320","5"
"N414002013A","FUEL TANK COMP+TAPESET BLUE RE","General Spare Parts","TVS / Universal","0","28092.5","33050","5"
"N41400202HA","FUEL TANK COMP+TAPESET RED REF","General Spare Parts","TVS / Universal","0","28092.5","33050","5"
"N41400204DA","FUEL TANK COMP+TAPESET SILVER FLAME","General Spare Parts","TVS / Universal","0","34935","41100","5"
"N41400204DF","FUEL TANK COMP+TAPESET BLACK R","General Spare Parts","TVS / Universal","0","34357","40420","5"
"N41400209GA","FUEL TANK COMP+TAPESET ORANGE","General Spare Parts","TVS / Universal","0","35122","41320","5"
"N4140020C","FUEL TANK COMP+TAPESET N90 SIL","General Spare Parts","TVS / Universal","0","33388","39280","5"
"N4140080","AUTO FUEL COCK ASSY","General Spare Parts","TVS / Universal","0","3043","3580","5"
"N4140270","CAP FUEL TANK","General Spare Parts","TVS / Universal","0","5516.5","6490","5"
"N4140280","HOSE FUEL TANK","General Spare Parts","TVS / Universal","0","782","920","5"
"N4140450","HOSE VACCUM NP_ogo","General Spare Parts","TVS / Universal","0","425","500","5"
"N4140520","ADAPTOR ASSY FUEL COCK","General Spare Parts","TVS / Universal","0","425","500","5"
"N4140570","FUEL COCK ASSY WITH HOSES","General Spare Parts","TVS / Universal","0","3918.5","4610","5"
"N4150150","HANDLE HOLDER UPPER","General Spare Parts","TVS / Universal","0","425","500","5"
"N4150170","HANDLE BAR (ALTI","General Spare Parts","TVS / Universal","0","6817","8020","5"
"N4150200","GRIP COMP THROTTLE NP_ogo","General Spare Parts","TVS / Universal","0","425","500","5"
"N41600GO","LENS RC LAMP - FLAME-FLAME 1,","Electrical","TVS / Universal","0","586.5","690","5"
"N41601GO","ACTUATOR ASSY","General Spare Parts","TVS / Universal","0","425","500","5"
"N4170020","CABLE ASSY CLUTCH","Electrical","TVS / Universal","0","425","500","5"
"N4170050","CABLE UTILITY aox NP070","Electrical","TVS / Universal","0","425","500","5"
"N4170150","CABLE ASSY THROTTLE NP.ogo","Electrical","TVS / Universal","0","1972","2320","5"
"N41701GO","CABLE ASSY THROTTLE Disc 2,","Brakes","TVS / Universal","0","501.5","590","5"
"N4200050","NEEDLE BEARING","General Spare Parts","TVS / Universal","0","688.5","810","5"
"N4200070","CRR PAN HEAD SCREW MS X12","Engine","TVS / Universal","0","425","500","5"
"N4200120","FLAT HEAD RIVET","Engine","TVS / Universal","0","425","500","5"
"N4210020","LOCK SET - TVS FLAME","General Spare Parts","TVS / Universal","0","12860.5","15130","5"
"N4210720","TAPE SET RED","General Spare Parts","TVS / Universal","0","3391.5","3990","5"
"N4211370","TAPESET BLACK","General Spare Parts","TVS / Universal","0","14161","16660","5"
"N42200102H","FENDER FRONT RED N90","General Spare Parts","TVS / Universal","0","7633","8980","5"
"N42200104C","FENDER FRONT VOLCANO RED STRYKER (A","General Spare Parts","TVS / Universal","0","8347","9820","5"
"N42200109G","FENDER FRONT PAINTED ORANGE","General Spare Parts","TVS / Universal","0","6664","7840","5"
"N4220010C","FENDER FR SILVER","General Spare Parts","TVS / Universal","0","7633","8980","5"
"N422007G","PILLION HANDLE","General Spare Parts","TVS / Universal","0","6205","7300","5"
"N4220110","SPEEDOMETER ASSY DIGITAL","General Spare Parts","TVS / Universal","0","31399","36940","5"
"N42201S013A","HSG HEADLAMP FR + TAPESET M","Engine","TVS / Universal","0","7845.5","9230","5"
"N42201302H","HSG HEADLAMP FR + TAPESET APAC","Engine","TVS / Universal","0","7089","8340","5"
"N42201302HA","HSG HEADLAMP FR + TAPESET A RE","Engine","TVS / Universal","0","7845.5","9230","5"
"N42201S04DA","HSG HEADLAMP FR + TAPESET BLAC","Engine","TVS / Universal","0","7463","8780","5"
"N42201S09GA","HSG HEADLAMP FR + TAPESET ORAN","Engine","TVS / Universal","0","7845.5","9230","5"
"N42201SOC","HSG HEADLAMP SILVER + TAPESET (ALTI","Engine","TVS / Universal","0","7089","8340","5"
"N4220150","8RKT COMP HOUSING HEADLAMP","Engine","TVS / Universal","0","3536","4160","5"
"N4220270","CRASHGUARD","General Spare Parts","TVS / Universal","0","4428.5","5210","5"
"N4220280","SAREEGUARD COMP -FLAME","General Spare Parts","TVS / Universal","0","425","500","5"
"N422030013A","COVER FUEL TANK L+TAPESET MET","General Spare Parts","TVS / Universal","0","7403.5","8710","5"
"N42203002H","COVER FUEL TANK L + TAPESET A","General Spare Parts","TVS / Universal","0","6910.5","8130","5"
"N42203002HA","COVER FUEL TANK L + TAPESET A","General Spare Parts","TVS / Universal","0","7403.5","8710","5"
"N42203004DA","COVER FUEL TANK L + TAPESET BL","General Spare Parts","TVS / Universal","0","6723.5","7910","5"
"N42203009GA","COVER FUEL TANK L+TAPESET ORAN","General Spare Parts","TVS / Universal","0","7403.5","8710","5"
"N4220300C","COVER FUEL TANK L+TAPESET SILVER","General Spare Parts","TVS / Universal","0","2669","3140","5"
"N422031013A","COVER FUEL TANK R+TAPESET MET","General Spare Parts","TVS / Universal","0","3230","3800","5"
"N42203102H","COVER FUEL TANK R + TAPESET","General Spare Parts","TVS / Universal","0","6910.5","8130","5"
"N42203102HA","COVER FUEL TANK R + TAPESET A","General Spare Parts","TVS / Universal","0","7403.5","8710","5"
"N42203104DA","COVER FUEL TANK R + TAPESET","General Spare Parts","TVS / Universal","0","1836","2160","5"
"N42203109GA","COVER FUEL TANK R+TAPESET ORAN","General Spare Parts","TVS / Universal","0","7403.5","8710","5"
"N4220310C","COVER FUEL TANK R+TAPESET SILVER","General Spare Parts","TVS / Universal","0","2669","3140","5"
"N422032G2H","COVER FUEL TANK INNER LA. RED","General Spare Parts","TVS / Universal","0","688.5","810","5"
"N422032G9G","COVER FUEL TANK INNER L ORANGE","General Spare Parts","TVS / Universal","0","816","960","5"
"N422032GC","COVER FUEL TANK INNER L SIL Ngo","General Spare Parts","TVS / Universal","0","425","500","5"
"N42203SG2H","COVER FUEL TANK INNER R A. RED","General Spare Parts","TVS / Universal","0","688.5","810","5"
"N42203SG9G","COVER FUEL TANK INNER R ORANGE","General Spare Parts","TVS / Universal","0","816","960","5"
"N42203SGC","COVER FUEL TANK INNER R SIL Ngo","General Spare Parts","TVS / Universal","0","731","860","5"
"N422036G2H","COVER FUEL TANK CENTER A. RED","General Spare Parts","TVS / Universal","0","425","500","5"
"N422036GC","COVER FUEL TANK CENTER SIL Ngo","General Spare Parts","TVS / Universal","0","637.5","750","5"
"N4220370","BODY' FRONT FENDER REAR","General Spare Parts","TVS / Universal","0","977.5","1150","5"
"N4220400","8RKT COVER FUEL TANK FRONT","General Spare Parts","TVS / Universal","0","425","500","5"
"N4220410","8RKT COVER FUEL TANK FR R","General Spare Parts","TVS / Universal","0","425","500","5"
"N4220470","COVER AIR INLET","General Spare Parts","TVS / Universal","0","697","820","5"
"N422048G","COVER TAIL LAMP","Electrical","TVS / Universal","0","790.5","930","5"
"N4220500","8RKT TAIL LAMP","Electrical","TVS / Universal","0","425","500","5"
"N4220510","SAREE GUARD FOOTREST","General Spare Parts","TVS / Universal","0","2847.5","3350","5"
"N4220520","LEG GUARD MUFFLER","General Spare Parts","TVS / Universal","0","425","500","5"
"N4220550","BRACKET - ENGINE GUARD","Engine","TVS / Universal","0","425","500","5"
"N4220580","8RKT COVER FUEL TANK OUTER L","General Spare Parts","TVS / Universal","0","425","500","5"
"N42205GO","8RKT COVER FUEL TANK OUTER R","General Spare Parts","TVS / Universal","0","425","500","5"
"N4220610","MUDFLAP - FLAME","General Spare Parts","TVS / Universal","0","425","500","5"
"N4220SS013A","COVER SEAT TAIL ASSY M_aLUE RE","General Spare Parts","TVS / Universal","0","14280","16800","5"
"N4220SS02HA","TAIL COVER SUB ASSY RED REF","General Spare Parts","TVS / Universal","0","2975","3500","5"
"N4220SS04DA","TAIL COVER SUB ASSY BLACK+SIL","General Spare Parts","TVS / Universal","0","11509","13540","5"
"N4220SS09GA","TAIL COVER SUB ASSY NP_ogo ORA","General Spare Parts","TVS / Universal","0","14280","16800","5"
"N4220S80","TOOL aox N 90","General Spare Parts","TVS / Universal","0","1105","1300","5"
"N422078G2H","ENGINE GUARD APACHE RED N90","Engine","TVS / Universal","0","2303.5","2710","5"
"N422078G9G","ENGINE GUARD ORANGE - FLAME","Engine","TVS / Universal","0","2490.5","2930","5"
"N422078GC","ENGINE GUARDSILVER N90","Engine","TVS / Universal","0","2303.5","2710","5"
"N4220880","LATCH UTILITY aox NP.070","General Spare Parts","TVS / Universal","0","425","500","5"
"N422104G","PLUG SWINGARM BOLT","General Spare Parts","TVS / Universal","0","425","500","5"
"N42211409G","COV FUEL TANK CTR SUB ASSY NP","General Spare Parts","TVS / Universal","0","1538.5","1810","5"
"N4221220","SPRING TOOL Sox","General Spare Parts","TVS / Universal","0","425","500","5"
"N4221270","RUBBER TOOL BOX","General Spare Parts","TVS / Universal","0","425","500","5"
"N4221310","PAD CUSHION 22","Brakes","TVS / Universal","0","5.1","6","5"
"N4310020","HALF GEAR TO HOLD PRIMERY GEAR","General Spare Parts","TVS / Universal","0","2388.5","2810","5"
"N4320210","SWING ARM WITH BUSH","General Spare Parts","TVS / Universal","0","11747","13820","5"
"N4320220","CYLINDER BLOCK & PISTON KIT","Engine","TVS / Universal","0","30226","35560","5"
"N4320270","SET PLATE CLUTCH DRIVE- FLAME","General Spare Parts","TVS / Universal","0","8032.5","9450","5"
"N4320280","SET PLATE CLUTCH DRIVEN - FLAM","General Spare Parts","TVS / Universal","0","1300.5","1530","5"
"N4320300","CONE KIT","General Spare Parts","TVS / Universal","0","4547.5","5350","5"
"N4320350","IDLE ADJUSTER SCREW NP.ogo","General Spare Parts","TVS / Universal","0","425","500","5"
"N4320380","MAIN JET 'JCAL NP_ogo","General Spare Parts","TVS / Universal","0","425","500","5"
"N43203GO","NEEDLE JET NP 090","General Spare Parts","TVS / Universal","0","1037","1220","5"
"N4320400","PILOT JET UCAL NP_ogo","General Spare Parts","TVS / Universal","0","425","500","5"
"N4320470","AIR SCREW NP.ogo","General Spare Parts","TVS / Universal","0","425","500","5"
"N4320520","BOWL SEAL NP_ogo","General Spare Parts","TVS / Universal","0","425","500","5"
"N4320550","HOSE AIR VENT - FLAME","General Spare Parts","TVS / Universal","0","663","780","5"
"N4320570","FLOAT NP_ogo","General Spare Parts","TVS / Universal","0","790.5","930","5"
"N4320SOO","GUIDE HOLDER NP.090","General Spare Parts","TVS / Universal","0","425","500","5"
"N4320S20","SPRING PISTON VALVE NP.ogo","Engine","TVS / Universal","0","425","500","5"
"N4320S70","SPRING THROTTLE STOP NP_ogo","General Spare Parts","TVS / Universal","0","425","500","5"
"N43207GO","STATOR ASSY - FLAME","Electrical","TVS / Universal","0","12809.5","15070","5"
"N4320800","ROTOR ASSY","General Spare Parts","TVS / Universal","0","9044","10640","5"
"N4320810","CARBURETTOR KIT- FLAME","General Spare Parts","TVS / Universal","0","4777","5620","5"
"N4320820","TOP COVER SPEEDOMETER -FLAME","General Spare Parts","TVS / Universal","0","1147.5","1350","5"
"N4320G20","CHAINCASE SET","General Spare Parts","TVS / Universal","0","6868","8080","5"
"N4320GSO","KIT PROP STAND (ALTI","General Spare Parts","TVS / Universal","0","1666","1960","5"
"N4320G50","FUEL STRAINER SET SCREEN","General Spare Parts","TVS / Universal","0","425","500","5"
"N4320G802H","ENGINE GUARD KIT RED","Engine","TVS / Universal","0","3689","4340","5"
"N4320G80C","ENGINE GUARD KIT SILVER","Engine","TVS / Universal","0","3689","4340","5"
"N4321000","MAIN JET 'JCAL","General Spare Parts","TVS / Universal","0","425","500","5"
"N4321080","JET NEEDLE","General Spare Parts","TVS / Universal","0","1564","1840","5"
"N43210GO","SHIM- JET NEEDLE","General Spare Parts","TVS / Universal","0","425","500","5"
"N4321100","PISTON VALVE","Engine","TVS / Universal","0","2091","2460","5"
"N4321120","JET HOLDER","General Spare Parts","TVS / Universal","0","637.5","750","5"
"N4321150","PISTON KIT STD_","Engine","TVS / Universal","0","7089","8340","5"
"N4321170","PISTON KIT II O/S -Tvs FLAME SR 125","Engine","TVS / Universal","0","14994","17640","5"
"N43211GO","CYLINDER BLK & PISTON KIT -FLA (AIT)","Engine","TVS / Universal","0","32606","38360","5"
"N4321270","ENGINE VALVE KIT FLAME","Engine","TVS / Universal","0","6434.5","7570","5"
"N5010010","CYLINDER BLOCK MACHINED","Engine","TVS / Universal","0","11628","13680","5"
"N5010080","O-RING CYLINDER HEAD COVER","Engine","TVS / Universal","0","425","500","5"
"N5010170","GASKET CYLINDER","Engine","TVS / Universal","0","425","500","5"
"N5010180","STUD CYLINDER HEAD R","Engine","TVS / Universal","0","425","500","5"
"N50101GO","STUD CYLINDER HEAD L","Engine","TVS / Universal","0","688.5","810","5"
"N5010250","COVER L CYLINDER HEAD","Engine","TVS / Universal","0","1623.5","1910","5"
"N5010270","COVER COMP CYL HEAD R","Engine","TVS / Universal","0","1887","2220","5"
"N5010310","TENSIONER CAMCHAIN (ALTI 1,","Brakes","TVS / Universal","0","510","600","5"
"N5010320","SPROCKET 34T CAMSHAFT","Brakes","TVS / Universal","0","425","500","5"
"N50103SO","GUIDE CAM CHAIN","Brakes","TVS / Universal","0","1402.5","1650","5"
"N5010350","GASKET CYLINDER HEAD","Engine","TVS / Universal","0","2558.5","3010","5"
"N5010400","WASHER SPROCKET","General Spare Parts","TVS / Universal","0","425","500","5"
"N5010470","ADJUSTER ASSY TENSIONER","General Spare Parts","TVS / Universal","0","2439.5","2870","5"
"N50104GO","PISTON DIA 51","Engine","TVS / Universal","0","1062.5","1250","5"
"N5010520","RING PISTON 1st","Engine","TVS / Universal","0","1870","2200","5"
"N50105SO","RING 2ND PISTON","Engine","TVS / Universal","0","425","500","5"
"N5010540","RING OIL PISTON 1,","Oils & Fluids","TVS / Universal","0","510","600","5"
"N5010550","PIN PISTON (ALTI","Engine","TVS / Universal","0","1028.5","1210","5"
"N5010560","GASKET TENSIONER ADJUSTER","Engine","TVS / Universal","0","425","500","5"
"N5010580","HEAD COMPLETE CYLINDER","Engine","TVS / Universal","0","49699.5","58470","5"
"N5010SSO","CYLINDER HEAD ASSY","Engine","TVS / Universal","0","15274.5","17970","5"
"N5010650","GASKET CYLINDER HEAD COVER R","Engine","TVS / Universal","0","425","500","5"
"N50107GO","CAM CHAIN 88 LINKS - CENTRA","Brakes","TVS / Universal","0","1402.5","1650","5"
"N5010810","CYLINDER COMP PHOENIX","Engine","TVS / Universal","0","20111","23660","5"
"N5010820","GASKET CYLINDER","Engine","TVS / Universal","0","425","500","5"
"N5010820CN","GASKET CYLINDER PHOENIX","Engine","TVS / Universal","0","425","500","5"
"N5010860","CAMSHAFT COMP PHOENIX","Brakes","TVS / Universal","0","94.35","111","5"
"N5010870","CYLINDER HEAD ASSY PHOENIX","Engine","TVS / Universal","0","40205","47300","5"
"N5020080","CRANKSHAFT COMP CENTRA (ALTI","Engine","TVS / Universal","0","27106.5","31890","5"
"N50201SO","CRANK SHAFT COMP CENTRA NEW","Engine","TVS / Universal","0","22210.5","26130","5"
"N5030040","CRANKCASE COMP R (ALTI","Engine","TVS / Universal","0","14475.5","17030","5"
"N5030120","GASKET CRANKCASE","Engine","TVS / Universal","0","425","500","5"
"N50301SO","GASKET CLUTCH COVER","Engine","TVS / Universal","0","425","500","5"
"N5030350","CRANKCASE MACHINED R","Engine","TVS / Universal","0","24539.5","28870","5"
"N5030360","CRANKCASE MACHINED L","Engine","TVS / Universal","0","7046.5","8290","5"
"N5030370","PLUG CRANKCASE","Engine","TVS / Universal","0","416.5","490","5"
"N5040340","PIPE ASSY INTAKE","General Spare Parts","TVS / Universal","0","2006","2360","5"
"N5040410","AIR CLEANER ASSY","Filters","TVS / Universal","0","2822","3320","5"
"N5040440","CASE COMP LH AIR CLEANER (ALTI","Filters","TVS / Universal","0","2133.5","2510","5"
"N5040460","INLET COMP AIR CLEANER","Filters","TVS / Universal","0","722.5","850","5"
"N50404GO","PIPE PCV","General Spare Parts","TVS / Universal","0","748","880","5"
"N5040510","HOSE 1 DECELERATION CUTOFF","General Spare Parts","TVS / Universal","0","425","500","5"
"N5040550","COVER RH AIR CLEANER (ALTI","Filters","TVS / Universal","0","1317.5","1550","5"
"N5040580","COVER L AIR CLEANER","Filters","TVS / Universal","0","722.5","850","5"
"N5040S50","HOSE AIR INLET","General Spare Parts","TVS / Universal","0","425","500","5"
"N5040S60CN","COVER AIR CLEANER","Filters","TVS / Universal","0","425","500","5"
"N5040S80CN","SEAL AIR CLEANER","Filters","TVS / Universal","0","425","500","5"
"N5040700CN","O-RING 27_10 2.40","General Spare Parts","TVS / Universal","0","425","500","5"
"N5040720","TUBE INLET METRO +","General Spare Parts","TVS / Universal","0","697","820","5"
"N5040750CN","PIPE COMP SAI","General Spare Parts","TVS / Universal","0","425","500","5"
"N5040780","AIR CLEANER ASSY PHOENIX","Filters","TVS / Universal","0","2431","2860","5"
"N50407GO","TUBE OUTLET","General Spare Parts","TVS / Universal","0","425","500","5"
"N5040800","PIPE INTAKE COMP PHOENIX","General Spare Parts","TVS / Universal","0","2482","2920","5"
"N5040810","CARBURETTOR ASSY PHOENIX","General Spare Parts","TVS / Universal","0","14926","17560","5"
"N5040850","PIPE INTAKE COMP","General Spare Parts","TVS / Universal","0","425","500","5"
"N5040860","INSULATOR PAD","Brakes","TVS / Universal","0","425","500","5"
"N5040870","TUBE OUTLET MET REF","General Spare Parts","TVS / Universal","0","1334.5","1570","5"
"N5040880","AIR CLEANER ASSY MET REF","Filters","TVS / Universal","0","2601","3060","5"
"N5040GOO","CARBURETTOR ASSY MET REF","General Spare Parts","TVS / Universal","0","20357.5","23950","5"
"N5050110","MUFFLER COMP","General Spare Parts","TVS / Universal","0","15504","18240","5"
"N5050280","GUARD EXHAUST","General Spare Parts","TVS / Universal","0","1827.5","2150","5"
"N50504SO","GUARD MUFFLER EXHAUST","General Spare Parts","TVS / Universal","0","867","1020","5"
"N5050440","MUFFLER ASSY (SPARE)","General Spare Parts","TVS / Universal","0","14467","17020","5"
"N5050560","OTHER PARTS","General Spare Parts","TVS / Universal","0","425","500","5"
"N5050SOO","MUFFLER COMP WITHOUT GUARD (ALTI","General Spare Parts","TVS / Universal","0","23468.5","27610","5"
"N5050SSO","MUFFLER COMP BLACK (ALTI","General Spare Parts","TVS / Universal","0","7956","9360","5"
"N5050760","MUFFLER SUB ASSY PHOENIX","General Spare Parts","TVS / Universal","0","49750.5","58530","5"
"N5050770","MUFFLER COMP","General Spare Parts","TVS / Universal","0","31917.5","37550","5"
"N5050800","MUFFLER GUARD FRONT","General Spare Parts","TVS / Universal","0","425","500","5"
"N5051070","MUFFLER SUB ASSY EXP","General Spare Parts","TVS / Universal","0","15818.5","18610","5"
"N5060080","GEAR SHIFT SWITCH","Electrical","TVS / Universal","0","595","700","5"
"N5060150","DIGITAL 4 CURVE CDI AC","General Spare Parts","TVS / Universal","0","17433.5","20510","5"
"N5060170","RESISTOR","General Spare Parts","TVS / Universal","0","1436.5","1690","5"
"N5060180","IGNITION COIL ASSY","Oils & Fluids","TVS / Universal","0","3706","4360","5"
"N50601GO","LEAD WIRE","Electrical","TVS / Universal","0","425","500","5"
"N5060200","ROTOR ASSY","General Spare Parts","TVS / Universal","0","11364.5","13370","5"
"N5060210","STARTER ASSY","General Spare Parts","TVS / Universal","0","13192","15520","5"
"N5060220","SUPPRESSOR CAP (AIT)","General Spare Parts","TVS / Universal","0","1156","1360","5"
"N50602SO","DIGITAL 4 CURVE CDI AC NEW","General Spare Parts","TVS / Universal","0","16277.5","19150","5"
"N5060240","ELECTRONIC REGULATOR CU NEW","General Spare Parts","TVS / Universal","0","10268","12080","5"
"N5060250","IGNITION COIL NEW CENTRA","Oils & Fluids","TVS / Universal","0","1334.5","1570","5"
"N5060260","LEAD WIRE NEW -CENTRA","Electrical","TVS / Universal","0","425","500","5"
"N5060380","COMBINED IDI & IGNITION col","General Spare Parts","TVS / Universal","0","13897.5","16350","5"
"N5060400","TCI UNIT PHOENIX","General Spare Parts","TVS / Universal","0","13744.5","16170","5"
"N5060410","SPEED SENSOR PHOENIX","Electrical","TVS / Universal","0","4258.5","5010","5"
"N5070050","DISC CLUTCH PRESSURE","Brakes","TVS / Universal","0","1385.5","1630","5"
"N5070070","HUB CLUTCH MC","General Spare Parts","TVS / Universal","0","1929.5","2270","5"
"N5070080","SPACER CLUTCH (ALTI","General Spare Parts","TVS / Universal","0","688.5","810","5"
"N50700GO","SPRING CLUTCH","General Spare Parts","TVS / Universal","0","425","500","5"
"N5070100","NUT CLUTCH SHAFT","General Spare Parts","TVS / Universal","0","425","500","5"
"N5070110","SPRING DISC","Brakes","TVS / Universal","0","425","500","5"
"N50701SO","PLATE CLUTCH RELEASE","General Spare Parts","TVS / Universal","0","425","500","5"
"N5070140","PLATE CLUTCH DRIVE","General Spare Parts","TVS / Universal","0","2057","2420","5"
"N5070220","PIN CLUTCH RELEASE","General Spare Parts","TVS / Universal","0","425","500","5"
"N50702SO","ADAPTOR PIN CLUTCH RELEASE","General Spare Parts","TVS / Universal","0","892.5","1050","5"
"N5070240","PIN ASSY CLUTCH RELEASE","General Spare Parts","TVS / Universal","0","782","920","5"
"N5070250","SPRING CLUTCH JUDDER","General Spare Parts","TVS / Universal","0","773.5","910","5"
"N5070260","WASHER CLUTCH JUDDER","General Spare Parts","TVS / Universal","0","892.5","1050","5"
"N5070270","PLATE CLUTCH DRIVE JUDDER","General Spare Parts","TVS / Universal","0","1649","1940","5"
"N50703SO","8RKT CLUTCH CABLE - METRO +","Electrical","TVS / Universal","0","425","500","5"
"N5070350","ROD CLUTCH RELEASE COMP","General Spare Parts","TVS / Universal","0","425","500","5"
"N5070360","HUB CLUTCH PHOENIX","General Spare Parts","TVS / Universal","0","2193","2580","5"
"N50703GO","DISC PRESSURE CLUTCH PHOENIX","Brakes","TVS / Universal","0","1606.5","1890","5"
"N5070400","SPRING CLUTCH PHOENIX (AIT)","General Spare Parts","TVS / Universal","0","425","500","5"
"N5070410","PLATE CLUTCH RELEASE PHOENIX","General Spare Parts","TVS / Universal","0","833","980","5"
"N5070470","SPRING CLUTCH METRO +","General Spare Parts","TVS / Universal","0","416.5","490","5"
"N5070480","PIN CLUTCH RELEASE","General Spare Parts","TVS / Universal","0","425","500","5"
"N5070550","DISC CLUTCH PRESSURE-CENTRA","Brakes","TVS / Universal","0","1708.5","2010","5"
"N5080010","GEAR ASSY PRIMARY DRIVEN","General Spare Parts","TVS / Universal","0","15504","18240","5"
"N5080060","BUSH 1ST DRIVEN","General Spare Parts","TVS / Universal","0","671.5","790","5"
"N5080080","SHAFT CLUTCH (ALTI","General Spare Parts","TVS / Universal","0","4233","4980","5"
"N5080100","SHAFT DRIVE","General Spare Parts","TVS / Universal","0","4513.5","5310","5"
"N5080110","GEAR COMP 1ST DRIVEN","General Spare Parts","TVS / Universal","0","2975","3500","5"
"N5080120","GEAR 2ND DRIVE","General Spare Parts","TVS / Universal","0","2873","3380","5"
"N50801SO","GEAR 2ND DRIVEN","General Spare Parts","TVS / Universal","0","3791","4460","5"
"N5080140","GEAR 3rd DRIVE","General Spare Parts","TVS / Universal","0","2006","2360","5"
"N5080150","GEAR 3RD DRIVEN","General Spare Parts","TVS / Universal","0","1802","2120","5"
"N5080160","GEAR 4TH DRIVE","General Spare Parts","TVS / Universal","0","2473.5","2910","5"
"N5080170","GEAR 4TH DRIVEN","General Spare Parts","TVS / Universal","0","2983.5","3510","5"
"N50801GO","GEAR PRIMARY DRIVE","General Spare Parts","TVS / Universal","0","4445.5","5230","5"
"N5080200","RATCHET KICKSTARTER (ACT)","General Spare Parts","TVS / Universal","0","2082.5","2450","5"
"N5080220","RETAINER KICKSTARTER","General Spare Parts","TVS / Universal","0","425","500","5"
"N50802SO","SHAFT KICK STARTER","General Spare Parts","TVS / Universal","0","6689.5","7870","5"
"N5080240","SPRING KICKSTARTER RATCHET","General Spare Parts","TVS / Universal","0","425","500","5"
"N5080270","SHAFT SHIFT FORK","General Spare Parts","TVS / Universal","0","425","500","5"
"N5080280","FORK GEAR SHIFT LOW SPEED","General Spare Parts","TVS / Universal","0","3918.5","4610","5"
"N50802GO","FORK GEAR SHIFT HIGH SPEED","General Spare Parts","TVS / Universal","0","3153.5","3710","5"
"N5080320","RETAINER KICK SPRING","General Spare Parts","TVS / Universal","0","1564","1840","5"
"N50803SO","PLATE RATCHET GUIDE","General Spare Parts","TVS / Universal","0","425","500","5"
"N5080340","SPRING KICKSTARTER","General Spare Parts","TVS / Universal","0","425","500","5"
"N5080360","ROD CLUTCH RELEASE COMP","General Spare Parts","TVS / Universal","0","977.5","1150","5"
"N5080410","PUMP ASSY OIL (ALTI","Oils & Fluids","TVS / Universal","0","2363","2780","5"
"N5080420","SPRING CLUTCH CABLE RETURN","Electrical","TVS / Universal","0","425","500","5"
"N5080460","OIL FILTER (ALTI","Oils & Fluids","TVS / Universal","0","357","420","5"
"N5080500","TUBE BREATHER","General Spare Parts","TVS / Universal","0","425","500","5"
"N50805SO","STOPPER SHIFT ARM","General Spare Parts","TVS / Universal","0","425","500","5"
"N5080SOO","8RKT CLUTCH ABUTMENT","General Spare Parts","TVS / Universal","0","425","500","5"
"N5080620","CONTACT GEAR SHIFT SWITCH","Electrical","TVS / Universal","0","425","500","5"
"N5080810","GEAR KICKSTARTER DRIVE","General Spare Parts","TVS / Universal","0","2057","2420","5"
"N5080820","LEVER ASSY GEAR SHIFT","General Spare Parts","TVS / Universal","0","2133.5","2510","5"
"N5080GOG","CAM GEAR SHIFT (ALTI","Brakes","TVS / Universal","0","4666.5","5490","5"
"N5080G10","STOPPER GEAR SHIFT CAM","Brakes","TVS / Universal","0","620.5","730","5"
"N5080G20","HOOK SPRING GEAR SH CAM STOPPER","Brakes","TVS / Universal","0","425","500","5"
"N5080GSO","SPRING GEAR SHIFT CAM STOPPER","Brakes","TVS / Universal","0","425","500","5"
"N5080G40","WASHER 55x18x1.s","General Spare Parts","TVS / Universal","0","425","500","5"
"N5080G70","SHAFT COMP GEAR SHIFT","General Spare Parts","TVS / Universal","0","3468","4080","5"
"N5081010","CAM COMP GEARSHIFT","Brakes","TVS / Universal","0","4207.5","4950","5"
"N5081020","SPROCKET 40T","General Spare Parts","TVS / Universal","0","3646.5","4290","5"
"N50810SO","SPROCKET sgT-METR0 3","General Spare Parts","TVS / Universal","0","408","480","5"
"N5081040","LEVER KICK STARTER","General Spare Parts","TVS / Universal","0","3264","3840","5"
"N5081060","PIPE COMP BREATHER","General Spare Parts","TVS / Universal","0","425","500","5"
"N5081080","CHAIN ASSY DRIVE 102","General Spare Parts","TVS / Universal","0","4836.5","5690","5"
"N5081170","CENTRIFUGAL FILTER","Filters","TVS / Universal","0","1538.5","1810","5"
"N5081200","COVER CENTRIFUGAL FILTER","Filters","TVS / Universal","0","1156","1360","5"
"N5081220","GASKET CENTRIFUGAL FILTER","Filters","TVS / Universal","0","425","500","5"
"N50812SO","SPRING CENTRIFUGAL FILTER","Filters","TVS / Universal","0","425","500","5"
"N5081240","PIPE CENTRIFUGAL FILTER","Filters","TVS / Universal","0","425","500","5"
"N5081280","GUIDE KICK STARTER SPRING","General Spare Parts","TVS / Universal","0","425","500","5"
"N5081320","IFTER RATCHET","General Spare Parts","TVS / Universal","0","425","500","5"
"N50813SO","RATCHET KICK STARTER","General Spare Parts","TVS / Universal","0","1870","2200","5"
"N5081340","SHAFT KICK STARTER","General Spare Parts","TVS / Universal","0","4471","5260","5"
"N5081360","SPRING KICK STARTER RACHET","General Spare Parts","TVS / Universal","0","425","500","5"
"N5081370","SPRING KICK STARTE","General Spare Parts","TVS / Universal","0","425","500","5"
"N5081380","GASKET OIL PLIMP -CENTRA","Oils & Fluids","TVS / Universal","0","425","500","5"
"N5081420CN","COVER ENGINE SPROCKET COMP","Engine","TVS / Universal","0","1428","1680","5"
"N50814SO","SPACER PRIMARY DRIVE GEAR PHOENIX","General Spare Parts","TVS / Universal","0","425","500","5"
"N5081450","CLAMP MAGNETO LEAD METRO +","Electrical","TVS / Universal","0","425","500","5"
"N5081550","GEAR OILPUMP DRIVEN","Oils & Fluids","TVS / Universal","0","2601","3060","5"
"N5090S50","SHAFT COMP SWINGARM (AIT)","General Spare Parts","TVS / Universal","0","425","500","5"
"N5090740","BUFFER CHAIN TOUCH DEFENSE","General Spare Parts","TVS / Universal","0","425","500","5"
"N5090820","CHAINCASE COMP LOWER PAINTED","General Spare Parts","TVS / Universal","0","425","500","5"
"N5090860","SHOCK ABSORBER REAR","General Spare Parts","TVS / Universal","0","11730","13800","5"
"N5091010","CHAIN COMP ADJUSTER R","General Spare Parts","TVS / Universal","0","603.5","710","5"
"N5091050","CHAIN ADJUSTER COMP L","General Spare Parts","TVS / Universal","0","875.5","1030","5"
"N5091060","SWINGARM ASSY (WITH BUSH)","General Spare Parts","TVS / Universal","0","10812","12720","5"
"N5091080","SHAFT SWINGARM COMP","General Spare Parts","TVS / Universal","0","1827.5","2150","5"
"N50910GO","CHAINCASE COMP UPPER PAINTED","General Spare Parts","TVS / Universal","0","2006","2360","5"
"N5091110","TORQUE LINK","General Spare Parts","TVS / Universal","0","1054","1240","5"
"N5091170","CLAMP CHAIN ADJUSTOR (ALTI","Electrical","TVS / Universal","0","425","500","5"
"N5100G20","HEADLAMP HSG MTG COMP","Engine","TVS / Universal","0","4420","5200","5"
"N5101200","SPACER","General Spare Parts","TVS / Universal","0","425","500","5"
"N5101580","LEG ASSY L","General Spare Parts","TVS / Universal","0","9554","11240","5"
"N51015GO","LEG ASSY R","General Spare Parts","TVS / Universal","0","38080","44800","5"
"N5101S10","UNDER BRKT COMP (ACT)","General Spare Parts","TVS / Universal","0","8687","10220","5"
"N51016400D","FENDER FRONT BLACK","General Spare Parts","TVS / Universal","0","6205","7300","5"
"N51016404D","FENDER FRONT POLY.BLACK METRO ES","General Spare Parts","TVS / Universal","0","6154","7240","5"
"N51016404L","FENDER FRONT JEWEL GREEN","General Spare Parts","TVS / Universal","0","6205","7300","5"
"N5101S406G","FENDER FRONT FLAME RED","General Spare Parts","TVS / Universal","0","3085.5","3630","5"
"N5101S4073","FENDER FRONT TEITIAN BLUE","General Spare Parts","TVS / Universal","0","5346.5","6290","5"
"N51016407M","FENDER FRONT DENIM SLUE","General Spare Parts","TVS / Universal","0","1453.5","1710","5"
"N510164093","FENDER FRONT RED PUR - STAR DLX","General Spare Parts","TVS / Universal","0","2847.5","3350","5"
"N51016409L","FENDER FRONT GREENISH GREY-STARCITY","General Spare Parts","TVS / Universal","0","6154","7240","5"
"N5101640C","FENDER FRONT SIL GREY","General Spare Parts","TVS / Universal","0","5899","6940","5"
"N5101SGO","BRACE FRONT FENDER","General Spare Parts","TVS / Universal","0","909.5","1070","5"
"N5101770","SPECIAL WASHER","General Spare Parts","TVS / Universal","0","425","500","5"
"N510181G","OUTER TUBE RH","General Spare Parts","TVS / Universal","0","4173.5","4910","5"
"N510182G","OUTER TUBE LH","General Spare Parts","TVS / Universal","0","17051","20060","5"
"N51018SG","OIL SEAL FRONT FORK","Oils & Fluids","TVS / Universal","0","2167.5","2550","5"
"N510184G","CIRCLIP","General Spare Parts","TVS / Universal","0","425","500","5"
"N510185G","PISTON FRONT FORK","Engine","TVS / Universal","0","977.5","1150","5"
"N510186G","PISTON RING FR FORK","Engine","TVS / Universal","0","425","500","5"
"N510187G","sua SPRING FRONT FORK","General Spare Parts","TVS / Universal","0","425","500","5"
"N510188G","INNER TUBE FRONT FORK","General Spare Parts","TVS / Universal","0","17051","20060","5"
"N51018GG","PACKING ALLEN BO","General Spare Parts","TVS / Universal","0","425","500","5"
"N5101GOG","HEX ALLEN SCREW","General Spare Parts","TVS / Universal","0","425","500","5"
"N5101G1G","SPINDLE TAPER","General Spare Parts","TVS / Universal","0","892.5","1050","5"
"N5101G2G","DUST SEAL","General Spare Parts","TVS / Universal","0","977.5","1150","5"
"N5101GSG","sua SPRING FRONT FORK","General Spare Parts","TVS / Universal","0","1955","2300","5"
"N5101G4G","SPRING GUIDE","General Spare Parts","TVS / Universal","0","425","500","5"
"N5101G5G","BUSH FRONT FORK","General Spare Parts","TVS / Universal","0","425","500","5"
"N5101G7G","NUT FRONT FORK","General Spare Parts","TVS / Universal","0","1343","1580","5"
"N5101G8G","3D WASHER Iff5x30x4_5 (ALTI","General Spare Parts","TVS / Universal","0","705.5","830","5"
"N5101GGG","HEX BOLT (ACT)","General Spare Parts","TVS / Universal","0","425","500","5"
"N5110210","SPACER COMP FRONT HUB","General Spare Parts","TVS / Universal","0","425","500","5"
"N5110410","SPROCKET 41","General Spare Parts","TVS / Universal","0","4224.5","4970","5"
"N51105GO","SPRING FR BRAKE CABLE","Brakes","TVS / Universal","0","425","500","5"
"N5110SSO","LEVER BRAKE CAM FR","Brakes","TVS / Universal","0","892.5","1050","5"
"N5110SGO","SPOKE OUTER FR WHEEL","General Spare Parts","TVS / Universal","0","425","500","5"
"N5110700","SPOKE INNER FR WHEEL","General Spare Parts","TVS / Universal","0","425","500","5"
"N5110740","LEVER CAM REAR","Brakes","TVS / Universal","0","425","500","5"
"N5110750","BRAKE PANEL","Brakes","TVS / Universal","0","8661.5","10190","5"
"N51107505D","BRAKE PANEL ASSY REAR","Brakes","TVS / Universal","0","7267.5","8550","5"
"N5110760","PEDAL COMP BRAKE","Brakes","TVS / Universal","0","3697.5","4350","5"
"N51107GO","THRUST WASHER GEAR SPEEDOMETER","General Spare Parts","TVS / Universal","0","425","500","5"
"N5110820","WHEEL RIM 18 x 18 - PLATED","General Spare Parts","TVS / Universal","0","8891","10460","5"
"N51108SO","WHEEL ASSY FRONT","General Spare Parts","TVS / Universal","0","33379.5","39270","5"
"N5110860","AXLE COMP FRONT (AIT)","General Spare Parts","TVS / Universal","0","1649","1940","5"
"N51108GO","SPACER COMP","General Spare Parts","TVS / Universal","0","425","500","5"
"N5110GOO","SPACER FRONT WHEEL","General Spare Parts","TVS / Universal","0","425","500","5"
"N5110G20","BRAKE PANEL COMP FR PAINTED","Brakes","TVS / Universal","0","5176.5","6090","5"
"N5110GSO","BRAKE PANEL ASSY FRONT","Brakes","TVS / Universal","0","8355.5","9830","5"
"N5110G80","WHEEL ASSY REAR","General Spare Parts","TVS / Universal","0","42585","50100","5"
"N5111010","TYRE FRONT 2_75x18","General Spare Parts","TVS / Universal","0","10327.5","12150","5"
"N5111050","AXLE REAR (AIT)","General Spare Parts","TVS / Universal","0","1963.5","2310","5"
"N5111080","SHAFT DRUM RR SPRKT MTG","General Spare Parts","TVS / Universal","0","1071","1260","5"
"BRAKE","SHOE SET N14 (AIT)","Brakes","TVS / Universal","0","3468","4080","5"
"N5111200","AXLE 10x22L5","General Spare Parts","TVS / Universal","0","425","500","5"
"N5111210","AXLE 12*275","General Spare Parts","TVS / Universal","0","1088","1280","5"
"N5111250","BRAKE SHOE SET - FRONT","Brakes","TVS / Universal","0","1232.5","1450","5"
"N51113705D","WHEEL ASSY FRONT - METRO","General Spare Parts","TVS / Universal","0","55088.5","64810","5"
"N5111510","DISC PLATE 240 4- PHOENIX","Brakes","TVS / Universal","0","10557","12420","5"
"N51115SO","CHAIN ASSY 116 PHOENIX","General Spare Parts","TVS / Universal","0","5168","6080","5"
"N51115405D","BRAKE PANEL ASSY R MATTE BLACK","Brakes","TVS / Universal","0","9154.5","10770","5"
"N51117105D","BRAKE PEDAL COMP MATTE BLACK METRO","Brakes","TVS / Universal","0","2915.5","3430","5"
"N5120010","FRAME COMP PAINTED CENTRA","General Spare Parts","TVS / Universal","0","31798.5","37410","5"
"N5120060","FOOTREST COMP FRONT (ALTI","General Spare Parts","TVS / Universal","0","4845","5700","5"
"N5120120","RU aaER FOOTREST","General Spare Parts","TVS / Universal","0","425","500","5"
"N5120160","CENTER STAND COMP","General Spare Parts","TVS / Universal","0","425","500","5"
"N51201GOOO","COVER SEAT TAIL L+TAPESET BLACK (ALTI","General Spare Parts","TVS / Universal","0","4615.5","5430","5"
"N51201G00DA","COVER SEAT TAIL L+TAPESET BLACK (ALTI","General Spare Parts","TVS / Universal","0","4615.5","5430","5"
"N51201G00DB","COVER SEAT TAIL L+TAPESET BLK GOLD (AIT)","General Spare Parts","TVS / Universal","0","4615.5","5430","5"
"N51201G04L","COVER SEAT TAILL+TAPESET JEWELGREEN (ACT)","General Spare Parts","TVS / Universal","0","4615.5","5430","5"
"N51201G06G","COVER SEAT TAIL L+TAPESET FLAME RED","General Spare Parts","TVS / Universal","0","4615.5","5430","5"
"N51201G06GA","COVER SEAT TAIL L+TAPESET RED GOLD","General Spare Parts","TVS / Universal","0","4615.5","5430","5"
"N51201G06GB","COVER SEAT TAIL LH FLAME RED SILV","General Spare Parts","TVS / Universal","0","4615.5","5430","5"
"N51201G073","COVER SEAT TAIL L+TAPESETTET-B (ALTI","General Spare Parts","TVS / Universal","0","4615.5","5430","5"
"N51201GOC","COVER SEAT TAIL L+TAPESET SIL GREY (AIT)","General Spare Parts","TVS / Universal","0","4615.5","5430","5"
"N51201GGOO","COVER SEAT TAIL LH BLACK W/O STICKE","General Spare Parts","TVS / Universal","0","4683.5","5510","5"
"N51201GG6G","COVER SEAT TAIL LH FLAME RED W/O ST","General Spare Parts","TVS / Universal","0","4029","4740","5"
"N51202000D","COVER SEAT TAIL R+TAPESET BLACK (ALTI","General Spare Parts","TVS / Universal","0","4615.5","5430","5"
"N51202000DA","COVER SEAT TAIL RH BLACK -CENTRA (ACT)","General Spare Parts","TVS / Universal","0","4615.5","5430","5"
"N51202000DB","COVER SEAT TAIL RH BLK GOLD-CENTRA (ALTI","General Spare Parts","TVS / Universal","0","4615.5","5430","5"
"N51202004L","COVER SEAT TAILR+TAPESET JEWELGREEN (AIT)","General Spare Parts","TVS / Universal","0","4615.5","5430","5"
"N51202004LA","COVER SEAT TAIL R+TAPESET J GREEN","General Spare Parts","TVS / Universal","0","2312","2720","5"
"N51202006G","COVER SEAT TAIL R+TAPESET FLAME RED","General Spare Parts","TVS / Universal","0","4615.5","5430","5"
"N51202006GA","COVER SEAT TAIL RH FLAME RED GOLD","General Spare Parts","TVS / Universal","0","425","500","5"
"N51202006GB","COVER SEAT TAIL RH FL. REDSIL-CEN","General Spare Parts","TVS / Universal","0","4615.5","5430","5"
"N512020073","COVER SEAT TAIL R+TAPESET T BLUE (AIT)","General Spare Parts","TVS / Universal","0","4615.5","5430","5"
"N5120200C","COVER SEAT TAIL R+TAPESET SIL GREY (ALTI","General Spare Parts","TVS / Universal","0","4615.5","5430","5"
"N512020GOO","COVER SEAT TAIL RH BLACK W/O STICKE","General Spare Parts","TVS / Universal","0","4683.5","5510","5"
"N512020G6G","CVR SEAT TAIL RH FLAME RED W/O STIC","General Spare Parts","TVS / Universal","0","4267","5020","5"
"N512020G73","COVER SEAT TAIL RH TEL BLUE W/O ST","General Spare Parts","TVS / Universal","0","4972.5","5850","5"
"N5120250","FENDER ASSY REAR","General Spare Parts","TVS / Universal","0","4845","5700","5"
"N51202700D","COVER CENTER SEAT TAIL+TAPESET BLK","General Spare Parts","TVS / Universal","0","1470.5","1730","5"
"N51202704L","COVER CENTER SEATTAIL+TAPESET JGRN","General Spare Parts","TVS / Universal","0","1470.5","1730","5"
"N51202706G","COVER CENTER SEAT TAIL FLAME RED","General Spare Parts","TVS / Universal","0","1470.5","1730","5"
"N512027073","COVER CEN SEAT TAIL TEITIAN BLUE","General Spare Parts","TVS / Universal","0","1470.5","1730","5"
"N5120270C","COVER CENTER SEAT TAIL+TAPESET SCRY 1,","General Spare Parts","TVS / Universal","0","510","600","5"
"N51202800D","HSG HEAD LAMP+TAPESET BLACK (ALTI","Engine","TVS / Universal","0","6681","7860","5"
"N51202800DA","HSG HEADLAMP BLACK -CENTRA (AIT)","Engine","TVS / Universal","0","6681","7860","5"
"N51202800DB","HSG HEADLAMP BLACK GOLD -CENTRA (ALTI","Engine","TVS / Universal","0","6681","7860","5"
"N51202804L","HSG HEAD LAMP+TAPESET JEWEL GREEN","Engine","TVS / Universal","0","6205","7300","5"
"N51202806G","HSG HEAD LAMP+TAPESET FLAME RED (ALTI","Engine","TVS / Universal","0","6681","7860","5"
"N51202806GA","HSG HEADLAMP FLME RED GOLD -CENTRA (ALTI","Engine","TVS / Universal","0","6681","7860","5"
"N51202806GB","HSG HEADLAMP FLME RED SILVER (ALTI","Engine","TVS / Universal","0","6681","7860","5"
"N512028073","HSG HEAD LAMP+TAPESETTEITIAN BLUE","Engine","TVS / Universal","0","6681","7860","5"
"N5120280C","HSG HEAD LAMP+TAPESET SIL GREY","Engine","TVS / Universal","0","6681","7860","5"
"N512028GOO","HSG HEADLAMP BLACK W/O STICKER","Engine","TVS / Universal","0","7735","9100","5"
"N512028G4L","HSG HEADLAMP JEW. GREEN W/O STICKER","Engine","TVS / Universal","0","7072","8320","5"
"N512028G6G","HSG HEADLAMP FLAME RED W/O STICKER","Engine","TVS / Universal","0","7735","9100","5"
"N512028G73","HSG HEADLAMP TELBLUE W/O STICKER","Engine","TVS / Universal","0","7735","9100","5"
"N5120310","BODY' FRONT FENDER REAR","General Spare Parts","TVS / Universal","0","1708.5","2010","5"
"N5120350","PILLION HANDLE","General Spare Parts","TVS / Universal","0","425","500","5"
"N5120570","HEADLAMP HOUSING REAR","Engine","TVS / Universal","0","425","500","5"
"N51207SO","PROP STAND COMP","General Spare Parts","TVS / Universal","0","1071","1260","5"
"N5120800","SPRING STOP LAMP SWITCH","Electrical","TVS / Universal","0","425","500","5"
"N5120820","GROMMET HEADLAMP","Engine","TVS / Universal","0","425","500","5"
"N5120GGG","8RKT COMP HOUSING HEADLAMP","Engine","TVS / Universal","0","425","500","5"
"N5121360","8RKT FENDER MTG REAR","General Spare Parts","TVS / Universal","0","425","500","5"
"N51215600D","COVER FRAME L+TAPESET BLACK (ALTI","General Spare Parts","TVS / Universal","0","4326.5","5090","5"
"N51215600DA","COVER FRAME LH BLACK -CENTRA (ALTI","General Spare Parts","TVS / Universal","0","4802.5","5650","5"
"N51215600DB","COVER FRAME LH BLACK GOLD- CENTRA (ALTI","General Spare Parts","TVS / Universal","0","1045.5","1230","5"
"N51215604L","COVER FRAME L+TAPESET JEWEL GREEN (ALTI","General Spare Parts","TVS / Universal","0","4326.5","5090","5"
"N51215606G","COVER FRAME L+TAPESET FLAME RED (ALTI","General Spare Parts","TVS / Universal","0","4326.5","5090","5"
"N51215606GA","COVER FRAME LH FLAME REDGOLD-CENTRA (ALTI","General Spare Parts","TVS / Universal","0","4802.5","5650","5"
"N51215606GB","COVER FRAME LH FLAME RED SILVER (AIT)","General Spare Parts","TVS / Universal","0","4802.5","5650","5"
"N512156073","COVER FRAME L+TAPESET TEITIAN BLUE (ALTI","General Spare Parts","TVS / Universal","0","4326.5","5090","5"
"N5121560C","COVER FRAME LH SILVER GRAY","General Spare Parts","TVS / Universal","0","4326.5","5090","5"
"N512156G4L","COVER FRAME L JEW. GRN W/O STICKER","General Spare Parts","TVS / Universal","0","5270","6200","5"
"N512156G6G","COVER FRAME LH F RED W/O STICKER","General Spare Parts","TVS / Universal","0","425","500","5"
"N51215700D","COVER FRAME R+TAPESET BLACK","General Spare Parts","TVS / Universal","0","4326.5","5090","5"
"N51215700DA","COVER FRAME RH BLACK - CENTRA","General Spare Parts","TVS / Universal","0","4802.5","5650","5"
"N51215700DB","COVER FRAME RH BLACK GOLD- CENTRA","General Spare Parts","TVS / Universal","0","4802.5","5650","5"
"N51215704L","COVER FRAME R+TAPESET JEWEL GREEN (AIT)","General Spare Parts","TVS / Universal","0","4326.5","5090","5"
"N51215706G","COVER FRAME RF RED GLD- CENTRA","General Spare Parts","TVS / Universal","0","4326.5","5090","5"
"N51215706GA","COVER FRAME RH FLAME REDGOLD-CENTRA","General Spare Parts","TVS / Universal","0","4802.5","5650","5"
"N51215706GB","COVER FRAME RH FLAME RED SILVER","General Spare Parts","TVS / Universal","0","4802.5","5650","5"
"N512157073","COVER FRAME R+TAPESET TEITIAN BLUE (ALTI","General Spare Parts","TVS / Universal","0","4326.5","5090","5"
"N5121570C","COVER FRAME R+TAPESET SIL GREY (ALTI","General Spare Parts","TVS / Universal","0","4326.5","5090","5"
"N512157GOO","COVER FRAME RH BLACK W/O STICKER","General Spare Parts","TVS / Universal","0","4530.5","5330","5"
"N512157G6G","COVER FRAME RH RED W/O STICKER","General Spare Parts","TVS / Universal","0","4530.5","5330","5"
"N5121SOO","SPRING CENTER STAND","General Spare Parts","TVS / Universal","0","425","500","5"
"N5121610","SPRING PROP STAND","General Spare Parts","TVS / Universal","0","425","500","5"
"N5121670","CUSHION HEADLAMP","Engine","TVS / Universal","0","425","500","5"
"N5121680","PAD HEADLAMP HOUSING","Brakes","TVS / Universal","0","425","500","5"
"N5121760","UTILITY BOX","General Spare Parts","TVS / Universal","0","425","500","5"
"N5121780","COVER SEAT TAIL CHANNEL","General Spare Parts","TVS / Universal","0","425","500","5"
"N5121810","8RKT COMP COVER SEAT TAIL","General Spare Parts","TVS / Universal","0","425","500","5"
"N5121840","PLUG TUBE","General Spare Parts","TVS / Universal","0","425","500","5"
"N5121GGO","RIDER FOOTREST COMP","General Spare Parts","TVS / Universal","0","1334.5","1570","5"
"N5122040","BUSH INNER RIDER FOOTREST","General Spare Parts","TVS / Universal","0","425","500","5"
"N5122050","BUSH RUBBER RIDER FOOTREST","General Spare Parts","TVS / Universal","0","425","500","5"
"N5122070","RIDER FOOTREST ASSY","General Spare Parts","TVS / Universal","0","4836.5","5690","5"
"N51225GOCN","CABLE GUIDE","Electrical","TVS / Universal","0","425","500","5"
"N5122610","FRAME COMP PHOENIX","General Spare Parts","TVS / Universal","0","60826","71560","5"
"N5122650","PILLION FOOTREST COMP L (AIT)","General Spare Parts","TVS / Universal","0","688.5","810","5"
"N5122S80","PILLION FOOTREST COMP R (ALTI","General Spare Parts","TVS / Universal","0","739.5","870","5"
"N5122700","RIDER FOOTREST SUB ASSY","General Spare Parts","TVS / Universal","0","5049","5940","5"
"N5122710","BAR COMP RIDER FOOTREST","General Spare Parts","TVS / Universal","0","2278","2680","5"
"N5122850","FRAME, M/cycLE COMP PAINTED","General Spare Parts","TVS / Universal","0","35156","41360","5"
"N5122880","RIDER FOOTREST ASSY METRO +","General Spare Parts","TVS / Universal","0","8925","10500","5"
"N5122G50","8RKT COVER FRAMECOM","General Spare Parts","TVS / Universal","0","382.5","450","5"
"N5122G70","RIDER FOOTREST COMP METRO +","General Spare Parts","TVS / Universal","0","5270","6200","5"
"N51230GO","8RKT SEAT MTG REAR","General Spare Parts","TVS / Universal","0","425","500","5"
"N512610","OTHER PARTS","General Spare Parts","TVS / Universal","0","425","500","5"
"N5130010","SEAT ASSY","General Spare Parts","TVS / Universal","0","21777","25620","5"
"N51300SO","SEAT BASE","General Spare Parts","TVS / Universal","0","5380.5","6330","5"
"N5130040","COVER COMP SEAT CENTRA","General Spare Parts","TVS / Universal","0","3638","4280","5"
"N5130140","SEAT BASE","General Spare Parts","TVS / Universal","0","4139.5","4870","5"
"N5130160","COVER COMP SEAT","General Spare Parts","TVS / Universal","0","2992","3520","5"
"N5130170","SEAT COMP ASSY","General Spare Parts","TVS / Universal","0","11500.5","13530","5"
"N5140070","CAP ASSY FUEL TANK","General Spare Parts","TVS / Universal","0","7072","8320","5"
"N5140140","FUEL GAUGE ASSY","General Spare Parts","TVS / Universal","0","807.5","950","5"
"N5140150","FUEL HOSE ASSY","General Spare Parts","TVS / Universal","0","637.5","750","5"
"N5140160","STICKER PROTECTION","General Spare Parts","TVS / Universal","0","425","500","5"
"N51402SOOO","TANK COMP FUEL+TAPESET BLACK","General Spare Parts","TVS / Universal","0","38343.5","45110","5"
"N51402SOODA","TANK COMP FUEL BLACK NEW -CENTRA","General Spare Parts","TVS / Universal","0","38343.5","45110","5"
"N51402300DB","TANK COMP FUEL BLACK GOLD-CENTRA","General Spare Parts","TVS / Universal","0","33065","38900","5"
"N51402304L","TANK COMP FUEL+TAPESET JEWEL GREEN","General Spare Parts","TVS / Universal","0","38343.5","45110","5"
"N51402S06G","TANK COMP FUEL+TAPESET FLAME RED","General Spare Parts","TVS / Universal","0","38343.5","45110","5"
"N51402S06GA","TANK COMP FUEL FLAME RED GOLD-CENT","General Spare Parts","TVS / Universal","0","38343.5","45110","5"
"N51402306GB","TANK COMP FUEL FLAME RED SILVER","General Spare Parts","TVS / Universal","0","38343.5","45110","5"
"N514023073","TANK COMP FUEL+TAPESET TEITIAN BLUE","General Spare Parts","TVS / Universal","0","38343.5","45110","5"
"N51402SOC","TANK COMP FUEL+TAPESET SIL GREY","General Spare Parts","TVS / Universal","0","38343.5","45110","5"
"N51402SGOO","TANK COMP FUEL BLACK W/O STICKER","General Spare Parts","TVS / Universal","0","33082","38920","5"
"N51402SG6G","TANK COMP FUEL FL. RED W/O STICKER","General Spare Parts","TVS / Universal","0","38360.5","45130","5"
"N5140250","FUEL COCK ASSY","General Spare Parts","TVS / Universal","0","3502","4120","5"
"N51403004C","FUEL TANK COMP +TAPESET VRED-PH125","General Spare Parts","TVS / Universal","0","46622.5","54850","5"
"N51403004D","FUEL TANK COM+TAPESET BLK+SlL-PH125","General Spare Parts","TVS / Universal","0","42415","49900","5"
"N51403004DA","FUEL TANK COMP+TAPESETBLK+RED-PH125","General Spare Parts","TVS / Universal","0","42415","49900","5"
"N5140300DB","FUEL TANK COMP+TAPESET W GREY-PH125","General Spare Parts","TVS / Universal","0","15563.5","18310","5"
"N5140300EL","FUEL TANK COMP +TAPESET GREEN-PH125","General Spare Parts","TVS / Universal","0","43843","51580","5"
"N5140370","FUEL COCK ASSY WITH HOSES PHOENIX","General Spare Parts","TVS / Universal","0","2193","2580","5"
"N5140660","CAP FUEL TANK","General Spare Parts","TVS / Universal","0","1.7","2","5"
"N5140680","HOSE ROLL OVER VALVE","Engine","TVS / Universal","0","1.7","2","5"
"N5140SGO","HOSE PURGE VALVE","Engine","TVS / Universal","0","425","500","5"
"N51407504CA","FUEL TANK COMP VOLCANO RED BS4","General Spare Parts","TVS / Universal","0","41140","48400","5"
"N51407504DC","FUEL TANK COMP BK-RED BS4","General Spare Parts","TVS / Universal","0","36235.5","42630","5"
"N51407504DD","FUEL TANK COMP BK-3LUE 3S4","General Spare Parts","TVS / Universal","0","31637","37220","5"
"N5140800","HOSE CARBURETTOR","General Spare Parts","TVS / Universal","0","425","500","5"
"N51408504D","FUEL TANK COMP EXP+TAPESET aLK+RED","General Spare Parts","TVS / Universal","0","13277","15620","5"
"N51408504DA","FUEL TANK COMP EXP+TAPESET aLK+BLUE","General Spare Parts","TVS / Universal","0","35623.5","41910","5"
"N51408504DB","FUEL TANK COMP EXP+TAPESET aLK+WHlT","General Spare Parts","TVS / Universal","0","12733","14980","5"
"N5140G20","FUEL COCK ASSY","General Spare Parts","TVS / Universal","0","1895.5","2230","5"
"N5150010","SPEEDOMETER ASSY (ALTI","General Spare Parts","TVS / Universal","0","18853","22180","5"
"N51500SO","HANDLE BAR","General Spare Parts","TVS / Universal","0","2864.5","3370","5"
"N5150040","SWITCH ASSY HANDLE L","Electrical","TVS / Universal","0","5975.5","7030","5"
"N5150070","MIRROR ASSY L","General Spare Parts","TVS / Universal","0","2193","2580","5"
"N5150070L","MIRROR ASSY L","General Spare Parts","TVS / Universal","0","425","500","5"
"N5150080","MIRROR ASSY R","General Spare Parts","TVS / Universal","0","2380","2800","5"
"N5150080L","MIRROR ASSY R","General Spare Parts","TVS / Universal","0","425","500","5"
"N51500GO","LEVER AND SUPPORT ASSY","General Spare Parts","TVS / Universal","0","2057","2420","5"
"N5150100","8RKT LEVER LH","General Spare Parts","TVS / Universal","0","841.5","990","5"
"N5150110","LEVER CLUTCH 1,","General Spare Parts","TVS / Universal","0","246.5","290","5"
"N5150120","CLUTCH LEVER","General Spare Parts","TVS / Universal","0","425","500","5"
"N51501SO","BRACKET LEVER LH NEW","General Spare Parts","TVS / Universal","0","807.5","950","5"
"N5150140","LEVER ASSY CLUTCH 1,","General Spare Parts","TVS / Universal","0","510","600","5"
"N5150150","BRAKE LEVER","Brakes","TVS / Universal","0","765","900","5"
"N5150160","BRACKET LEVER RH NEW","General Spare Parts","TVS / Universal","0","425","500","5"
"N51501605D","HOLDER BRAKE LEVER MATTE BLACK","Brakes","TVS / Universal","0","2142","2520","5"
"N5150170","LEVER ASSY BRAKE 1,","Brakes","TVS / Universal","0","425","500","5"
"N51501705D","LEVER ASSY BRAKE MATTE BLACK","Brakes","TVS / Universal","0","1300.5","1530","5"
"N5150180","SPEEDOMETER ASSY NEW","General Spare Parts","TVS / Universal","0","18853","22180","5"
"N51502005R","MIRROR ASSY LH GOLD -CENTRA DLX","General Spare Parts","TVS / Universal","0","2252.5","2650","5"
"N51502008G","MIRROR ASSY L HG BLACK RUSSET","General Spare Parts","TVS / Universal","0","2252.5","2650","5"
"N5150200C","MIRROR ASSY L SILVER","General Spare Parts","TVS / Universal","0","2252.5","2650","5"
"N51502105R","MIRROR ASSY RH GOLD","General Spare Parts","TVS / Universal","0","425","500","5"
"N51502108G","MIRROR ASSY RH HG BLACK RUSSET","General Spare Parts","TVS / Universal","0","2252.5","2650","5"
"N5150210C","MIRROR ASSY RH SILVER","General Spare Parts","TVS / Universal","0","2252.5","2650","5"
"N5150260","HANDLE BARSUB ASSY DRUM ES","General Spare Parts","TVS / Universal","0","19949.5","23470","5"
"N5150300","LOCK SET ES","General Spare Parts","TVS / Universal","0","9579.5","11270","5"
"N5150360","COVER HANDLE BAR","General Spare Parts","TVS / Universal","0","425","500","5"
"N5150370","CAP HANDLE BAR","General Spare Parts","TVS / Universal","0","425","500","5"
"N5150460","LOCK SET METRO +","General Spare Parts","TVS / Universal","0","8831.5","10390","5"
"N5160010","HEADLAMP ASSY","Engine","TVS / Universal","0","7029.5","8270","5"
"N5160010E","HEADLAMP ASSY","Engine","TVS / Universal","0","4386","5160","5"
"N5160020","LAMP ASSY REAR","Electrical","TVS / Universal","0","3272.5","3850","5"
"N5160020E","LAMP ASSY REAR","Electrical","TVS / Universal","0","1768","2080","5"
"N51600SO","WIRING HARNESS","General Spare Parts","TVS / Universal","0","425","500","5"
"N51600GO","TURN SIGNAL ASSY FRONT LH","General Spare Parts","TVS / Universal","0","1887","2220","5"
"N51600GOE","TURN SIGNAL ASSY FRONT LH","General Spare Parts","TVS / Universal","0","977.5","1150","5"
"N5160100","TURN SIGNAL ASSY FRONT RH","General Spare Parts","TVS / Universal","0","1887","2220","5"
"N5160100E","TURN SIGNAL ASSY FRONT RH","General Spare Parts","TVS / Universal","0","977.5","1150","5"
"N5160140","THROTTLE POTENTIOMETER","General Spare Parts","TVS / Universal","0","1827.5","2150","5"
"N5160160","SWITCH SET STOP LAMP","Electrical","TVS / Universal","0","824.5","970","5"
"N5160170","ACTUATOR ASSY","General Spare Parts","TVS / Universal","0","4275.5","5030","5"
"N5160220","HORN ASSY (AIT)","Electrical","TVS / Universal","0","2652","3120","5"
"N51602SO","STEERING & IGNITION LOCK","General Spare Parts","TVS / Universal","0","4343.5","5110","5"
"N5160240","ELECTRONIC BEEPER","General Spare Parts","TVS / Universal","0","2006","2360","5"
"N5160260","LENS TURN SIGNAL DAMP","General Spare Parts","TVS / Universal","0","425","500","5"
"N5160270","LENS RC LAMP","Electrical","TVS / Universal","0","909.5","1070","5"
"N5160300","TURN SIGNAL ASSY REAR LH","General Spare Parts","TVS / Universal","0","1666","1960","5"
"N5160300E","TURN SIGNAL ASSY REAR LH","General Spare Parts","TVS / Universal","0","977.5","1150","5"
"N5160310","TURN SIGNAL ASSY REAR","General Spare Parts","TVS / Universal","0","1309","1540","5"
"N5160310E","TURN SIGNAL ASSY REAR","General Spare Parts","TVS / Universal","0","977.5","1150","5"
"N51603SO","CUSHION RC LAMP","Electrical","TVS / Universal","0","425","500","5"
"N5160340","WIRING HARNESS NEW - CENTRA","General Spare Parts","TVS / Universal","0","6732","7920","5"
"N5160360","TURN SIGNAL FRONT","General Spare Parts","TVS / Universal","0","1691.5","1990","5"
"N5160370","TURN SIGNAL FRONT RH","General Spare Parts","TVS / Universal","0","1623.5","1910","5"
"N5160380","TURN SIGNAL REAR LB-CENTRA DLX","General Spare Parts","TVS / Universal","0","1691.5","1990","5"
"N51603GO","TURN SIGNAL REAR RH-CENTRA DLX","General Spare Parts","TVS / Universal","0","1691.5","1990","5"
"N5160470","WIRING HARNESS ES - METRO","General Spare Parts","TVS / Universal","0","11067","13020","5"
"N5160510","FUEL SENDER ASSY","General Spare Parts","TVS / Universal","0","3026","3560","5"
"N5160570","FUEL SENDER ASSY - METRO","General Spare Parts","TVS / Universal","0","3000.5","3530","5"
"N5160660","WIRING HARNESS ES","General Spare Parts","TVS / Universal","0","11840.5","13930","5"
"N5160S80","POSITION LAMP ASSY L PHOENIX","Electrical","TVS / Universal","0","2779.5","3270","5"
"N5160SGO","POSITION LAMP ASSY R PHOENIX","Electrical","TVS / Universal","0","2779.5","3270","5"
"N5160710","SWITCH ASSY L","Electrical","TVS / Universal","0","5491","6460","5"
"N5160720","SWITCH ASSY R","Electrical","TVS / Universal","0","4080","4800","5"
"N5160750","SWITCH ASSY RH","Electrical","TVS / Universal","0","4505","5300","5"
"N5160780","HORN ASSY","Electrical","TVS / Universal","0","2907","3420","5"
"N5161000","CORD SET TAIL LAMP","Electrical","TVS / Universal","0","739.5","870","5"
"N5170020","CABLE ASSY FR BRAKE","Brakes","TVS / Universal","0","1776.5","2090","5"
"N5170020S","CABLE ASSY FR BRAKE","Brakes","TVS / Universal","0","697","820","5"
"N51700SO","CABLE ASSY CLUTCH","Electrical","TVS / Universal","0","1445","1700","5"
"N51700SOS","CABLE ASSY CLUTCH","Electrical","TVS / Universal","0","892.5","1050","5"
"N5170040","CABLE ASSY THROTTLE","Electrical","TVS / Universal","0","2244","2640","5"
"N5170040S","CABLE ASSY THROTTLE","Electrical","TVS / Universal","0","790.5","930","5"
"N5170060","CABLE ASSY SPEEDOMETER","Electrical","TVS / Universal","0","425","500","5"
"N5170070","CLAMP CABLES","Electrical","TVS / Universal","0","425","500","5"
"N5170080S","SPEEDO CABLE INNER CENTRA","Electrical","TVS / Universal","0","603.5","710","5"
"N5170120","CABLE THROTTLE PHOENIX","Electrical","TVS / Universal","0","1020","1200","5"
"N51701SO","CABLE ASSY CHOKE 6175 545 PHOENI","Electrical","TVS / Universal","0","1283.5","1510","5"
"N5170140","CABLE ASSY CLUTCH PHOENIX","Electrical","TVS / Universal","0","1436.5","1690","5"
"N5180000","ENGINE ASSY - CENTRA","Engine","TVS / Universal","0","359830.5","423330","5"
"N5180020","ENGINE ASSY CENTRA","Engine","TVS / Universal","0","892.5","1050","5"
"N52000SO","SPLIT WASHER","General Spare Parts","TVS / Universal","0","425","500","5"
"N52002GO","HEX SOC HD CAP SCREW M8x60 (AIT)","General Spare Parts","TVS / Universal","0","425","500","5"
"N52003GO","HEX BOLT MIOX1.25X27 88 ZNK (ALTI","General Spare Parts","TVS / Universal","0","425","500","5"
"N52004GO","CRR PAN HD SCREW M5X20","General Spare Parts","TVS / Universal","0","425","500","5"
"N5200SSO","COTTER PIN BRAKE PEDAL","Brakes","TVS / Universal","0","425","500","5"
"N52101GO","TAPE SET FLAME RED - CENTRA","General Spare Parts","TVS / Universal","0","8389.5","9870","5"
"N52105GO","BLANK KEY","General Spare Parts","TVS / Universal","0","425","500","5"
"N5210SSO","STICKER INFO","General Spare Parts","TVS / Universal","0","425","500","5"
"N52202GO","COVER HANDLE BAR","General Spare Parts","TVS / Universal","0","909.5","1070","5"
"N52204004CB","HSG HEADLAMP FR+TAPESET VOLCANO RED","Engine","TVS / Universal","0","9273.5","10910","5"
"N52204004DA","HSG HEAD LAMP aLK+GRN - METRO ES","Engine","TVS / Universal","0","7531","8860","5"
"N52204004DC","HSG HEADLAMP FR.T.SET KS 3LK+8LUE S","Engine","TVS / Universal","0","7267.5","8550","5"
"N52204004DE","HSG HEADLAMP FR+TAPESET POLY BLACK","Engine","TVS / Universal","0","8015.5","9430","5"
"N52204004DF","HSG HEADLAMP FRONT TAPESET aK-3LUE","Engine","TVS / Universal","0","9205.5","10830","5"
"N52204004DH","HSG HEADLAMP FR+TAPESET POLY BLACK","Engine","TVS / Universal","0","8755","10300","5"
"N52204006G","HSG HEAD LAMP F RED METRO ES","Engine","TVS / Universal","0","8262","9720","5"
"N5220400DBA","HSG HEADLAMP FR+TAPESET MERCURY GRE","Engine","TVS / Universal","0","6366.5","7490","5"
"N52204404C","COVER FRAME L+TAPESET V.RED - PH125","General Spare Parts","TVS / Universal","0","4862","5720","5"
"N52204404DA","CVR FRAME L+TAPESET BLK+RED - PH125","General Spare Parts","TVS / Universal","0","4862","5720","5"
"N5220440EL","COVER FRAME L+TAPESET GREEN - PH125","General Spare Parts","TVS / Universal","0","4862","5720","5"
"N52204504C","COVER FRAME R+TAPESET VAED - PH125","General Spare Parts","TVS / Universal","0","425","500","5"
"N52204504DA","CVR FRAME R+TAPESET 8LK+RED - PH125","General Spare Parts","TVS / Universal","0","4862","5720","5"
"N5220450EL","COVER FRAME R+TAPESET GREEN - PH125","General Spare Parts","TVS / Universal","0","4862","5720","5"
"N52204804C","TAIL COVER L+TAPESET VRED - PH125","General Spare Parts","TVS / Universal","0","2235.5","2630","5"
"N52204804DA","TAIL CVR L+TAPESET aLK+RED - PH125","General Spare Parts","TVS / Universal","0","5312.5","6250","5"
"N5220480EL","TAIL COVER L+TAPESET GREEN - PH125","General Spare Parts","TVS / Universal","0","3315","3900","5"
"N52204G04C","TAIL COVER R+TAPESET V.RED - PH125","General Spare Parts","TVS / Universal","0","7913.5","9310","5"
"N52204G04DA","TAIL CVR R+TAPESET aLK+RED - PH125","General Spare Parts","TVS / Universal","0","7956","9360","5"
"N52204GOEL","TAIL COVER R+TAPESET GREEN - PH125","General Spare Parts","TVS / Universal","0","7403.5","8710","5"
"N52205104C","TAIL COVER CENTER+LOGO V.RED -PH125 (AIT)","General Spare Parts","TVS / Universal","0","671.5","790","5"
"N5220510EL","TAIL CVR CENTER+LOGO GREEN - PH125 (ALTI","General Spare Parts","TVS / Universal","0","425","500","5"
"N522051G4C","TAIL COVER CENTER VOL RED117 236 PH","General Spare Parts","TVS / Universal","0","680","800","5"
"N522051GEL","TAIL COVER CENTER GREEN","General Spare Parts","TVS / Universal","0","425","500","5"
"N52205604C","HSG HEADLAMP FRONT VRED - PH125","Engine","TVS / Universal","0","10361.5","12190","5"
"N52205604DA","HSG HEADLAMP FRONT BLK+RED- PH125","Engine","TVS / Universal","0","8814.5","10370","5"
"N5220560EL","HSG HEADLAMP FRONT c.GREEN - PH125","Engine","TVS / Universal","0","8814.5","10370","5"
"N52206104CB","COVER FRAME INNER LH+TAPESET VOLCAN","General Spare Parts","TVS / Universal","0","1827.5","2150","5"
"N5220S104DA","CVR FRAME INNER L *TAPE SET aLK+GRN","General Spare Parts","TVS / Universal","0","2397","2820","5"
"N52206104DC","COVER FRAME INNER L+TAPESET 3LK+8LU","General Spare Parts","TVS / Universal","0","867","1020","5"
"N52206104DF","COVER FRAME INNER LH TAPESET 8K-RED","General Spare Parts","TVS / Universal","0","790.5","930","5"
"N5220S104DG","COVER FRAME INNER LH TAPESET 8K-BLU","General Spare Parts","TVS / Universal","0","425","500","5"
"N5220S106G","CVR FRAME INNER L + TAPE SET FL RED","General Spare Parts","TVS / Universal","0","1513","1780","5"
"N52206204CB","COVER FRAME INNER RH+TAPESET VOLCAN","General Spare Parts","TVS / Universal","0","1827.5","2150","5"
"N5220S204DA","CVR FRAME INNER R *TAPE SET BLK+GRN","General Spare Parts","TVS / Universal","0","2711.5","3190","5"
"N52206204DC","COVER FRAME INNER R + TAPESET aLK+a","General Spare Parts","TVS / Universal","0","1156","1360","5"
"N52206204DE","COVER FRAME INNER RH TAPESET BK-RED","General Spare Parts","TVS / Universal","0","425","500","5"
"N5220S204DF","COVER FRAME INNER RH TAPESET BK-aLU","General Spare Parts","TVS / Universal","0","1776.5","2090","5"
"N5220S206G","CVR FRAME INNER R + TAPE SET FL RED","General Spare Parts","TVS / Universal","0","1674.5","1970","5"
"N5220SS04DA","VISOR+LOGO PHOENIX","General Spare Parts","TVS / Universal","0","4131","4860","5"
"N5221GOO","PAD CUSHION 15 8- PHOENIX","Brakes","TVS / Universal","0","425","500","5"
"N52246002C","COVER FRAME TOP LH SIVER METALIC","General Spare Parts","TVS / Universal","0","425","500","5"
"N52246102C","COVER FRAME TOP RH SILVER METALIC","General Spare Parts","TVS / Universal","0","1088","1280","5"
"N5225G801F","COVER FRAME FRONT LH C WHITE STRYKE","General Spare Parts","TVS / Universal","0","5329.5","6270","5"
"N5225G804CB","COVER FRAME FRONT LH VOL RED STRYKE","General Spare Parts","TVS / Universal","0","5329.5","6270","5"
"N5225GG013","COVER FRAME FRONT RH MET BLUE STRYK","General Spare Parts","TVS / Universal","0","5329.5","6270","5"
"N5225GG01F","COVER FRAME FRONT HR C WHITE STRYKE","General Spare Parts","TVS / Universal","0","5329.5","6270","5"
"N5225GG04CB","COVER FRAME FRONT RH VAL RED STRYKE","General Spare Parts","TVS / Universal","0","1598","1880","5"
"N522600GOO","COVER FRAME REAR LH GREY STRYKER 4 ,","General Spare Parts","TVS / Universal","0","799","940","5"
"N522601GOO","COVER FRAME REAR RH BLACK STRYKER","General Spare Parts","TVS / Universal","0","4097","4820","5"
"N522602000C","TAIL COVER LH BLACK RED STRYKER","General Spare Parts","TVS / Universal","0","2278","2680","5"
"N52260SOOOC","TAIL COVER RH BLACK RED STRYKER 2,","General Spare Parts","TVS / Universal","0","501.5","590","5"
"N52260GO","PILLION FOOTREST COMP R","General Spare Parts","TVS / Universal","0","6315.5","7430","5"
"N52263G01F","HSG HEADLAMP LH C WHITE STRYKER","Engine","TVS / Universal","0","1751","2060","5"
"N52263G04C","HSG H.LAMP LH VOLC.RED STRYKER","Electrical","TVS / Universal","0","1768","2080","5"
"N52264001F","HSG HEADLAMP RH C WHITE STRYKER","Engine","TVS / Universal","0","1751","2060","5"
"N52264004C","HSG H.LAMP RH VOLC_ RED STRYKER","Electrical","TVS / Universal","0","1802","2120","5"
"N522G57G1F","FENDER FRONT C WHITE","General Spare Parts","TVS / Universal","0","8143","9580","5"
"N522G57G4C","FENDER FRONT VOLCANO RED","General Spare Parts","TVS / Universal","0","3697.5","4350","5"
"N522GSGO","HOUSING HEADLAMP REAR","Engine","TVS / Universal","0","425","500","5"
"N522GGGO","TAIL ASSY","General Spare Parts","TVS / Universal","0","10557","12420","5"
"N5300020E","CRASH GUARD COMP - CENTRA","General Spare Parts","TVS / Universal","0","2269.5","2670","5"
"N53201GO","ADJUSTER PISTON VALVE","Engine","TVS / Universal","0","654.5","770","5"
"N53202GO","LEVER CHOKE","General Spare Parts","TVS / Universal","0","1810.5","2130","5"
"N5320360L","CHAIN & SPROCKET KIT -CENTRA","General Spare Parts","TVS / Universal","0","3646.5","4290","5"
"N53205GO","BOTTOM COVER SPEEDOMETER","General Spare Parts","TVS / Universal","0","688.5","810","5"
"N5320SOO","8RKT SPEEDOMETER","General Spare Parts","TVS / Universal","0","1079.5","1270","5"
"N5320SSO","O RING KIT ENGINE","Engine","TVS / Universal","0","425","500","5"
"N5320670E","CLUTCH PLATE SET DRIVE","General Spare Parts","TVS / Universal","0","4556","5360","5"
"N5320S80E","CLUTCH PLATE SET DRIVEN (METAL)","General Spare Parts","TVS / Universal","0","3927","4620","5"
"N5320SGO","WIRING HARNESS (SPEEDOMETER)","General Spare Parts","TVS / Universal","0","3383","3980","5"
"N53217GO","PISTON VALVE","Engine","TVS / Universal","0","2754","3240","5"
"N53218GO","JET NEEDLE","General Spare Parts","TVS / Universal","0","2295","2700","5"
"N5321GOO","E-RING NEEDLE JET","General Spare Parts","TVS / Universal","0","425","500","5"
"N5321GSO","PLUNGER ASSY","General Spare Parts","TVS / Universal","0","425","500","5"
"N53220GO","SHIM JET NEEDLE","General Spare Parts","TVS / Universal","0","425","500","5"
"N53222GO","NEEDLE JET HOLDER","General Spare Parts","TVS / Universal","0","1487.5","1750","5"
"N6010160","GUIDE CAMCHAIN","Brakes","TVS / Universal","0","425","500","5"
"N6010170","TENSIONER CAMCHAIN","Brakes","TVS / Universal","0","425","500","5"
"N6010220","COVER CYL HD 1","General Spare Parts","TVS / Universal","0","2907","3420","5"
"N60102SO","CYLINDER HEAD ASSY 1","Engine","TVS / Universal","0","37918.5","44610","5"
"N6010280","ARM ROCKER VALVE (ROLLER) ASSY INT","Engine","TVS / Universal","0","3782.5","4450","5"
"N6010320","CYLINDER HEAD ASSY WITHOUT SAI","Engine","TVS / Universal","0","36779.5","43270","5"
"N6010340","SPRING ROCKER ARM","General Spare Parts","TVS / Universal","0","425","500","5"
"N60201SO","COLLAR NUT","General Spare Parts","TVS / Universal","0","425","500","5"
"N6020210","PISTON ASSEMBLY","Engine","TVS / Universal","0","4454","5240","5"
"N60202GO","PISTON ASSEMBLY","Engine","TVS / Universal","0","5882","6920","5"
"N6030070","COVER OIL GALLERY","Oils & Fluids","TVS / Universal","0","1870","2200","5"
"N6030080","GASKET OIL GALLERY","Oils & Fluids","TVS / Universal","0","425","500","5"
"N6030160","CRANKCASE L","Engine","TVS / Universal","0","14603","17180","5"
"N60301GO","CRANKCASE R","Engine","TVS / Universal","0","14144","16640","5"
"N6030250","COVER MAGNETO","General Spare Parts","TVS / Universal","0","4173.5","4910","5"
"N6030260","GASKET CLUTCH COVER","Engine","TVS / Universal","0","425","500","5"
"N6030270","GASKET MAGNETO COVER","Engine","TVS / Universal","0","425","500","5"
"N6030280","GASKET CRANKCASE","Engine","TVS / Universal","0","425","500","5"
"N60303SO","COVER CLUTCH","General Spare Parts","TVS / Universal","0","10183","11980","5"
"N6030380","COVER CLUTCH COVER FRONT POLYPROPLN","General Spare Parts","TVS / Universal","0","824.5","970","5"
"N60404SO","HOSE BREATHER PCV","General Spare Parts","TVS / Universal","0","425","500","5"
"N6040500","CASE AIR CLEANER COMP","Filters","TVS / Universal","0","1929.5","2270","5"
"N60405SO","SEAL AIR CLEANER","Filters","TVS / Universal","0","425","500","5"
"N6040550","HOSE BREATHER PCV","General Spare Parts","TVS / Universal","0","425","500","5"
"N6040620","FILTER HOLDER COMP","Filters","TVS / Universal","0","2116.5","2490","5"
"N6040SSO","COVER AIR CLEANER","Filters","TVS / Universal","0","425","500","5"
"N60407SO","BODY' THROTTLE ASSY","General Spare Parts","TVS / Universal","0","17833","20980","5"
"N6040800","TUBE OUTLET","General Spare Parts","TVS / Universal","0","425","500","5"
"N6040810","AIR CLEANER ASSY NS60c","Filters","TVS / Universal","0","6468.5","7610","5"
"N6040820","PIPE INTAKE COMP","General Spare Parts","TVS / Universal","0","1929.5","2270","5"
"N6040850","CAP INJECTOR ASSY","General Spare Parts","TVS / Universal","0","425","500","5"
"N6040860","COVER INJECTOR","General Spare Parts","TVS / Universal","0","425","500","5"
"N6040870","SEAL AIR CLEANER","Filters","TVS / Universal","0","0.85","1","5"
"N60408GO","COVER AIR INLET","General Spare Parts","TVS / Universal","0","425","500","5"
"N60500GO","END CAP COVER","General Spare Parts","TVS / Universal","0","425","500","5"
"N60503SO","GUARD EXHAUST FRONT","General Spare Parts","TVS / Universal","0","425","500","5"
"N6050340","GUARD EXHAUST REAR","General Spare Parts","TVS / Universal","0","1742.5","2050","5"
"N6050410","MUFFLER SUB ASSY","General Spare Parts","TVS / Universal","0","74137","87220","5"
"N6050500","GUARD EXHAUST","General Spare Parts","TVS / Universal","0","425","500","5"
"N6060120","GEAR SHIFT pos SENSOR","Electrical","TVS / Universal","0","1615","1900","5"
"N6060180","SPEED SENSOR","Electrical","TVS / Universal","0","4267","5020","5"
"N60601GO","STARTER GENERATOR EFI","General Spare Parts","TVS / Universal","0","20952.5","24650","5"
"N6060210","EFI INJECTOR","General Spare Parts","TVS / Universal","0","8925","10500","5"
"N606022G","ECU UNIT BASIC","General Spare Parts","TVS / Universal","0","26758","31480","5"
"N6060340","IGNITION COIL ASSY","Oils & Fluids","TVS / Universal","0","4454","5240","5"
"N606052G","ECU UNIT BASE UNIT","General Spare Parts","TVS / Universal","0","32538","38280","5"
"N60605GO","STARTER GENERATOR","General Spare Parts","TVS / Universal","0","19422.5","22850","5"
"N6070010","INTEGRATED SPACER CLUTCH - JIVE & S","General Spare Parts","TVS / Universal","0","1105","1300","5"
"N6070110","CENTER ASSY MANUAL","General Spare Parts","TVS / Universal","0","6528","7680","5"
"N6070150","8RKT CLUTCH CABLE","Electrical","TVS / Universal","0","425","500","5"
"N6070170","ROD CLUTCH RELEASE COMP","General Spare Parts","TVS / Universal","0","782","920","5"
"N6070180","CENTER ASSY MANUAL","General Spare Parts","TVS / Universal","0","9843","11580","5"
"N6080040","PLUG OIL DRAIN","Oils & Fluids","TVS / Universal","0","646","760","5"
"N6080120","CLAMP GEARSHIFT SWITCH","Electrical","TVS / Universal","0","425","500","5"
"N6080200","GEAR PRIMARY DRIVEN ASSYI","General Spare Parts","TVS / Universal","0","11577","13620","5"
"N6080250","COUNTER SHAFT","General Spare Parts","TVS / Universal","0","3927","4620","5"
"N6080260","GEAR 1st DRIVEN 1","General Spare Parts","TVS / Universal","0","2456.5","2890","5"
"N6080270","GEAR 1st DRIVEN BUSH","General Spare Parts","TVS / Universal","0","425","500","5"
"N60802GO","DRIVE SHAFT","General Spare Parts","TVS / Universal","0","4326.5","5090","5"
"N6080350","SPACER CLUTCH","General Spare Parts","TVS / Universal","0","425","500","5"
"N6080360","GEAR PRIMARY DRIVEN ASSY","General Spare Parts","TVS / Universal","0","8891","10460","5"
"N6080460","STOPPER COMP GEARSHIFT","General Spare Parts","TVS / Universal","0","425","500","5"
"N6080470","CAM GEARSHIFT","Brakes","TVS / Universal","0","2754","3240","5"
"N6080480","FORK GEARSHIFT HIGH SPEED 1,","General Spare Parts","TVS / Universal","0","501.5","590","5"
"N60804GO","FORK GEARSHIFT NOI","General Spare Parts","TVS / Universal","0","1283.5","1510","5"
"N6080500","GUIDE SPRING","General Spare Parts","TVS / Universal","0","425","500","5"
"N6080560","INDEX STAR ASSY","General Spare Parts","TVS / Universal","0","425","500","5"
"N60805GO","SHAFT COMP GEARSHIFT ASSY","General Spare Parts","TVS / Universal","0","2618","3080","5"
"N6080SOO","SPRING GEARSHIFT CAM STOPPER","Brakes","TVS / Universal","0","425","500","5"
"N6080S50","LEVER GEARSHIFT ASSY","General Spare Parts","TVS / Universal","0","1232.5","1450","5"
"N6080660","STOPPER GEARSHIFT SPRING","General Spare Parts","TVS / Universal","0","425","500","5"
"N6080S70","COVER ENGINE SPROCKET","Engine","TVS / Universal","0","425","500","5"
"N6080780","JET OIL SPRAY","Oils & Fluids","TVS / Universal","0","425","500","5"
"N6080800","RETAINER OILSEAL DRIVESHAFT","Oils & Fluids","TVS / Universal","0","425","500","5"
"N6080810","GEAR SHIFT LINKAGE ASSY","General Spare Parts","TVS / Universal","0","2941","3460","5"
"N6080820","INK GEARSHIFT SHAFT ASSY","General Spare Parts","TVS / Universal","0","739.5","870","5"
"N6080840","STUD GEARSHIFT","General Spare Parts","TVS / Universal","0","425","500","5"
"N6080850","CONTACT GEAR SHIFT SWITCH","Electrical","TVS / Universal","0","425","500","5"
"N6080860","SPROCKET","General Spare Parts","TVS / Universal","0","11.9","14","5"
"N6080870","STRIP DEFLECTOR","General Spare Parts","TVS / Universal","0","425","500","5"
"N6080G50","SPACER CLUTCH","General Spare Parts","TVS / Universal","0","824.5","970","5"
"N6080GSO","SPACER PRIMARY DRIVEN GEAR","General Spare Parts","TVS / Universal","0","765","900","5"
"N6090SSO","SWINGARM SUB ASSY DRUM","General Spare Parts","TVS / Universal","0","17297.5","20350","5"
"N6090S50","BUFFER CHAIN","General Spare Parts","TVS / Universal","0","425","500","5"
"N6090740","SHOCK ABSORBER","General Spare Parts","TVS / Universal","0","17340","20400","5"
"N6090750","CHAIN CASE","General Spare Parts","TVS / Universal","0","765","900","5"
"N6100850","FORK ASSY FR 13900 70500 17200 5000","General Spare Parts","TVS / Universal","0","40434.5","47570","5"
"N6100860","LEG ASSY L 30 70500","General Spare Parts","TVS / Universal","0","20476.5","24090","5"
"N6100870","LEG ASSY R 30 70500","General Spare Parts","TVS / Universal","0","20476.5","24090","5"
"N6100880","OUTER TUBE L","General Spare Parts","TVS / Universal","0","9508.1","11186","5"
"N61008GO","OUTER TUBE R","General Spare Parts","TVS / Universal","0","425","500","5"
"N6100GOO","INNER TUBE FR FORK SUB-ASSY","General Spare Parts","TVS / Universal","0","8576.5","10090","5"
"N6100G10","DAMPER PISTON FRONT FORK","Engine","TVS / Universal","0","425","500","5"
"N6100G20","SPACER FR FORK","General Spare Parts","TVS / Universal","0","425","500","5"
"N6100GSO","SPRING FR FORK","General Spare Parts","TVS / Universal","0","1317.5","1550","5"
"N6100G40","UPPER 3RKT MC","General Spare Parts","TVS / Universal","0","6868","8080","5"
"N6100G70","BRACE FENDER","General Spare Parts","TVS / Universal","0","425","500","5"
"N6110140","NIPPLE","General Spare Parts","TVS / Universal","0","425","500","5"
"N6110750","SPROCKET RR WHEEL 46T","General Spare Parts","TVS / Universal","0","3697.5","4350","5"
"N61108SO","DRUM RR SPROCKET MC","General Spare Parts","TVS / Universal","0","2575.5","3030","5"
"N6110870","8RKT BRAKE PEDAL MTG","Brakes","TVS / Universal","0","2575.5","3030","5"
"N6110880","PEDAL BRAKE COMPLETE","Brakes","TVS / Universal","0","3009","3540","5"
"N6110GSO","ROD REAR BRAKE COMPLET","Brakes","TVS / Universal","0","1674.5","1970","5"
"N6110G70","CHAIN ASSY 126 L SEALING RING","General Spare Parts","TVS / Universal","0","6026.5","7090","5"
"N6110G80","HOSE DISC BRAKE FR","Brakes","TVS / Universal","0","4955.5","5830","5"
"N6111000","SPRING BRAKE RETURN","Brakes","TVS / Universal","0","425","500","5"
"N6111280","SPRING STOP LAMP SWITCH","Electrical","TVS / Universal","0","425","500","5"
"N6120020","FRAME COMP. WAX R / 100 DLX)","General Spare Parts","TVS / Universal","0","35096.5","41290","5"
"N6120440","RUBBER RIDER FOOTREST","General Spare Parts","TVS / Universal","0","425","500","5"
"N61212GO","PROP STAND COMP","General Spare Parts","TVS / Universal","0","1377","1620","5"
"N6121880","RIDER FOOT PEG ASSY L","General Spare Parts","TVS / Universal","0","1351.5","1590","5"
"N61218GO","RIDER FOOT PEG ASSY R","General Spare Parts","TVS / Universal","0","1343","1580","5"
"N61220SO","PILLION FOOTREST COMP L","General Spare Parts","TVS / Universal","0","1887","2220","5"
"N6122050","PILLION FOOTREST COMP R","General Spare Parts","TVS / Universal","0","2065.5","2430","5"
"N6122080","PROP STAND COMP COMP","General Spare Parts","TVS / Universal","0","1343","1580","5"
"N61220GO","8RKT ENGINE MTG FRONT","Engine","TVS / Universal","0","425","500","5"
"N61221GO","8RKT PROP STAND COMP","General Spare Parts","TVS / Universal","0","425","500","5"
"N6122200","PROP STAND SUB ASSY","General Spare Parts","TVS / Universal","0","425","500","5"
"N6122270","RIDER FOOTREST COMP DRUM","General Spare Parts","TVS / Universal","0","5916","6960","5"
"N6122350","BATTERY HOLDER","Electrical","TVS / Universal","0","986","1160","5"
"N6122410","BRACKET BRAKE CABLE MOOTING","Brakes","TVS / Universal","0","357","420","5"
"N6122SOO","CONNECTOR FOOTREST","General Spare Parts","TVS / Universal","0","425","500","5"
"N6122760","CABLE GUIDE CLUTCH","Electrical","TVS / Universal","0","425","500","5"
"N61228GO","8RKT IGN COIL MTG COM","Oils & Fluids","TVS / Universal","0","425","500","5"
"N6122GOO","CABLE CLAMP COMP","Electrical","TVS / Universal","0","425","500","5"
"N6122G10","CABLE GUIDE CLUTCH","Electrical","TVS / Universal","0","425","500","5"
"N6122GSO","BKT ISG MTG COMP","General Spare Parts","TVS / Universal","0","425","500","5"
"N6130010","SEAT ASSEMBLY (AIT)","General Spare Parts","TVS / Universal","0","19813.5","23310","5"
"N6130540","SEAT ASSY RR","General Spare Parts","TVS / Universal","0","9214","10840","5"
"N6130550","SEAT ASSY FR","General Spare Parts","TVS / Universal","0","8355.5","9830","5"
"N6130SSO","PACKING SEAT BASE","General Spare Parts","TVS / Universal","0","425","500","5"
"N6130670","8RKT SEAT MTG","General Spare Parts","TVS / Universal","0","425","500","5"
"N6130SGO","CUSHION SEAT","General Spare Parts","TVS / Universal","0","425","500","5"
"N61307SO","8RKT SEAT HOOK","General Spare Parts","TVS / Universal","0","425","500","5"
"N6130740","8RKT SEAT HOOK R","General Spare Parts","TVS / Universal","0","425","500","5"
"N6140080","FUEL COCK ASSY WITH HOSES","General Spare Parts","TVS / Universal","0","3901.5","4590","5"
"N6140SGO","CAP FUEL TANK","General Spare Parts","TVS / Universal","0","3944","4640","5"
"N61407GO","INLET FUEL TANK","General Spare Parts","TVS / Universal","0","425","500","5"
"N6140810","FUEL TANK COMP","General Spare Parts","TVS / Universal","0","14254.5","16770","5"
"N6140840","800T CANISTER","General Spare Parts","TVS / Universal","0","425","500","5"
"N6140850","HOSE INJECTOR ASSY","General Spare Parts","TVS / Universal","0","1895.5","2230","5"
"N6140860","HOSE CANISTER","General Spare Parts","TVS / Universal","0","357","420","5"
"N6140870","HOSE PURGE VALVE","Engine","TVS / Universal","0","425","500","5"
"N6140880","HOSE THROTTLE BODY","General Spare Parts","TVS / Universal","0","425","500","5"
"N6150020","SPEEDOMETER ASSY","General Spare Parts","TVS / Universal","0","3655","4300","5"
"N61500SO","BRAKE LEVER & SWITCH ASSEMBLY","Brakes","TVS / Universal","0","3383","3980","5"
"N6150040","LEVER ASSEMBLY CLUTCH","General Spare Parts","TVS / Universal","0","3986.5","4690","5"
"N6150050","BRAKE LEVER","Brakes","TVS / Universal","0","425","500","5"
"N6150060","CLUTCH LEVER","General Spare Parts","TVS / Universal","0","425","500","5"
"N6150460","LOCK SET","General Spare Parts","TVS / Universal","0","10276.5","12090","5"
"N61504GO","HANDLE BAR Disc","Brakes","TVS / Universal","0","3629.5","4270","5"
"N6150520","HANDLE HOLDER UPPER","General Spare Parts","TVS / Universal","0","1589.5","1870","5"
"N6150560","IGNITION LOCK","General Spare Parts","TVS / Universal","0","2822","3320","5"
"N6160020","HEAD LAMP ASSY","Engine","TVS / Universal","0","7556.5","8890","5"
"N6160040","LAMP ASSY REAR COMBI 12V","Electrical","TVS / Universal","0","425","500","5"
"N61600GO","LAMP ASSY TURN SIGNAL FR L (NEW)","Electrical","TVS / Universal","0","1870","2200","5"
"N6160100","LAMP ASSY TURN SIGNAL RR R (NEW)","Electrical","TVS / Universal","0","2320.5","2730","5"
"N6160140","LAMP ASSY TURN SIGNAL FR R (NEW)","Electrical","TVS / Universal","0","1870","2200","5"
"N6160150","LAMP ASSY TURN SIGNAL RR L (NEW)","Electrical","TVS / Universal","0","425","500","5"
"N6160580","SWITCH ASSY L","Electrical","TVS / Universal","0","3978","4680","5"
"N6160610","SWITCH ASSY RH","Electrical","TVS / Universal","0","4819.5","5670","5"
"N6160S40","WIRING HARNESS ASSY","General Spare Parts","TVS / Universal","0","31849.5","37470","5"
"N6160870","DIGITAL SPEEDOMETER ASSY","General Spare Parts","TVS / Universal","0","32793","38580","5"
"N6160G80","SWITCH ASSY L","Electrical","TVS / Universal","0","3850.5","4530","5"
"N6161180","SPEEDOMETER ASSY EFI","General Spare Parts","TVS / Universal","0","33583.5","39510","5"
"N6161200","FUEL SENDER ASSY EFI","General Spare Parts","TVS / Universal","0","1921","2260","5"
"N6161210","CONTROL UNIT ISG","General Spare Parts","TVS / Universal","0","38717.5","45550","5"
"N6161260","SIDE STAND SWITCH","Electrical","TVS / Universal","0","2218.5","2610","5"
"N61613SO","800T ECU","General Spare Parts","TVS / Universal","0","357","420","5"
"N6161640","SPEEDOMETER ASSY 2","General Spare Parts","TVS / Universal","0","125171","147260","5"
"N6161SGO","SWITCH ASSY R","Electrical","TVS / Universal","0","4403","5180","5"
"N61618GO","SWITCH ASSY L","Electrical","TVS / Universal","0","4080","4800","5"
"N6161G20","BRACKET ECU","General Spare Parts","TVS / Universal","0","425","500","5"
"N6161G40","WIRING HARNESS ASSY","General Spare Parts","TVS / Universal","0","30991","36460","5"
"N6162140","WIRING HARNESS 2 INTG ECU","General Spare Parts","TVS / Universal","0","39057.5","45950","5"
"N6170010","CABLE ASSY SPEEDOMETER","Electrical","TVS / Universal","0","833","980","5"
"N61701SO","CABLE ASSY BRAKE FRONT","Brakes","TVS / Universal","0","1929.5","2270","5"
"N6180550","DEFLECTOR","General Spare Parts","TVS / Universal","0","425","500","5"
"N6200010","OILSEAL 30x20x6","Oils & Fluids","TVS / Universal","0","646","760","5"
"N6200070","HEX FL BOLT MIO 120","General Spare Parts","TVS / Universal","0","106.25","125","5"
"N62000GO","TRUSS HEAD CAP SCREW MS","Engine","TVS / Universal","0","21250","25000","5"
"N6220510","STICKER INFO FUEL TANK","General Spare Parts","TVS / Universal","0","425","500","5"
"N6220870","COVER FUEL TANK INNER L","General Spare Parts","TVS / Universal","0","697","820","5"
"N6220880","COVER FUEL TANK INNER R","General Spare Parts","TVS / Universal","0","697","820","5"
"N62208G04DA","COVER FUEL TANK OUTER L+TAPESET BLK","General Spare Parts","TVS / Universal","0","3094","3640","5"
"N6220G004DA","COVER FUELTANK OUTER RH BLK+3LUE ST","General Spare Parts","TVS / Universal","0","2320.5","2730","5"
"N6221220","LADY PILLION FOOTREST COMP","General Spare Parts","TVS / Universal","0","1147.5","1350","5"
"N6221410","TAPESET EXP 1 VOLCANO RED","General Spare Parts","TVS / Universal","0","425","500","5"
"N6221420","TAPESET EXP 1 MET BLUE","General Spare Parts","TVS / Universal","0","425","500","5"
"N62238GO","HEADLAMP LED","Engine","TVS / Universal","0","23468.5","27610","5"
"N622416GOO","COVER FUEL TANK OUTER L BLACK","General Spare Parts","TVS / Universal","0","7352.5","8650","5"
"N622416G8F","COVER FUEL TANK OUTER H RACING RED","General Spare Parts","TVS / Universal","0","7352.5","8650","5"
"N622416GP3","COVER FUEL TANK OUTER LH FUROZIA BLUE","General Spare Parts","TVS / Universal","0","7412","8720","5"
"N622417GOO","COVER FUEL TANK OUTER R BLACK","General Spare Parts","TVS / Universal","0","7352.5","8650","5"
"N622417G8F","COVER FUEL TANK OUTER RH RACING RED","General Spare Parts","TVS / Universal","0","7352.5","8650","5"
"N622417GP3","COVER FUEL TANK OUTER RH FUROZIA BLUE","General Spare Parts","TVS / Universal","0","7250.5","8530","5"
"N6224220","COVER FRAME TAPESET","General Spare Parts","TVS / Universal","0","2618","3080","5"
"N6224222","Seat Cover- Raider- Red","General Spare Parts","TVS / Universal","0","3723","4380","5"
"N62242408DA","GRILL COVER FRAME L + TAPESET","General Spare Parts","TVS / Universal","0","1368.5","1610","5"
"N62242508DA","GRILL COVER FRAME R + TAPESET","General Spare Parts","TVS / Universal","0","1368.5","1610","5"
"N6224270","COVER FRAME LOWER BOTTOM R","General Spare Parts","TVS / Universal","0","425","500","5"
"N62242GG8D","TAIL COVER R PAINTED TITANIUM GREY","General Spare Parts","TVS / Universal","0","4054.5","4770","5"
"N6224300","TAIL COVER BOTTOM","General Spare Parts","TVS / Universal","0","1598","1880","5"
"N622435GOO","FENDER FRONT BLACK","General Spare Parts","TVS / Universal","0","3672","4320","5"
"N622435G8F","FENDER FRONT RACING RED","General Spare Parts","TVS / Universal","0","3672","4320","5"
"N622435GP3","FENDER FRONT FUROZIA BLUE","General Spare Parts","TVS / Universal","0","3706","4360","5"
"N6224380","TAIL COVER aRKT RH","General Spare Parts","TVS / Universal","0","425","500","5"
"N62243GO","8RKT FENDER REAR","General Spare Parts","TVS / Universal","0","2541.5","2990","5"
"N622441G","HOUSING HEADLAMP FRONT","Engine","TVS / Universal","0","425","500","5"
"N622442GOO","HOUSING HEADLAMP FRONT L BLACK","Engine","TVS / Universal","0","2006","2360","5"
"N622442G8F","HOUSING HEADLAMP FRONT L RACING RED","Engine","TVS / Universal","0","2006","2360","5"
"N622442GP3","HOUSING HEADLAMP FRONT L FUROZIA BLUE","Engine","TVS / Universal","0","1887","2220","5"
"N62244SGOO","HOUSING HEADLAMP FRONT R BLACK","Engine","TVS / Universal","0","1819","2140","5"
"N62244SG8F","HOUSING HEADLAMP FRONT R RACING RED","Engine","TVS / Universal","0","2006","2360","5"
"N62244SGP3","HOUSING HEADLAMP FRONT R FUROZIA BLUE","Engine","TVS / Universal","0","1887","2220","5"
"N62244GOOO","COVER FUEL TANK FRONT L BLACK + TAPESET","General Spare Parts","TVS / Universal","0","4173.5","4910","5"
"N622452GOO","ENGINE GUARD TOP BLACK","Engine","TVS / Universal","0","5100","6000","5"
"N622452G8F","ENGINE GUARD TOP RACING RED","Engine","TVS / Universal","0","5100","6000","5"
"N62245SG","ENGINE GUARD BOTTOM","Engine","TVS / Universal","0","1751","2060","5"
"N6224570","8RKT ENGINE GUARD MTG L","Engine","TVS / Universal","0","425","500","5"
"N6224580","8RKT ENGINE GUARD MTG R","Engine","TVS / Universal","0","425","500","5"
"N6224850","CRASHGUARD RAIDER","General Spare Parts","TVS / Universal","0","3272.5","3850","5"
"N6224880","PILLION HANDLE PAINTED","General Spare Parts","TVS / Universal","0","8772","10320","5"
"N62248GO","COVER PILLION HANDLE LH","General Spare Parts","TVS / Universal","0","425","500","5"
"N6224GOO","COVER PILLION HANDLE RH","General Spare Parts","TVS / Universal","0","425","500","5"
"N6224G10","UTILITY BOX REAR","General Spare Parts","TVS / Universal","0","425","500","5"
"N6224GSO","TAIL COVER CENTER","General Spare Parts","TVS / Universal","0","425","500","5"
"N6224G70","8RKT COMP HSG HEADLAMP","Engine","TVS / Universal","0","425","500","5"
"N6225000","8RKT LICENCE PLATE FRONT","General Spare Parts","TVS / Universal","0","425","500","5"
"N6225010","8RKT CRASHGUARD MTG","General Spare Parts","TVS / Universal","0","425","500","5"
"N6225020","TAIL ASSY","General Spare Parts","TVS / Universal","0","7905","9300","5"
"N622526GOO","ENGINE GU RD TOP BLACK","Engine","TVS / Universal","0","3247","3820","5"
"N622526G8F","ENGINE GUARD TOP RACING RED","Engine","TVS / Universal","0","5108.5","6010","5"
"N622526GP3","ENGINE GUARD TOP FUROZIA BLUE","Engine","TVS / Universal","0","5142.5","6050","5"
"N6225550","COVER FUEL TANK CENTERI","General Spare Parts","TVS / Universal","0","425","500","5"
"N6225770","COVER FUEL TANK INNER L","General Spare Parts","TVS / Universal","0","425","500","5"
"N6225780","COVER FUEL TANK INNER R","General Spare Parts","TVS / Universal","0","425","500","5"
"N6320020","GASKET KIT MAJOR - Tvs MAX SERIES","Engine","TVS / Universal","0","1921","2260","5"
"N6321150","STOPPER SEAT","General Spare Parts","TVS / Universal","0","425","500","5"
"N6321420","KIT GEAR ASSY PRIMARY DRIVEN","General Spare Parts","TVS / Universal","0","9936.5","11690","5"
"N6321SOO","KIT MAJOR GASKET ENGINE","Engine","TVS / Universal","0","2439.5","2870","5"
"N6321850","KIT CYL BLOCK & PISTON 5350","Engine","TVS / Universal","0","15249","17940","5"
"N6321870","CRANKCASE ASSY LH MINOR","Engine","TVS / Universal","0","19244","22640","5"
"N6321G80","KIT GEAR ASSY PRIMARY DRIVEN","General Spare Parts","TVS / Universal","0","14373.5","16910","5"
"N6322SOO","KIT-GEAR POSITION SENSOR","Electrical","TVS / Universal","0","1037","1220","5"
"N7012110","BUTTON TAPPET 2.50","General Spare Parts","TVS / Universal","0","2150.5","2530","5"
"N7030070","GASKET CLUTCH COVER","Engine","TVS / Universal","0","425","500","5"
"N7050110","MUFFLER SUB ASSY - Usg","General Spare Parts","TVS / Universal","0","294550.5","346530","5"
"N7050250","CAP MUFFLER REAR - Kox","General Spare Parts","TVS / Universal","0","7310","8600","5"
"N70702GO","CENTER ASSY MANUAL (ALTI","General Spare Parts","TVS / Universal","0","10055.5","11830","5"
"N70812GO","PIN MAGNETO COVER","General Spare Parts","TVS / Universal","0","425","500","5"
"N7081350","GEAR STARTER IDLE","General Spare Parts","TVS / Universal","0","1683","1980","5"
"N7081420","FILTER COMP ENGINE OIL","Oils & Fluids","TVS / Universal","0","2677.5","3150","5"
"N7081780","GEAR INTERMEDIATE ASSY","General Spare Parts","TVS / Universal","0","3162","3720","5"
"BUFFER","CHAIN","General Spare Parts","TVS / Universal","0","2125","2500","5"
"N7100210","INNER TUBE ASSY. RH","General Spare Parts","TVS / Universal","0","60919.5","71670","5"
"N7100220","INNER TUBE ASSY. LH","General Spare Parts","TVS / Universal","0","83963","98780","5"
"N71003GO","UPPER 3RKT COMP","General Spare Parts","TVS / Universal","0","425","500","5"
"N7110270","TONER RING ABS","General Spare Parts","TVS / Universal","0","782","920","5"
"N71102GO","AXLE 20x191","General Spare Parts","TVS / Universal","0","12155","14300","5"
"N7110300","MASTER CYLINDER ASSY FRONT","Engine","TVS / Universal","0","22652.5","26650","5"
"N7110320","ABSORBER RR WHEEL","General Spare Parts","TVS / Universal","0","425","500","5"
"N7110410","DUST SEAL","General Spare Parts","TVS / Universal","0","0.85","1","5"
"N7110470","SENSOR WHEEL SPEED","Electrical","TVS / Universal","0","4114","4840","5"
"N7110500","DISC PLATE 300","Brakes","TVS / Universal","0","19771","23260","5"
"N7110770","ALLOY WHEEL FRONT MT3ßx17 DISC","Brakes","TVS / Universal","0","58777.5","69150","5"
"N71201GO","RIDER FOOTREST MACHINING L","General Spare Parts","TVS / Universal","0","7531","8860","5"
"N7121450","CHAIN GUIDE ASSY","General Spare Parts","TVS / Universal","0","3357.5","3950","5"
"N7121720","RIDER FOOT PEG ASSY L","General Spare Parts","TVS / Universal","0","2805","3300","5"
"N7121750","PILLION FOOT PEG R","General Spare Parts","TVS / Universal","0","1462","1720","5"
"N7130100","SEAT ASSY FR","General Spare Parts","TVS / Universal","0","7709.5","9070","5"
"N7140010","FUEL PUMP MODULE","General Spare Parts","TVS / Universal","0","39737.5","46750","5"
"N7140100","HOSE PUMP OUTLET 1,","General Spare Parts","TVS / Universal","0","510","600","5"
"N7140110","HOSE FILTER OUTLET","Filters","TVS / Universal","0","1377","1620","5"
"N7140120","HOSE INJECTOR","General Spare Parts","TVS / Universal","0","1640.5","1930","5"
"N7140150","HOSE ROLL OVER VALVE","Engine","TVS / Universal","0","425","500","5"
"N7140180","8RKT CANISTER MTG","General Spare Parts","TVS / Universal","0","425","500","5"
"N7140210","800T PURGE VALVE","Engine","TVS / Universal","0","425","500","5"
"N7150110","C UTCH LEVER (AIT)","General Spare Parts","TVS / Universal","0","1870","2200","5"
"N7150170","SEAT LATCH COMP","General Spare Parts","TVS / Universal","0","425","500","5"
"N7150270","DAMPER HANDLE BAR ASSY","General Spare Parts","TVS / Universal","0","892.5","1050","5"
"N7170020","CABLE SEAT LOCK u3ggc","Electrical","TVS / Universal","0","382.5","450","5"
"N7180010","PACKING WATER PUMP","General Spare Parts","TVS / Universal","0","425","500","5"
"N7180150","HOSE BYPASS","General Spare Parts","TVS / Universal","0","425","500","5"
"N71802GO","RADIATOR 1","General Spare Parts","TVS / Universal","0","11585.5","13630","5"
"N7201070","COPPER WASHER 80 130","General Spare Parts","TVS / Universal","0","8.5","10","5"
"N7201080","ALUMINIUM WASHER 62 120","General Spare Parts","TVS / Universal","0","8.5","10","5"
"N7201300","SNAP RIVET PLASTIC","General Spare Parts","TVS / Universal","0","425","500","5"
"N7201350","HOSE CLAM p","General Spare Parts","TVS / Universal","0","119","140","5"
"N7201370","HOSE CLAMP","Electrical","TVS / Universal","0","272","320","5"
"N7201470","CABLE STRAP","Electrical","TVS / Universal","0","425","500","5"
"N72015GO","CLIP NUT2","General Spare Parts","TVS / Universal","0","425","500","5"
"N7201SOO","CLIP NUT3","General Spare Parts","TVS / Universal","0","425","500","5"
"N7202070","HOLE CLIP","General Spare Parts","TVS / Universal","0","5.1","6","5"
"N7202220","COPPER WASHER 52 gg","General Spare Parts","TVS / Universal","0","12.75","15","5"
"N7210010","ADJUSTER SHOCK ABSORBER","General Spare Parts","TVS / Universal","0","425","500","5"
"N7220010","HEADLAMP ASSY","Engine","TVS / Universal","0","127933.5","150510","5"
"N7220050","TURN SIGNAL FRONT R (usg)","General Spare Parts","TVS / Universal","0","2856","3360","5"
"N7220070","TURN SIGNAL REAR R (069)","General Spare Parts","TVS / Universal","0","2856","3360","5"
"N72201108F","FENDER FRONT RACING RED","General Spare Parts","TVS / Universal","0","4964","5840","5"
"N72201208F","COVER FUEL TANK REAR RACING RED","General Spare Parts","TVS / Universal","0","4870.5","5730","5"
"N72201308F","COVER FUEL TANK FRONT RACING RED","General Spare Parts","TVS / Universal","0","4870.5","5730","5"
"N72201G08F","TAIL COVER LH RACING RED","General Spare Parts","TVS / Universal","0","2694.5","3170","5"
"N72202008F","TAIL COVER RH RACING RED","General Spare Parts","TVS / Universal","0","2694.5","3170","5"
"N72202108F","TAIL COVER CTR FR RACING RED","General Spare Parts","TVS / Universal","0","3799.5","4470","5"
"N722022G2F","TAIL COVER CTR RR PEARL WHITE","General Spare Parts","TVS / Universal","0","425","500","5"
"N72202SG8F","TAIL COVER LOWER RACING RED","General Spare Parts","TVS / Universal","0","4581.5","5390","5"
"N7220280","VISOR HEADLAMP","Engine","TVS / Universal","0","3060","3600","5"
"N72203008F","SIDE COWL LH RACING RED(WITH APACHE","General Spare Parts","TVS / Universal","0","15325.5","18030","5"
"N72203108F","SIDE COWL RH RACING RED(WITH APACHE","General Spare Parts","TVS / Universal","0","20068.5","23610","5"
"N7220370","PILLION FOOTREST R","General Spare Parts","TVS / Universal","0","6681","7860","5"
"N7220380","PILLION FOOTREST L","General Spare Parts","TVS / Universal","0","5406","6360","5"
"N7220S10","DEFLECTOR RH","General Spare Parts","TVS / Universal","0","1147.5","1350","5"
"N72206208F","COVER FUEL TANK L RACING RED","General Spare Parts","TVS / Universal","0","12580","14800","5"
"N7220SSG5D","HOUSING HEADLAMP FRONT L MATTE BLAC","Engine","TVS / Universal","0","8168.5","9610","5"
"N7220SSG8F","HOUSING HEADLAMP FRONT L RACING RED","Engine","TVS / Universal","0","3706","4360","5"
"N722064G8F","HOUSING HEADLAMP FRONT R RACING RED","Engine","TVS / Universal","0","11653.5","13710","5"
"N7220650","HOUSING HEAD LAMP BOTTOM","Engine","TVS / Universal","0","1870","2200","5"
"N7220SGO","MIRROR ASSY LH","General Spare Parts","TVS / Universal","0","3689","4340","5"
"N7220700","MIRROR ASSY RH","General Spare Parts","TVS / Universal","0","3689","4340","5"
"N7220G20","COVER BOT R","General Spare Parts","TVS / Universal","0","1419.5","1670","5"
"N7221020","8RKT HSG HEADLAMP COMP.","Engine","TVS / Universal","0","8585","10100","5"
"N72245GO","SLIDE CLIP","General Spare Parts","TVS / Universal","0","340","400","5"
"N7310370","CHAIN REMOVING & INSTALLTING TOOL","General Spare Parts","TVS / Universal","0","37009","43540","5"
"N7310380","EFI DIAGNOSTIC TOOL","General Spare Parts","TVS / Universal","0","68858.5","81010","5"
"N73200GO","KIT MASTER CYLINDER MAJOR","Engine","TVS / Universal","0","425","500","5"
"N7320370","FUSE 7.5A MINI","General Spare Parts","TVS / Universal","0","425","500","5"
"N7320380","FUSE IO A MINI","General Spare Parts","TVS / Universal","0","425","500","5"
"N73203GO","FUSE 20 A MINI","General Spare Parts","TVS / Universal","0","425","500","5"
"N7320400","FUSE SO A MINI","General Spare Parts","TVS / Universal","0","425","500","5"
"N7320410","FUSE 15 A MINI","General Spare Parts","TVS / Universal","0","425","500","5"
"N7320480","RR 310 -CATALOGUE","General Spare Parts","TVS / Universal","0","790.5","930","5"
"N73204GOOOCH","HELMET FULL FACE BLACK CHL","General Spare Parts","TVS / Universal","0","20757","24420","5"
"N73204G08FCHL","HELMET FULL FACE RED CHL","General Spare Parts","TVS / Universal","0","20757","24420","5"
"N8010080","ARM COMP ROCKER - CENTRA (AIT)","General Spare Parts","TVS / Universal","0","2524.5","2970","5"
"N8010140","CAMSHAFT COMP","Brakes","TVS / Universal","0","3468","4080","5"
"N8010180","CYLINDER BLOCK","Engine","TVS / Universal","0","12282.5","14450","5"
"N80102SO","CYLINDER HEAD COMP W H SAI -STAR","Engine","TVS / Universal","0","8372.5","9850","5"
"N8010240","CAP INSPECTION HOLE","General Spare Parts","TVS / Universal","0","977.5","1150","5"
"N8010260","O RING CAP INSPECTION HOLE","General Spare Parts","TVS / Universal","0","425","500","5"
"N8010280","COVER CYL HEAD","Engine","TVS / Universal","0","1691.5","1990","5"
"N80102GO","GASKET CYLINDER HEAD","Engine","TVS / Universal","0","3289.5","3870","5"
"N8010300","GASKET CYLINDER","Engine","TVS / Universal","0","425","500","5"
"N8010310","BOLT CYLINDER HEAD","Engine","TVS / Universal","0","646","760","5"
"N8010320","GUIDE CAM CHAIN","Brakes","TVS / Universal","0","637.5","750","5"
"N80103SO","TENSIONER CAMCHAIN (ALTI","Brakes","TVS / Universal","0","807.5","950","5"
"N8010340","STOPPER ROCKER SHAFT","General Spare Parts","TVS / Universal","0","425","500","5"
"N8010350","SHAFT VALVE ROCKER ARM","Engine","TVS / Universal","0","425","500","5"
"N8010440","CAMSHAFT COMP","Brakes","TVS / Universal","0","8542.5","10050","5"
"N8010460","HEAD COMP CYLINDER - STAR CITY","Engine","TVS / Universal","0","13600","16000","5"
"N8010480","CAMSHAFT COMP - STAR CITY","Brakes","TVS / Universal","0","8491.5","9990","5"
"N8010500","COVER CYLINDER HEAD LH -STAR CITY","Engine","TVS / Universal","0","1428","1680","5"
"N80105GO","GASKET CYL HEAD -CITY 110","Engine","TVS / Universal","0","2805","3300","5"
"N8010S60","CYLINDER BLOCK ES-STAR CITY R","Engine","TVS / Universal","0","14025","16500","5"
"N8010SGO","TENSIONER CAMCHAIN ES-CITY","Brakes","TVS / Universal","0","595","700","5"
"N8010700","CAP INSPECTION HOLE SILGREY-CITY (ALTI","General Spare Parts","TVS / Universal","0","671.5","790","5"
"N80107507D","CYLINDER HEAD COMP - CITY 110","Engine","TVS / Universal","0","29903","35180","5"
"N8010800","STOPPER ROCKER SHAFT","General Spare Parts","TVS / Universal","0","425","500","5"
"N8010820","CAMSHAFT COMP - CITY 110","Brakes","TVS / Universal","0","3986.5","4690","5"
"N80108307D","CYLINDER HEAD ASSY","Engine","TVS / Universal","0","60044","70640","5"
"N8010860","CAP INSPECTION HOLE","General Spare Parts","TVS / Universal","0","425","500","5"
"N8010G20","GASKET CYLINDER -CITY","Engine","TVS / Universal","0","93.5","110","5"
"N8011000","ARM ROCKER VALVE","Engine","TVS / Universal","0","4122.5","4850","5"
"N8011100","CAP INSPECTION HOLE UP.121-METR0 (ACT)","General Spare Parts","TVS / Universal","0","425","500","5"
"COVER","CYL HD L UP.121-METR0","General Spare Parts","TVS / Universal","0","663","780","5"
"N8011200","CYLINDER HEAD COMP UP_121-METR0","Engine","TVS / Universal","0","26554","31240","5"
"N8011210","CYLINDER HEAD ASSY UP.121-METR0","Engine","TVS / Universal","0","60069.5","70670","5"
"N8011540","VALVE SEAT SPRING","Engine","TVS / Universal","0","382.5","450","5"
"N8011570","RETAINER VALVE SPRING","Engine","TVS / Universal","0","425","500","5"
"N8011700","VALVE INTAKE 450","Engine","TVS / Universal","0","1105","1300","5"
"N8011710","VALVE EXHAUST 4.50","Engine","TVS / Universal","0","2150.5","2530","5"
"N80117SO","GUIDE VALVE","Engine","TVS / Universal","0","425","500","5"
"N8011740","COTTER VALVE 4.50","Engine","TVS / Universal","0","425","500","5"
"N8011800","CYLINDER HEAD ASSY","Engine","TVS / Universal","0","34408","40480","5"
"N8020100","CRANKSHAFT COMP STAR","Engine","TVS / Universal","0","23485.5","27630","5"
"N8020140","CRANKSHAFT ASSY KS - STAR CITY REF (ACT)","Engine","TVS / Universal","0","25831.5","30390","5"
"N80201GO","CRANKSHAFT COMP KS/ES -CITY 110 US","Engine","TVS / Universal","0","28866","33960","5"
"N80201GOA","CRANKSHAFT COMP - PHOENIX","Engine","TVS / Universal","0","32912","38720","5"
"N8020210","CRANKSHAFT ASSY ES-STAR","Engine","TVS / Universal","0","32274.5","37970","5"
"N8020300","PISTON KIT STD -CITY 110","Engine","TVS / Universal","0","8814.5","10370","5"
"N8020310","RING SET PISTON STD -CITY 110","Engine","TVS / Universal","0","3136.5","3690","5"
"N8020320","RING SET PISTON 1 01S CITY 110","Engine","TVS / Universal","0","3187.5","3750","5"
"N80203SO","RING SET PISTON II OS CITY 110","Engine","TVS / Universal","0","1759.5","2070","5"
"N8020340","PISTON KIT O/S-CITY 110","Engine","TVS / Universal","0","3408.5","4010","5"
"N8020350","PISTON KIT O/S-CITY 110","Engine","TVS / Universal","0","3408.5","4010","5"
"N8020410","CRANKSHAFT COMP JIVE","Engine","TVS / Universal","0","31322.5","36850","5"
"N8020500","PISTON RING 2ND","Engine","TVS / Universal","0","4632.5","5450","5"
"N8020SGO","RING PISTON 2ND","Engine","TVS / Universal","0","909.5","1070","5"
"N8030020","CRANKCASE COMP L -","Engine","TVS / Universal","0","17433.5","20510","5"
"N8030060","COVER CLUTCH","General Spare Parts","TVS / Universal","0","6460","7600","5"
"N8030120","CRANKSHAFT-STAR CITY","Engine","TVS / Universal","0","425","500","5"
"N80301SO","COVER MAGNETO PAINTED","General Spare Parts","TVS / Universal","0","3383","3980","5"
"N8030180","GASKET CRANKCASE","Engine","TVS / Universal","0","867","1020","5"
"N8030200","COVER CLUTCH","General Spare Parts","TVS / Universal","0","1334.5","1570","5"
"N8030210","GASKET COVER CLUTCH (ALTI","Engine","TVS / Universal","0","1020","1200","5"
"N8030240","COVER COMP MAGNETO PAINTED","General Spare Parts","TVS / Universal","0","4309.5","5070","5"
"N8030300","COVER CLUTCH ES/KS - STAR CITY REF","General Spare Parts","TVS / Universal","0","2669","3140","5"
"N80303SO","GASKET COVER CLUTCH","Engine","TVS / Universal","0","425","500","5"
"N80303GO","COVER MAGNETO ES-STAR CITY R","General Spare Parts","TVS / Universal","0","5091.5","5990","5"
"N80303G07D","COVER MAGNETO ES - CITY REF BLK","General Spare Parts","TVS / Universal","0","11398.5","13410","5"
"N8030400","COVER ENGINE SPROCKET ES-CITY","Engine","TVS / Universal","0","1666","1960","5"
"N80304005D","COVER ENGINE SPROCKET","Engine","TVS / Universal","0","425","500","5"
"N8030410","GASKET MAGNETO COVER","Engine","TVS / Universal","0","425","500","5"
"N80304307D","CRANK CASE COMP L TITAN GREY ES","Engine","TVS / Universal","0","19074","22440","5"
"N80304GO","BACK PLATE MAGNETO ASSAM8LY","General Spare Parts","TVS / Universal","0","688.5","810","5"
"N8030500","GASKET COVER MAGNETO","Engine","TVS / Universal","0","425","500","5"
"N8030550","CRANKCASE L MC BLACK UP_121-METR0","Engine","TVS / Universal","0","16804.5","19770","5"
"N8030560","CRANKCASE R MC BLACK UP.121.-METR0","Engine","TVS / Universal","0","16235","19100","5"
"N8030570","COVER CLUTCH UZ12L-METR0","General Spare Parts","TVS / Universal","0","10234","12040","5"
"N8030580","COVER COMP MAGNETO U 121-METRO","General Spare Parts","TVS / Universal","0","2057","2420","5"
"N80306407D","COVER CLUTCH","General Spare Parts","TVS / Universal","0","12937","15220","5"
"N80401SO","INSULATOR PAD (AIT)","Brakes","TVS / Universal","0","425","500","5"
"N8040210","GASKET PIPE INTAKE","Engine","TVS / Universal","0","425","500","5"
"N8040220","CARBURETTOR ASSY","General Spare Parts","TVS / Universal","0","37952.5","44650","5"
"N8040250","SEC AIR INJECTION VALVE 16,","Engine","TVS / Universal","0","620.5","730","5"
"N8040280","HOSE No_2 -STAR","General Spare Parts","TVS / Universal","0","816","960","5"
"N80402GO","HOSE No_3","General Spare Parts","TVS / Universal","0","425","500","5"
"N8040300","PIPE COMP AIR INJECTION","General Spare Parts","TVS / Universal","0","425","500","5"
"N8040340","O-RING AIR INJECTION","General Spare Parts","TVS / Universal","0","425","500","5"
"N8040350","HOSE CLIP AIR INJECTION","General Spare Parts","TVS / Universal","0","425","500","5"
"N8040360","HOSE CLIP AIR INLET","General Spare Parts","TVS / Universal","0","425","500","5"
"N8040370","HOSE CLIP VACUUM","General Spare Parts","TVS / Universal","0","425","500","5"
"N80403GO","AIR CLEANER ASSY","Filters","TVS / Universal","0","8330","9800","5"
"N8040400","COVER AIR CLEANER","Filters","TVS / Universal","0","773.5","910","5"
"N8040420","CARBURETTOR ASSY - STAR","General Spare Parts","TVS / Universal","0","27489","32340","5"
"N80404SO","PIPE INTAKE","General Spare Parts","TVS / Universal","0","425","500","5"
"N8040500","HOSE CRANKCASE BREATHER","Engine","TVS / Universal","0","399.5","470","5"
"N8040510","INSERT AIR CLEANER","Filters","TVS / Universal","0","425","500","5"
"N80405SO","ASSY AIR CLEANER SAI","Filters","TVS / Universal","0","986","1160","5"
"N8040540","CASE AIR CLEANER SAI","Filters","TVS / Universal","0","425","500","5"
"N8040550","COVER AIR CLEANER SAI","Filters","TVS / Universal","0","425","500","5"
"N8040580","PIPE COMP SAI","General Spare Parts","TVS / Universal","0","425","500","5"
"N8040S20","HOSE SAI OUTLET","General Spare Parts","TVS / Universal","0","425","500","5"
"N8040SSO","HOSE SAI INLET","General Spare Parts","TVS / Universal","0","425","500","5"
"N8040S40","BRACKET SEC AIR INJ","General Spare Parts","TVS / Universal","0","425","500","5"
"N8040S50","FOAM SAI AIR CLEANER","Filters","TVS / Universal","0","399.5","470","5"
"N8040660","CARBURETTOR ASSY- STAR DLX","General Spare Parts","TVS / Universal","0","25058","29480","5"
"N8040S80","CARBURETTOR ASSY -STAR CITY","General Spare Parts","TVS / Universal","0","27140.5","31930","5"
"N8040700","ADAPTOR COMP CARBURETTOR- STAR CITY","General Spare Parts","TVS / Universal","0","425","500","5"
"N8040760","PIPE INTAKE - STAR CITY 1,","General Spare Parts","TVS / Universal","0","425","500","5"
"N8040780","SUPPORT SAI AIR CLEANER","Filters","TVS / Universal","0","425","500","5"
"N80407GO","SEAL SAI AIR CLEANER - METRO","Filters","TVS / Universal","0","425","500","5"
"N8040810","COVER AIR CLEANER STAR NEW","Filters","TVS / Universal","0","425","500","5"
"N8040820","AIR CLEANER ASSY KS","Filters","TVS / Universal","0","3850.5","4530","5"
"N80408SO","AIR CLEANER ASSY ES-STAR CIT","Filters","TVS / Universal","0","9996","11760","5"
"N8040GOO","CARBURETTOR ASSY","General Spare Parts","TVS / Universal","0","14433","16980","5"
"N8040GSO","AIR CLEANER sua ASSY SAI","Filters","TVS / Universal","0","2014.5","2370","5"
"N8041070","HOSE CRANKCASE BREATHER ES","Engine","TVS / Universal","0","425","500","5"
"N8041280","PIPE INTAKE COMP","General Spare Parts","TVS / Universal","0","1955","2300","5"
"N80414SO","CARBURETTOR ASSY JIVE","General Spare Parts","TVS / Universal","0","23043.5","27110","5"
"N8041450","TUBE OUTLET - JIVE","General Spare Parts","TVS / Universal","0","646","760","5"
"N8041460","ADAPTOR CARBURETTOR COMP","General Spare Parts","TVS / Universal","0","671.5","790","5"
"N8041470","AIR CLEANER ASSY JIVE","Filters","TVS / Universal","0","425","500","5"
"N80414GO","HOSE BREATHER PCV NZ104","General Spare Parts","TVS / Universal","0","425","500","5"
"N8041500","CARBURETTOR","General Spare Parts","TVS / Universal","0","48637","57220","5"
"N8041540","PIPE INTAKE COMP METRO +","General Spare Parts","TVS / Universal","0","425","500","5"
"N8041550","TUBE OUTLET METRO +","General Spare Parts","TVS / Universal","0","425","500","5"
"N8041560","AIR CLEANER ASSY METRO +","Filters","TVS / Universal","0","3544.5","4170","5"
"N8041580","INSULATOR PAD 1 METRO +","Brakes","TVS / Universal","0","425","500","5"
"N8050340","MUFFLER COMP (ALTI","General Spare Parts","TVS / Universal","0","19380","22800","5"
"N8050520","LEG GUARD MUFFLER","General Spare Parts","TVS / Universal","0","1266.5","1490","5"
"N8050670","GUARD EXHAUST FRONT","General Spare Parts","TVS / Universal","0","1436.5","1690","5"
"N8050S80","GUARD EXHAUST REAR 1,","General Spare Parts","TVS / Universal","0","586.5","690","5"
"N8050SGO","INSULATOR GUARD EXHAUST","General Spare Parts","TVS / Universal","0","425","500","5"
"N8051080","FFLER COMP STAR CITY (ACT)","General Spare Parts","TVS / Universal","0","24284.5","28570","5"
"N8051270","FFLER sua ASSY-STAR CITY (ALT)","General Spare Parts","TVS / Universal","0","24667","29020","5"
"N8051320","FFLER COMP BLACK (ALTI","General Spare Parts","TVS / Universal","0","26477.5","31150","5"
"N8051340","FFLER SUB ASSY (a)","General Spare Parts","TVS / Universal","0","30642.5","36050","5"
"N8051440","FFLER SUB ASSY","General Spare Parts","TVS / Universal","0","23213.5","27310","5"
"N8051450","FFLER COMP","General Spare Parts","TVS / Universal","0","22882","26920","5"
"N8051720","FFLER SUB ASSY WITH GUARD","General Spare Parts","TVS / Universal","0","21522","25320","5"
"N80517SO","MUFLER COMP W/O GUARD","General Spare Parts","TVS / Universal","0","27914","32840","5"
"N8060010","CLAMP GEAR SHIFT SWITCH","Electrical","TVS / Universal","0","425","500","5"
"N8060020","MAGNETO ASSY )","General Spare Parts","TVS / Universal","0","23876.5","28090","5"
"N8060040","BACK PLATE MAGNETO","General Spare Parts","TVS / Universal","0","1708.5","2010","5"
"N8060060","ELECTRONIC REGULATOR CU","General Spare Parts","TVS / Universal","0","12962.5","15250","5"
"N8060100","BACK PLATE MAGNETO","General Spare Parts","TVS / Universal","0","2210","2600","5"
"N8060110","MAGNETO ASSY","General Spare Parts","TVS / Universal","0","23502.5","27650","5"
"N8060120","ROTOR ASSY.","General Spare Parts","TVS / Universal","0","9214","10840","5"
"N80601SO","STATOR","Electrical","TVS / Universal","0","7488.5","8810","5"
"N8060140","COMBINED DIGITAL CDI-OLD STAR & DLX","General Spare Parts","TVS / Universal","0","10871.5","12790","5"
"N8060170","SUPPRESSOR CAP ASSY","General Spare Parts","TVS / Universal","0","807.5","950","5"
"N8060180","COMBINED DIGITAL CDI - STAR","General Spare Parts","TVS / Universal","0","425","500","5"
"N8060220","MAGNETO ASSY ES-STAR CITY RE","General Spare Parts","TVS / Universal","0","23273","27380","5"
"N80602SO","DIGITAL CDI UNIT ES-CITY REF","General Spare Parts","TVS / Universal","0","10956.5","12890","5"
"N8060250","STARTER MOTOR ASSY-STAR CITY","General Spare Parts","TVS / Universal","0","22440","26400","5"
"N8060320","DIGITAL COMBINED CDI-CITY","General Spare Parts","TVS / Universal","0","10956.5","12890","5"
"N8060340","NEUTRAL SWITCH","Electrical","TVS / Universal","0","875.5","1030","5"
"N8060350","IGNITION COIL SUB ASSY","Oils & Fluids","TVS / Universal","0","11067","13020","5"
"N8060380","STATOR ASSY","Electrical","TVS / Universal","0","13455.5","15830","5"
"N80603GO","ROTOR ASSY - STAR CITY ES","General Spare Parts","TVS / Universal","0","14849.5","17470","5"
"N8060560","SWITCH ASSEMBLY GEAR POSITION","Electrical","TVS / Universal","0","909.5","1070","5"
"N8060580","TCI UNIT","General Spare Parts","TVS / Universal","0","11322","13320","5"
"N8060SOO","IGNITION COIL","Oils & Fluids","TVS / Universal","0","4080","4800","5"
"N8060S40","MAGNETO ASSY ES city 110 Ref","General Spare Parts","TVS / Universal","0","19448","22880","5"
"N8060650","MAGNETO ASSY KS 110 ref","General Spare Parts","TVS / Universal","0","15478.5","18210","5"
"N8060660","TCI UNIT","General Spare Parts","TVS / Universal","0","11262.5","13250","5"
"N8070180","GEAR ASSY PRIMARY DRIVEN (ALTI","General Spare Parts","TVS / Universal","0","8704","10240","5"
"N80702SO","HUB CLUTCH","General Spare Parts","TVS / Universal","0","1368.5","1610","5"
"N8070280","CENTER CLUTCH ASSY (AIT)","General Spare Parts","TVS / Universal","0","9027","10620","5"
"N80703SO","SPACER CLUTCH - SMALL (ALTI","General Spare Parts","TVS / Universal","0","425","500","5"
"N8070350","PLATE ASSY PRIMARY DRIVE ASSY","General Spare Parts","TVS / Universal","0","39202","46120","5"
"N8070400","CLUTCH CABLE","Electrical","TVS / Universal","0","425","500","5"
"N8080360","LEVER ASSY KICKSTARTER (ALTI","General Spare Parts","TVS / Universal","0","5559","6540","5"
"N8080380","JOINT KICK STARTER (ALTI","General Spare Parts","TVS / Universal","0","1827.5","2150","5"
"N80803GO","PIN KICK STARTER LEVER","General Spare Parts","TVS / Universal","0","425","500","5"
"N8080400","SPRING KICKSTARTER LEVER","General Spare Parts","TVS / Universal","0","425","500","5"
"N8080410","DUST COVER GEARSHIFT CAM","Brakes","TVS / Universal","0","425","500","5"
"N8080420","LEVER ASSY KICKSTARTER (ALTI","General Spare Parts","TVS / Universal","0","5440","6400","5"
"N80804SO","JOINT KICK STARTER 1,","General Spare Parts","TVS / Universal","0","586.5","690","5"
"N8080470","GAUGE OIL LEVEL","Oils & Fluids","TVS / Universal","0","425","500","5"
"N8080480","CHAIN ASSY 112 LINKS (ALTI","General Spare Parts","TVS / Universal","0","4530.5","5330","5"
"N80804GO","OIL SEPARATOR","Oils & Fluids","TVS / Universal","0","671.5","790","5"
"N80805SO","SHAFT COMP GEARSHIFT","General Spare Parts","TVS / Universal","0","3332","3920","5"
"N8080560","SHAFT CLUTCH","General Spare Parts","TVS / Universal","0","4139.5","4870","5"
"N8080S50","PIPE COMP BREATHER","General Spare Parts","TVS / Universal","0","425","500","5"
"N8080680","OILPUMP ASSY-STAR (ALTI","Oils & Fluids","TVS / Universal","0","2932.5","3450","5"
"N8080800","GEAR 2ND DRIVE MC","General Spare Parts","TVS / Universal","0","1207","1420","5"
"N8080810","GEAR 2ND DRIVEN MC","General Spare Parts","TVS / Universal","0","2805","3300","5"
"N8080GOO","PUMP ASSY 01","General Spare Parts","TVS / Universal","0","2618","3080","5"
"N8080G40","CLAMP WIRING HARNESS","Electrical","TVS / Universal","0","425","500","5"
"N8080GGO","LEVER ASSY GEAR SHIFT_-METRO","General Spare Parts","TVS / Universal","0","1776.5","2090","5"
"N8081050","COVER ENGINE SPROCKET NP","Engine","TVS / Universal","0","88.4","104","5"
"N80810GO","CONTACT GEAR SHIFT SWITCH COMP","Electrical","TVS / Universal","0","425","500","5"
"N8081110","LEVER GEARSHIFT ASSY","General Spare Parts","TVS / Universal","0","2456.5","2890","5"
"N80811SO","LOCK PLATE","General Spare Parts","TVS / Universal","0","425","500","5"
"N8081180","SPACER","General Spare Parts","TVS / Universal","0","425","500","5"
"N8090210","BOLT TORQUE LINK MTG - STAR (AIT)","General Spare Parts","TVS / Universal","0","425","500","5"
"N8090280","SHOCK ABSORBER RH -STAR CITY","General Spare Parts","TVS / Universal","0","9010","10600","5"
"N80903SO","CHAINCASE COMP UPPER","General Spare Parts","TVS / Universal","0","2227","2620","5"
"N80903305D","CHAINCASE COMP UPPER BLACK","General Spare Parts","TVS / Universal","0","3221.5","3790","5"
"N8090340","CHAINCASE COMP LOWER (AIT)","General Spare Parts","TVS / Universal","0","2227","2620","5"
"N80903405D","CHAINCASE COMP LOWER BLACK","General Spare Parts","TVS / Universal","0","3221.5","3790","5"
"N8090360","SHOCK ABSORBER LH -STAR CITY","General Spare Parts","TVS / Universal","0","9010","10600","5"
"N8090380","BUFFER CHAINCASE DEFENCE","General Spare Parts","TVS / Universal","0","892.5","1050","5"
"N8090400","SHOCK ABSORBER","General Spare Parts","TVS / Universal","0","9010","10600","5"
"N8090440","AXLE 12x265 (AIT)","General Spare Parts","TVS / Universal","0","1751","2060","5"
"N8090520","SWINGARM SUB ASSY","General Spare Parts","TVS / Universal","0","12367.5","14550","5"
"N8090760","BUFFER CHAIN TOUCH DEFENCE","General Spare Parts","TVS / Universal","0","705.5","830","5"
"N8090GOO","CHAINCASE UPPER-METRO","General Spare Parts","TVS / Universal","0","2550","3000","5"
"N80GOG10","CHAINCASE LOWER-METRO (ALTI","General Spare Parts","TVS / Universal","0","2550","3000","5"
"N8091100","SHOCK ABSORBER UZ121-METR0","General Spare Parts","TVS / Universal","0","8593.5","10110","5"
"N80911002C","SHOCK ABSORBER UP121 SIL MET METRO","General Spare Parts","TVS / Universal","0","6740.5","7930","5"
"N8091180","TORQUE LINK REAR","General Spare Parts","TVS / Universal","0","425","500","5"
"N80911GO","CHAIN CASE COMP. UPPER","General Spare Parts","TVS / Universal","0","3850.5","4530","5"
"N80912SO","CHAIN COVER COMP LOWER (AIT)","General Spare Parts","TVS / Universal","0","3170.5","3730","5"
"N81005GO","STAY COMP L HEADLAMP","Engine","TVS / Universal","0","1232.5","1450","5"
"N8100SOO","STAY COMP R HEAD LAMP","Engine","TVS / Universal","0","790.5","930","5"
"N8100S80","UNDER BRKT COMP","General Spare Parts","TVS / Universal","0","8262","9720","5"
"N8100820","SPRING FRONT FORK","General Spare Parts","TVS / Universal","0","2295","2700","5"
"N8100G50","LEG ASSY L FRONT FORK","General Spare Parts","TVS / Universal","0","36133.5","42510","5"
"N8100GSO","LEG ASSY R FRONT FORK","General Spare Parts","TVS / Universal","0","18759.5","22070","5"
"N8100G70","FRONT FORK ASSY -STAR","General Spare Parts","TVS / Universal","0","34782","40920","5"
"N8101020","LEG ASSY LH","General Spare Parts","TVS / Universal","0","36133.5","42510","5"
"N8101040","LEG ASSY RH","General Spare Parts","TVS / Universal","0","36133.5","42510","5"
"N8101220","PACKING","General Spare Parts","TVS / Universal","0","425","500","5"
"N81012SO","BOLT","General Spare Parts","TVS / Universal","0","425","500","5"
"N8101240","WASHER","General Spare Parts","TVS / Universal","0","425","500","5"
"N8101260","OUTER TUBE LH ( OLD )32g mm -STAR","General Spare Parts","TVS / Universal","0","3451","4060","5"
"N8101270","OUTER TUBE RH ( OLD ) 329 mm-STAR","General Spare Parts","TVS / Universal","0","15589","18340","5"
"N8101280","INNER TUBE FRONT FORK OLD 546_5mm","General Spare Parts","TVS / Universal","0","15393.5","18110","5"
"N8101320","REBOUND SPRING","General Spare Parts","TVS / Universal","0","425","500","5"
"N8101360","O RING","General Spare Parts","TVS / Universal","0","425","500","5"
"N8101370","SEAL DUST","General Spare Parts","TVS / Universal","0","909.5","1070","5"
"N8101500","UNDER BRKT COMP - STAR CITY","General Spare Parts","TVS / Universal","0","10149","11940","5"
"N8101550","FORK ASSY FRONT -STAR CITY (AIT)","General Spare Parts","TVS / Universal","0","76117.5","89550","5"
"N8101560","DUST SEAL FRONT FORK (AIT)","General Spare Parts","TVS / Universal","0","748","880","5"
"N8101570","FORK INNER TUBE NEW551mm -STAR/ DLX","General Spare Parts","TVS / Universal","0","14348","16880","5"
"N8101580","OUTER TUBE LH NEW 310mm - STAR","General Spare Parts","TVS / Universal","0","4335","5100","5"
"N81015GO","OUTER TUBE RH NEW 310mm -STAR","General Spare Parts","TVS / Universal","0","2983.5","3510","5"
"N8101700","FR FORK ASSY-STAR CITY ALLOY WHEEL","General Spare Parts","TVS / Universal","0","23715","27900","5"
"N81017007D","FR FORK ASSY STAR CITY GREY (ALTI","General Spare Parts","TVS / Universal","0","99866.5","117490","5"
"N8101G807D","LEG ASSY FRONT L 30 678.00","General Spare Parts","TVS / Universal","0","27268","32080","5"
"N8101GG07D","LEG ASSY FRONT R SO 67800","General Spare Parts","TVS / Universal","0","27268","32080","5"
"N81020007D","FORK ASSY FRONT T_GREY JIVE","General Spare Parts","TVS / Universal","0","89267","105020","5"
"N8110110","HUB COMP FR WHEEL MACHINED","General Spare Parts","TVS / Universal","0","10786.5","12690","5"
"N8110240","ROD REAR BRAKE COMP","Brakes","TVS / Universal","0","612","720","5"
"N8110380","SPACER REAR AXLE L","General Spare Parts","TVS / Universal","0","425","500","5"
"N81103GO","SPACER REAR AXLE R","General Spare Parts","TVS / Universal","0","425","500","5"
"N8110440","CUSHION","General Spare Parts","TVS / Universal","0","425","500","5"
"N8110550","BALL BEARING 10x30xg C3 6200 RSI","General Spare Parts","TVS / Universal","0","1717","2020","5"
"N8110710","SPLIT PIN - WEGO","General Spare Parts","TVS / Universal","0","425","500","5"
"N8110820","GEAR SPEEDOMETER 24T 1,","General Spare Parts","TVS / Universal","0","246.5","290","5"
"N81108SO","OILSEAL FRONT HUB","Oils & Fluids","TVS / Universal","0","697","820","5"
"N8110GSO","SHAFT REAR SPRKT MTG","General Spare Parts","TVS / Universal","0","1028.5","1210","5"
"N8110G70","ROD COMP REAR BRAKE","Brakes","TVS / Universal","0","756.5","890","5"
"N8111000","SPROCKET REAR 44T","General Spare Parts","TVS / Universal","0","425","500","5"
"N8111010","AXLE M12x28g","General Spare Parts","TVS / Universal","0","1547","1820","5"
"SPRING","STOP LAMP SWITCH","Electrical","TVS / Universal","0","425","500","5"
"N81113SO","WHEEL ASSY REAR (ALLOY) -STAR CITY","General Spare Parts","TVS / Universal","0","73176.5","86090","5"
"N8111470","PEDAL COMP BRAKE","Brakes","TVS / Universal","0","2703","3180","5"
"N81114705D","PEDAL COMP BRAKE BLACK-METRO","Brakes","TVS / Universal","0","2524.5","2970","5"
"N8111520","ROD COMP REAR BRAKE- METRO","Brakes","TVS / Universal","0","790.5","930","5"
"N8111570","BUSHING SPEEDO GEAR PINION-METRO","General Spare Parts","TVS / Universal","0","425","500","5"
"N8111580","SHAFT SPROCKET MTG DRUM-METRO","General Spare Parts","TVS / Universal","0","425","500","5"
"N8111620","AXLE DIA 12 X 250-METRO (AIT)","General Spare Parts","TVS / Universal","0","1054","1240","5"
"N8111720","SPACER R REAR AXLE-METRO","General Spare Parts","TVS / Universal","0","425","500","5"
"N8111800","ALLOW WHEEL","General Spare Parts","TVS / Universal","0","41046.5","48290","5"
"N8111810","ALLOY WHEEL 1.85"" 18"" 6 DRUM","General Spare Parts","TVS / Universal","0","47030.5","55330","5"
"N8111860","AXLE DIA 15 X 250","General Spare Parts","TVS / Universal","0","2014.5","2370","5"
"N8111GOO","CAM BRAKE R3 MACHINED","Brakes","TVS / Universal","0","1105","1300","5"
"N8112200","ALLOY WHEEL FR","General Spare Parts","TVS / Universal","0","33022.5","38850","5"
"N8112210","ALLOY WHEEL RR 185x18""","General Spare Parts","TVS / Universal","0","30234.5","35570","5"
"N8112240","TYRE 17 3.00 REAR UP. 121","General Spare Parts","TVS / Universal","0","22083","25980","5"
"N8112270","ALLY WHL RR 18K 17"" - ST-METRO","General Spare Parts","TVS / Universal","0","17799","20940","5"
"N81122705D","ALLY WHL RR L6x17"" 110 5 SPK","General Spare Parts","TVS / Universal","0","30872","36320","5"
"N8112280","ALLY WHL FR 1.4 X 17"" SIL-METRO","General Spare Parts","TVS / Universal","0","31365","36900","5"
"N81122GO","WHL ASSY FR ALLY SIL - SPORT-METRO","General Spare Parts","TVS / Universal","0","51697","60820","5"
"N8112310","WHL ASSY RR ALLY SIL - STAR-METRO","General Spare Parts","TVS / Universal","0","60069.5","70670","5"
"N81123SO","DRUM RR SPROCKET ASSY 39T um12","General Spare Parts","TVS / Universal","0","4692","5520","5"
"N8112340","TUBE 3.00"" x 17"" REAR-METRO","General Spare Parts","TVS / Universal","0","3493.5","4110","5"
"N811235G","PROTECTOR PEDAL BRAKE UZ121-METR0","Brakes","TVS / Universal","0","425","500","5"
"N8112360","BRAKE PADEL METRO","Brakes","TVS / Universal","0","2898.5","3410","5"
"N8112380","BRAKE PEDAL ASSY DRUM","Brakes","TVS / Universal","0","4156.5","4890","5"
"N8112450","HOSE DISC BRAKE FR","Brakes","TVS / Universal","0","2660.5","3130","5"
"N81126605D","ALLY WHL FR 1.4x17"" 130 5 SPK","General Spare Parts","TVS / Universal","0","32121.5","37790","5"
"N8112740","ROD REAR BRAKE COMPLET","Brakes","TVS / Universal","0","824.5","970","5"
"N8120440","CUSHION","General Spare Parts","TVS / Universal","0","425","500","5"
"N8120540","TUBE COMP PILLION FOOTREST R","General Spare Parts","TVS / Universal","0","3145","3700","5"
"N8120580","TUBE COMP PILLION FOOTREST L","General Spare Parts","TVS / Universal","0","731","860","5"
"N8120GOO","FRAME COMP","General Spare Parts","TVS / Universal","0","39491","46460","5"
"N8120G10","CONE BOTTOM","General Spare Parts","TVS / Universal","0","1045.5","1230","5"
"N8120G20","DUST SEAL STEERING LOWER","General Spare Parts","TVS / Universal","0","425","500","5"
"N8120GSO","STAND COMP CENTER","General Spare Parts","TVS / Universal","0","3060","3600","5"
"N8120GGO","BAR COMP FOOTREST","General Spare Parts","TVS / Universal","0","5559","6540","5"
"N81211501H","COVER FRAME L+TAPESET POLYESTER RED","General Spare Parts","TVS / Universal","0","2269.5","2670","5"
"N81211503M","COVER FRAME L+TAPESET POLYESTER BLU","General Spare Parts","TVS / Universal","0","1708.5","2010","5"
"N81211504D","COVER FRAME L+TAPESET POLYESTER BLK","General Spare Parts","TVS / Universal","0","7726.5","9090","5"
"N81211504DA","COVER FRAME LH POLW BLACK NEW STAR","General Spare Parts","TVS / Universal","0","7403.5","8710","5"
"N81211506G","COVER FRAME LH FLAME RED -STAR","General Spare Parts","TVS / Universal","0","7403.5","8710","5"
"N81211601H","COVER FRAME R+TAPESET POLYESTER RED","General Spare Parts","TVS / Universal","0","8967.5","10550","5"
"N81211603M","COVER FRAME R+TAPESET POLYESTERBLUE","General Spare Parts","TVS / Universal","0","7403.5","8710","5"
"N81211604D","COVER FRAME R+TAPESET POLYESTER BLK","General Spare Parts","TVS / Universal","0","1683","1980","5"
"N81211604DA","COVER FRAME RH POLY_ BLACK - STAR","General Spare Parts","TVS / Universal","0","7403.5","8710","5"
"N81211606G","COVER FRAME R FLAME RED -STAR","General Spare Parts","TVS / Universal","0","7403.5","8710","5"
"N8121340","BODY' COMP FENDER REAR (ALTI","General Spare Parts","TVS / Universal","0","14263","16780","5"
"N8121370","BODY' FRONT FENDER REAR (ALTI","General Spare Parts","TVS / Universal","0","1249.5","1470","5"
"N81214GO","DUST COVER CRANKCASE","Engine","TVS / Universal","0","637.5","750","5"
"N8121560","BATTERY HOLDER","Electrical","TVS / Universal","0","1810.5","2130","5"
"N8121570","PAD FENDER REAR","Brakes","TVS / Universal","0","425","500","5"
"N81215GO","PILLION FOOTREST L","General Spare Parts","TVS / Universal","0","2320.5","2730","5"
"N8121S40","PILLION FOOTREST R","General Spare Parts","TVS / Universal","0","1470.5","1730","5"
"N8121700","8RKT COMP LICENCE PLATE REAR","General Spare Parts","TVS / Universal","0","425","500","5"
"N8121710","ICENCE PLATE REAR","General Spare Parts","TVS / Universal","0","1020","1200","5"
"N8121780","BOLT SPL PILLION FOOTREST","General Spare Parts","TVS / Universal","0","425","500","5"
"N8121850","8RKT COMP LICENCE PLATE","General Spare Parts","TVS / Universal","0","425","500","5"
"N81218GO","SPRING PROP STAND","General Spare Parts","TVS / Universal","0","425","500","5"
"N8121G20","8RKT FRONT ENGINE MTG","Engine","TVS / Universal","0","425","500","5"
"N8122170","FRAME COMPLETE STAR DLX","General Spare Parts","TVS / Universal","0","39491","46460","5"
"N8122300","CUSHION COVER FRAME FRONT","General Spare Parts","TVS / Universal","0","425","500","5"
"N8122S10","CUP WASHER","General Spare Parts","TVS / Universal","0","425","500","5"
"N81228SO","BATTERY HOLDER-STAR","Electrical","TVS / Universal","0","425","500","5"
"N8122850","PILLION FOOT REST LH -STAR","General Spare Parts","TVS / Universal","0","2516","2960","5"
"N81228GO","DUST COVER CRANKCASE-STAR CITY","Engine","TVS / Universal","0","425","500","5"
"N8122G10","FOOTREST ASSY PILLION METRO","General Spare Parts","TVS / Universal","0","756.5","890","5"
"N8122GSO","8RKT BATTERY HOLDER","Electrical","TVS / Universal","0","425","500","5"
"N8123370","COVER SEAT LOCK CABLE - METRO","Electrical","TVS / Universal","0","425","500","5"
"N8123570","BATTERY HOLDER N45 - METRO","Electrical","TVS / Universal","0","1725.5","2030","5"
"N8123700","BATTERY HOLDER","Electrical","TVS / Universal","0","1666","1960","5"
"N81241GG","ENGINE MTG FR COMP S SPORT 125","Engine","TVS / Universal","0","1725.5","2030","5"
"N8124220","RIDER FOOTREST ASSY UP_121-METR0","General Spare Parts","TVS / Universal","0","6443","7580","5"
"N8124300","FRAME COMP STAR SPORT CVTI_-METRO","General Spare Parts","TVS / Universal","0","14288.5","16810","5"
"N8124310","PROP STAND COMP up_121","General Spare Parts","TVS / Universal","0","425","500","5"
"N8124450","FRAME COMP - JIVE","General Spare Parts","TVS / Universal","0","59593.5","70110","5"
"N8124480","8RKT ENGINE MTG FRONT","Engine","TVS / Universal","0","1504.5","1770","5"
"N81244GO","BATTERY HOLDER","Electrical","TVS / Universal","0","1496","1760","5"
"N8124500","arkt. Battery Holder","Electrical","TVS / Universal","0","425","500","5"
"N8124510","8RKT IGN COIL MTG NP","Oils & Fluids","TVS / Universal","0","88.4","104","5"
"N8130100","SEAT ASSY - STAR","General Spare Parts","TVS / Universal","0","20595.5","24230","5"
"N8130110","SEAT FOAM","General Spare Parts","TVS / Universal","0","1717","2020","5"
"N8130120","SEAT BASE","General Spare Parts","TVS / Universal","0","7896.5","9290","5"
"N81301SO","CUSHION (ALT)","General Spare Parts","TVS / Universal","0","425","500","5"
"N8130160","SEAT REXINE (COVER)","General Spare Parts","TVS / Universal","0","3383","3980","5"
"N8130180","SEAT FOAM","General Spare Parts","TVS / Universal","0","9044","10640","5"
"N81301GO","COVER COMP SEAT","General Spare Parts","TVS / Universal","0","3383","3980","5"
"N8130200","SEAT ASSY - STAR DLX/CITY (ALT)","General Spare Parts","TVS / Universal","0","18819","22140","5"
"N8130260","SEAT ASSY WITH CLIP - STAR DLX","General Spare Parts","TVS / Universal","0","3315","3900","5"
"N8130280","SEAT ASSY N45 - METRO","General Spare Parts","TVS / Universal","0","19516","22960","5"
"N81302GO","SEAT BASE -STAR SPORT","General Spare Parts","TVS / Universal","0","3170.5","3730","5"
"N8130300","SEAT FOAM - STAR SPORT","General Spare Parts","TVS / Universal","0","3170.5","3730","5"
"N8130310","SEAT COVER(STAR SPORT) - METRO","General Spare Parts","TVS / Universal","0","2244","2640","5"
"N8130320","SEAT REST REAR -STAR SPORT","General Spare Parts","TVS / Universal","0","425","500","5"
"N8130400","SEAT ASSY JIVE","General Spare Parts","TVS / Universal","0","19099.5","22470","5"
"N8130410","SEAT BASE METRO +","General Spare Parts","TVS / Universal","0","5516.5","6490","5"
"N81304SO","COVER COMP SEAT METRO +","General Spare Parts","TVS / Universal","0","3306.5","3890","5"
"N81402101H","TANK COMP FUEL+TAPESET POLYESTERRED","General Spare Parts","TVS / Universal","0","39890.5","46930","5"
"N81402103M","TANK COMP FUEL+TAPESET POLYESTERBLU","General Spare Parts","TVS / Universal","0","39890.5","46930","5"
"N81402104D","TANK COMP FUEL+TAPESET POLYESTERBLK","General Spare Parts","TVS / Universal","0","39890.5","46930","5"
"N81402104DB","TANK COMP FUEL POLY BLACK NEW-STAR","General Spare Parts","TVS / Universal","0","29962.5","35250","5"
"N81402104DC","TANK COMP FUEL+TAPESET POLY BLK","General Spare Parts","TVS / Universal","0","39890.5","46930","5"
"N81402106GA","TANK COMP FUEL+TAPESET FLAME RED","General Spare Parts","TVS / Universal","0","39890.5","46930","5"
"N81402106GB","TANK COMP FUEL+TAPESET FLAME RED","General Spare Parts","TVS / Universal","0","36465","42900","5"
"N814021093A","TANK COMP FUEL DEEP PURPLE -CITY","General Spare Parts","TVS / Universal","0","39890.5","46930","5"
"N81402109L","TANK COMP FUEL+TAPESET GRN GAY-CITY","General Spare Parts","TVS / Universal","0","425","500","5"
"N8140260","FUEL COCK ASSY","General Spare Parts","TVS / Universal","0","2541.5","2990","5"
"N81403704DA","TANK COMP FUEL","General Spare Parts","TVS / Universal","0","42330","49800","5"
"N81403704DF","FUEL TANK COMP BLK+3LU -STAR 125","General Spare Parts","TVS / Universal","0","45203","53180","5"
"N81403704DG","FUEL TANK COMP BLK+RED - STAR 125","General Spare Parts","TVS / Universal","0","47770","56200","5"
"N81403706G","TANK COMP FUEL FLAME RED +FGUAGE","General Spare Parts","TVS / Universal","0","39890.5","46930","5"
"N81403706GA","TANK COMP FUEL","General Spare Parts","TVS / Universal","0","33056.5","38890","5"
"N81403706GB","TANK COMP FUEL FRED (WITH FGUAGE)","General Spare Parts","TVS / Universal","0","42330","49800","5"
"N81403706GE","FUEL TANK COMP FL RED - STAR 125","General Spare Parts","TVS / Universal","0","47770","56200","5"
"N81403707M","TANK COMP FUEL DNM BLUE(withFG 50,","General Spare Parts","TVS / Universal","0","654.5","770","5"
"N814037093A","TANK COMP FUEL","General Spare Parts","TVS / Universal","0","42330","49800","5"
"N81403709L","TANK COMP FUEL G GREY(WITH F GUAGE)","General Spare Parts","TVS / Universal","0","39890.5","46930","5"
"N81403709LA","TANK COMP FUEL","General Spare Parts","TVS / Universal","0","42330","49800","5"
"N81405104DG","TANK COMP FUEL BLACK+3LUE -METRO","General Spare Parts","TVS / Universal","0","45143.5","53110","5"
"N81405104DH","FUEL TANK COMP. 8LK+RED - METRO ES","General Spare Parts","TVS / Universal","0","45143.5","53110","5"
"N81405104DL","TANK COMP FUEL + TAPE SET BLACK+RED","General Spare Parts","TVS / Universal","0","43035.5","50630","5"
"N81405104DM","FUEL TANK COMP. aLK+GRN - METRO ES","General Spare Parts","TVS / Universal","0","36992","43520","5"
"N81405104DN","FUEL TANK COMP. 8LK+0RG - METRO ES","General Spare Parts","TVS / Universal","0","42058","49480","5"
"N81405104DP","TANK COMP FUEL METRO ES BLACK/B U","General Spare Parts","TVS / Universal","0","27404","32240","5"
"N81405106GB","TANK COMP FUEL (METRO)","General Spare Parts","TVS / Universal","0","45143.5","53110","5"
"N81405106GE","FUEL TANK COMP. FL RED - METRO ES","General Spare Parts","TVS / Universal","0","50150","59000","5"
"N8140510DB","TANK COMP FUEL+TAPESET","General Spare Parts","TVS / Universal","0","51986","61160","5"
"N814051G6G","FUEL TANK RED (METRO)","General Spare Parts","TVS / Universal","0","45143.5","53110","5"
"N81405SO","CUSHION FUEL TANK L - METRO","General Spare Parts","TVS / Universal","0","425","500","5"
"N8140540","CUSHION FUEL TANK R - METRO","General Spare Parts","TVS / Universal","0","425","500","5"
"N8140550","CUSHION FUEL TANK CENTER - METRO","General Spare Parts","TVS / Universal","0","425","500","5"
"N814067013","FUEL TANK COMP +T.SET MET BLUE","General Spare Parts","TVS / Universal","0","48195","56700","5"
"N8140S704D","FUEL TANK COMP +T.SET BLACK Jl","General Spare Parts","TVS / Universal","0","14875","17500","5"
"N8140S704DA","FUEL TANK COMP+T SET BLACK","General Spare Parts","TVS / Universal","0","47455.5","55830","5"
"N8140S706G","FUEL TANK COMP + TSET FL RED","General Spare Parts","TVS / Universal","0","53745.5","63230","5"
"N8140720","FUEL TANK CAP ASSY - JIVE","General Spare Parts","TVS / Universal","0","425","500","5"
"N8150050","SWITCH ASSY L","Electrical","TVS / Universal","0","425","500","5"
"N8150080","SPEEDOMETER ASSY","General Spare Parts","TVS / Universal","0","8049.5","9470","5"
"N81500GO","MIRROR ASSY L","General Spare Parts","TVS / Universal","0","425","500","5"
"N8150100","MIRROR ASSY R","General Spare Parts","TVS / Universal","0","1496","1760","5"
"N8150110","HANDLE BAR","General Spare Parts","TVS / Universal","0","4573","5380","5"
"N81501105D","HANDLE BAR MATTE BLK STAR SPORT 125","General Spare Parts","TVS / Universal","0","5117","6020","5"
"N8150120","CONTROL LEVER ASSY RH","General Spare Parts","TVS / Universal","0","4581.5","5390","5"
"N8150150","HOLDER BRAKE","Brakes","TVS / Universal","0","1666","1960","5"
"N8150160","HOLDER CLUTCH","General Spare Parts","TVS / Universal","0","1691.5","1990","5"
"N8150180","GRIP LH","General Spare Parts","TVS / Universal","0","595","700","5"
"N81501GO","GRIP COMP THROTTLE","General Spare Parts","TVS / Universal","0","935","1100","5"
"N8150220","SWITCH ASSY LH","Electrical","TVS / Universal","0","7998.5","9410","5"
"N8150380","HANDLE BAR (METRO) (ALTI","General Spare Parts","TVS / Universal","0","3833.5","4510","5"
"N81503805D","HANDLE BAR PAINTED - METRO","General Spare Parts","TVS / Universal","0","3952.5","4650","5"
"N8160010","HORN ASSY DC","Electrical","TVS / Universal","0","1564","1840","5"
"N8160020","LAMP ASSY REAR COMBINATION","Electrical","TVS / Universal","0","3714.5","4370","5"
"N81600SO","WIRING HARNESS -STAR/DLX","General Spare Parts","TVS / Universal","0","4105.5","4830","5"
"N8160040","HEADLAMP COMP","Engine","TVS / Universal","0","10098","11880","5"
"N8160070","TURN SIGNAL ASSY","General Spare Parts","TVS / Universal","0","1402.5","1650","5"
"N8160080","TURN SIGNAL ASSY RL","General Spare Parts","TVS / Universal","0","1513","1780","5"
"N81600GO","TURN SIGNAL ASSY RR","General Spare Parts","TVS / Universal","0","425","500","5"
"N8160110","LENS RC LAMP","Electrical","TVS / Universal","0","841.5","990","5"
"N81601SO","REGULATOR cuM FLASHER UNI (AIT)","General Spare Parts","TVS / Universal","0","5516.5","6490","5"
"N8160170","LENS TURN SIGNAL","General Spare Parts","TVS / Universal","0","425","500","5"
"N81601GO","CASE UNDER LH","General Spare Parts","TVS / Universal","0","739.5","870","5"
"N8160200","CASE UNDER RH","General Spare Parts","TVS / Universal","0","425","500","5"
"N8160240","LENS RC LAMP 1,","Electrical","TVS / Universal","0","586.5","690","5"
"N8160280","TURN SIGNAL ASSY FR LH","General Spare Parts","TVS / Universal","0","2091","2460","5"
"N8160280E","TURN SIGNAL ASSY FR LH","General Spare Parts","TVS / Universal","0","425","500","5"
"N81602GO","TURN SIGNAL ASY FR RH","General Spare Parts","TVS / Universal","0","2516","2960","5"
"N81602GOE","TURN SIGNAL ASY FR RH","General Spare Parts","TVS / Universal","0","807.5","950","5"
"N8160300","TURN SIGNAL RR LH","General Spare Parts","TVS / Universal","0","1921","2260","5"
"N8160300E","TURN SIGNAL RR LH","General Spare Parts","TVS / Universal","0","425","500","5"
"N8160310","TURN SIGNAL ASSY RR RH","General Spare Parts","TVS / Universal","0","1997.5","2350","5"
"N8160310E","TURN SIGNAL ASSY RR RH","General Spare Parts","TVS / Universal","0","425","500","5"
"N81603SO","WIRING HARNESS SPEEDO -STAR/DLX","General Spare Parts","TVS / Universal","0","1079.5","1270","5"
"N8160340","HEADLAMP ASSY STAR CITY","Engine","TVS / Universal","0","8185.5","9630","5"
"N8160340E","HEADLAMP ASSY STAR CITY","Engine","TVS / Universal","0","4182","4920","5"
"N8160350","HEX FLANGE BOLT M4X12","General Spare Parts","TVS / Universal","0","425","500","5"
"N81603GO","CONTROL SWITCH ASSY L","Electrical","TVS / Universal","0","5788.5","6810","5"
"N8160410","WIRING HARNESS -STAR CITY","General Spare Parts","TVS / Universal","0","6162.5","7250","5"
"N8160440","CLUTCH HOLDER - STAR CITY","General Spare Parts","TVS / Universal","0","1105","1300","5"
"N8160450","CASE UNDER LH -STAR CITY","General Spare Parts","TVS / Universal","0","807.5","950","5"
"N8160480","CONTROL LEVER ASSY RH STAR CIT","General Spare Parts","TVS / Universal","0","2635","3100","5"
"N81604GO","IGNITION / STEERING LOCK","General Spare Parts","TVS / Universal","0","4836.5","5690","5"
"N8160510","FUEL SENDER UNIT","General Spare Parts","TVS / Universal","0","2473.5","2910","5"
"N8160520","STARTER RELAY ES-CITY REF","General Spare Parts","TVS / Universal","0","6298.5","7410","5"
"N8160570","TAIL ASSY -STAR SPT/DL - METRO","General Spare Parts","TVS / Universal","0","4938.5","5810","5"
"N8160SOO","LENS RC LAMP - STAR SPORT - METRO","Electrical","TVS / Universal","0","1768","2080","5"
"N8160SSO","WIRING HARNESS (for FUEL GUAGE)","General Spare Parts","TVS / Universal","0","6961.5","8190","5"
"N81607SO","WIRING HARNESS KS","General Spare Parts","TVS / Universal","0","6315.5","7430","5"
"N8160760","TURN SIGNAL ASSY FL METRO (ALTI","General Spare Parts","TVS / Universal","0","2507.5","2950","5"
"N8160770","SIGNAL LAMP FRONT RH (METRO) (ACT)","Electrical","TVS / Universal","0","2295","2700","5"
"N81607GO","SIGNAL LAMP REAR RH(METRO) (ALTI","Electrical","TVS / Universal","0","2040","2400","5"
"N81608SO","WIRING HARNESS ES-CITY REF","General Spare Parts","TVS / Universal","0","8347","9820","5"
"N8160GOO","HORN ASSY 12V DC - METRO","Electrical","TVS / Universal","0","2703","3180","5"
"N8160G40","CASE UNDER RH METRO ES","General Spare Parts","TVS / Universal","0","425","500","5"
"N8160GSO","FUEL SENDER UNIT - METRO","General Spare Parts","TVS / Universal","0","3051.5","3590","5"
"N8161100","CORD SET SPEEDOMETER WITH Fl -CITY","General Spare Parts","TVS / Universal","0","1071","1260","5"
"N8161120","HEADLAMP ASSY -STARCITY 110","Engine","TVS / Universal","0","10897","12820","5"
"N81611SO","CONTROL SWITCH ASSY LH (METRO)","Electrical","TVS / Universal","0","7216.5","8490","5"
"N8161180","SWITCH ASSY LH - SPORT CVTI.-METRO","Electrical","TVS / Universal","0","5729","6740","5"
"N8161210","CORD SET HEADLAMP UP_121-METR0 (ALTI","Engine","TVS / Universal","0","977.5","1150","5"
"N8161240","WIRING HARNESS . UZ121-METR0","General Spare Parts","TVS / Universal","0","7148.5","8410","5"
"N81612GO","CORD SET STARTER RELAY","General Spare Parts","TVS / Universal","0","1836","2160","5"
"N8161320","WIRING HARNESS ES","General Spare Parts","TVS / Universal","0","11670.5","13730","5"
"N8161460","CORD SET STARTER RELAY","General Spare Parts","TVS / Universal","0","2227","2620","5"
"N81614GO","STARTER RELAY ASSY","General Spare Parts","TVS / Universal","0","2720","3200","5"
"N8161510","SET SWITCH","Electrical","TVS / Universal","0","425","500","5"
"N8161520","STARTER RELAY","General Spare Parts","TVS / Universal","0","7089","8340","5"
"N8161580","CORD SET HEADLAM","Engine","TVS / Universal","0","620.5","730","5"
"N81615GO","SWITCH ASSY L","Electrical","TVS / Universal","0","6400.5","7530","5"
"N8161670","FUEL SENDER ASSY JIVE","General Spare Parts","TVS / Universal","0","2346","2760","5"
"N8161720","SOCKET MOBILE CHARGER","General Spare Parts","TVS / Universal","0","425","500","5"
"N81700SO","CABLE ASSY SPEEDOMETER","Electrical","TVS / Universal","0","1572.5","1850","5"
"N8170050","CABLE ASSY THROTTLE","Electrical","TVS / Universal","0","425","500","5"
"N8170100","CABLE ASSY THROTTLE -STAR CITY","Electrical","TVS / Universal","0","1768","2080","5"
"N8170170","CABLE ASSY THROTTLE-STAR-S","Electrical","TVS / Universal","0","1581","1860","5"
"N8170180","CABLE ASSY FR BRAKE 1,","Brakes","TVS / Universal","0","561","660","5"
"N81701GO","CABLE ASSY CLUTCH METRO","Electrical","TVS / Universal","0","1547","1820","5"
"N8170200","CABLE ASSY THROTTLE METRO","Electrical","TVS / Universal","0","425","500","5"
"N8170210","CABLE ASSY CHOKE METRO","Electrical","TVS / Universal","0","425","500","5"
"N8170260","CABLE ASSY SPEEDO (METRO)","Electrical","TVS / Universal","0","2057","2420","5"
"N8170280","CABLE ASSY THROTTLE","Electrical","TVS / Universal","0","1972","2320","5"
"N8170310","CABLE SEAT LOCK METRO +","Electrical","TVS / Universal","0","425","500","5"
"N8170320","CABLE ASSY SPEEDO","Electrical","TVS / Universal","0","1555.5","1830","5"
"N8180460","ENGINE ASSY JIVE Ilocc","Engine","TVS / Universal","0","302991","356460","5"
"N82000SO","HEX FL BOLT M8X75","General Spare Parts","TVS / Universal","0","425","500","5"
"N8200050","BOLT CENTER STAND","General Spare Parts","TVS / Universal","0","425","500","5"
"N8200080","CRR PAN HEAD SCREW M5x10","Engine","TVS / Universal","0","425","500","5"
"N82000GO","REC CSK SCREW M5x15","General Spare Parts","TVS / Universal","0","425","500","5"
"N8200100","HEX SCREW M6x12 ZEST (ALTI","General Spare Parts","TVS / Universal","0","425","500","5"
"N8200110","WAVE SPRING WASHER MS (ALTI","General Spare Parts","TVS / Universal","0","425","500","5"
"N8200150","HEX BOLT M8x60","General Spare Parts","TVS / Universal","0","425","500","5"
"N8200180","PARALLEL KEY 3 4X4xso","General Spare Parts","TVS / Universal","0","399.5","470","5"
"N8200350","BALL BEARING 25 52 15","General Spare Parts","TVS / Universal","0","2346","2760","5"
"N8200450","HEX FL BOLT M1240 135 88 PHOENI","General Spare Parts","TVS / Universal","0","425","500","5"
"N8200750","BALL BEARING 25 * 52 * 15","General Spare Parts","TVS / Universal","0","1776.5","2090","5"
"N8210210","TAPESET RED","General Spare Parts","TVS / Universal","0","6468.5","7610","5"
"N8210280","TOOL KIT SET","General Spare Parts","TVS / Universal","0","425","500","5"
"N8211050","TAPESET POLY BLACK-STAR CITY","General Spare Parts","TVS / Universal","0","11313.5","13310","5"
"N8211270","TAPESET GREEN GREY-STAR CITY","General Spare Parts","TVS / Universal","0","11313.5","13310","5"
"N8211380","TAPESET DEEP PURPLE-STAR CITY","General Spare Parts","TVS / Universal","0","11313.5","13310","5"
"N8211510","LOCK SET ES-STAR CITY REF","General Spare Parts","TVS / Universal","0","10795","12700","5"
"N8211570","CAP ASSY FUEL TANK METRO","General Spare Parts","TVS / Universal","0","6562","7720","5"
"N8211SGO","SEAT LOCK ASSY","General Spare Parts","TVS / Universal","0","2720","3200","5"
"N8211780","LOCK SET - METRO","General Spare Parts","TVS / Universal","0","12019","14140","5"
"N82117GO","SEAT LATCH COMPLETE - N45","General Spare Parts","TVS / Universal","0","425","500","5"
"N8211800","CABLE COMP SEAT LOCK","Electrical","TVS / Universal","0","425","500","5"
"N8211810","BLANK KEY PAIR METRO +","General Spare Parts","TVS / Universal","0","697","820","5"
"N8212320","TAPESET RED PURPLE","General Spare Parts","TVS / Universal","0","10999","12940","5"
"N8212470","TAPESET DENIM BLUE","General Spare Parts","TVS / Universal","0","11126.5","13090","5"
"N8213000","TAPESET FLAME RED NEW-STAR C","General Spare Parts","TVS / Universal","0","11313.5","13310","5"
"N8217280","STICKER TANK COMP. FUEL LH","General Spare Parts","TVS / Universal","0","3043","3580","5"
"N8217370","STICKER TANK COMP. FUEL RH","General Spare Parts","TVS / Universal","0","3043","3580","5"
"N8217400","STRIPE COVER FRAME LH","General Spare Parts","TVS / Universal","0","3043","3580","5"
"N82174GO","STICKER HOUSING H/LAMP FRONT RH","Electrical","TVS / Universal","0","3043","3580","5"
"N8217520","STRIPE COVER SEAT TAIL LH","General Spare Parts","TVS / Universal","0","3043","3580","5"
"N8217550","STRIPE COVER SEAT TAIL RH","General Spare Parts","TVS / Universal","0","3043","3580","5"
"N8220010","MUD FLAP REAR","General Spare Parts","TVS / Universal","0","748","880","5"
"N8220020","COVER SEAT REAR","General Spare Parts","TVS / Universal","0","671.5","790","5"
"N82200S04DA","COVER SEAT TAIL LH PLY -CITY","General Spare Parts","TVS / Universal","0","4981","5860","5"
"N82200304DC","TAIL COVER LH POLY BLACK KS-c","General Spare Parts","TVS / Universal","0","425","500","5"
"N82200S06GA","COVER SEAT TAIL LH FLAME RED -CITY","General Spare Parts","TVS / Universal","0","4233","4980","5"
"N82200306GB","TAIL COVER LH FL RED ES-STAR CITY","General Spare Parts","TVS / Universal","0","5091.5","5990","5"
"N82200306GD","TAIL COVER LH FL RED KS-CITY 1,","General Spare Parts","TVS / Universal","0","476","560","5"
"N82200306GE","TAIL COVER LH FL RED ES-CITY","General Spare Parts","TVS / Universal","0","2516","2960","5"
"N82200S07MA","TAIL COVER LH DENIM BLUE KS C 1,","General Spare Parts","TVS / Universal","0","425","500","5"
"N82200S093A","COVER SEAT TAIL LH DEEPPURPLE -CITY","General Spare Parts","TVS / Universal","0","425","500","5"
"N822003093C","TAIL COVER LH PURPLE ES-CITY","General Spare Parts","TVS / Universal","0","1232.5","1450","5"
"N82200309L","COVER SEAT TAIL LH GREEN GREY -CITY","General Spare Parts","TVS / Universal","0","425","500","5"
"N82200309LA","TAIL COVER LH GREEN GREY ES","General Spare Parts","TVS / Universal","0","986","1160","5"
"N82200504DA","COVER FRAME L POLY BLACK CITY","General Spare Parts","TVS / Universal","0","8236.5","9690","5"
"N82200504DC","COVER FRAME LH P BLACK KS/ES","General Spare Parts","TVS / Universal","0","7080.5","8330","5"
"N82200506GA","COVER FRAME LH FLAME RED-STAR CITY","General Spare Parts","TVS / Universal","0","8831.5","10390","5"
"N82200506GB","COVER FRAME LH FLAME RED EXP","General Spare Parts","TVS / Universal","0","8967.5","10550","5"
"N82200506GE","COVER FRAME LH FL RED NEW-STAR","General Spare Parts","TVS / Universal","0","7080.5","8330","5"
"N82200506GL","COVER FRAME LH FL RED -STAR 125","General Spare Parts","TVS / Universal","0","7548","8880","5"
"N822005093A","COVER FRAME LH DEEP PURPLE - CITY","General Spare Parts","TVS / Universal","0","8967.5","10550","5"
"N822005093C","COVER FRAME LH PURPLE ES/KS-c","General Spare Parts","TVS / Universal","0","2065.5","2430","5"
"N82200509L","COVER FRAME LH GREEN GREY -CITY","General Spare Parts","TVS / Universal","0","8831.5","10390","5"
"N82200509LA","COVER FRAME LH GREEN GREY EXP","General Spare Parts","TVS / Universal","0","1768","2080","5"
"N82200509LC","COVER FRAME L+TAPESET GN GREY","General Spare Parts","TVS / Universal","0","1402.5","1650","5"
"N82200604DA","COVER SEAT TAIL RH PLY BLACK -CITY","General Spare Parts","TVS / Universal","0","4233","4980","5"
"N82200604DC","TAIL COVER RH POLLY BLACK KS C","General Spare Parts","TVS / Universal","0","2006","2360","5"
"N82200606GA","COVER SEAT TAIL RH FLAME RED - CITY","General Spare Parts","TVS / Universal","0","4233","4980","5"
"N82200606GB","TAIL COVER RH FL RED ES-CITY","General Spare Parts","TVS / Universal","0","1428","1680","5"
"N82200606GD","TAIL COVER RH FL RED KS-CITY","General Spare Parts","TVS / Universal","0","1317.5","1550","5"
"N82200606GE","TAIL COVER RH FL RED KS-","General Spare Parts","TVS / Universal","0","5091.5","5990","5"
"N82200607MA","TAIL COVER RH DENIM BLUE KS -C","General Spare Parts","TVS / Universal","0","5176.5","6090","5"
"N822006093A","COVER SEAT TAIL RH DEEPPURPLE -CITY","General Spare Parts","TVS / Universal","0","1071","1260","5"
"N822006093C","TAIL COVER RH PURPLE ES-CITY","General Spare Parts","TVS / Universal","0","5091.5","5990","5"
"N82200609L","COVER SEAT TAIL RH GREEN GREY -CITY","General Spare Parts","TVS / Universal","0","4233","4980","5"
"N82200609LA","TAIL COVER RH GREEN GREY ES -C","General Spare Parts","TVS / Universal","0","5091.5","5990","5"
"N82200704DA","COVER FRAME R POLY BLACK CITY","General Spare Parts","TVS / Universal","0","8236.5","9690","5"
"N82200704DC","COVER FRAME RH P BLACK ES/KS","General Spare Parts","TVS / Universal","0","7080.5","8330","5"
"N82200704DJ","COVER FRAME RH aLK+BLU -STAR 125","General Spare Parts","TVS / Universal","0","1972","2320","5"
"N82200704DL","COVER FRAME RH aLK+RED -STAR 125","General Spare Parts","TVS / Universal","0","1700","2000","5"
"N82200706GA","COVER FRAME RH FLAME RED-STAR CITY","General Spare Parts","TVS / Universal","0","8967.5","10550","5"
"N82200706GB","COVER FRAME RH FLAME RED EXP","General Spare Parts","TVS / Universal","0","7420.5","8730","5"
"N82200706GE","COVER REAME RH RED ES/KS-c","General Spare Parts","TVS / Universal","0","7080.5","8330","5"
"N82200706GL","COVER FRAME RH FL RED -STAR 125","General Spare Parts","TVS / Universal","0","6817","8020","5"
"N822007093A","COVER FRAME RH DEEP PURPLE -CITY","General Spare Parts","TVS / Universal","0","2567","3020","5"
"N822007093C","COVER FRAME RH PURPLE ES/KS-c","General Spare Parts","TVS / Universal","0","6740.5","7930","5"
"N82200709L","COVER FRAME RH GREEN GREY -CITY","General Spare Parts","TVS / Universal","0","1938","2280","5"
"N82200709LA","COVER FRAME RH GREEN GREY EXP","General Spare Parts","TVS / Universal","0","7420.5","8730","5"
"N82200709LC","COVER FRAME R+TAPESET GN GREY","General Spare Parts","TVS / Universal","0","6825.5","8030","5"
"N82200710","VISOR HEAD LAMP(METRO)","Engine","TVS / Universal","0","2524.5","2970","5"
"N82200806G","COVER SEAT TAIL CENTER FL RED-DLX","General Spare Parts","TVS / Universal","0","1623.5","1910","5"
"N82200807M","COVER SEAT TAIL CENTER DENIM B","General Spare Parts","TVS / Universal","0","1929.5","2270","5"
"N82200809L","COVER SEAT TAIL CENTER GRN CRY-CITY","General Spare Parts","TVS / Universal","0","1623.5","1910","5"
"N82200GO","COVER FRAME FRONT","General Spare Parts","TVS / Universal","0","833","980","5"
"N8220100","COVER FRAME FRONT R","General Spare Parts","TVS / Universal","0","722.5","850","5"
"N8220150","RC LAMP 3RKT (ALTI","Electrical","TVS / Universal","0","1385.5","1630","5"
"N8220180","GROMMET CUSHION","General Spare Parts","TVS / Universal","0","425","500","5"
"N82201GO","SAREE GUARD -STAR DLX","General Spare Parts","TVS / Universal","0","1020","1200","5"
"N8220200","FOOTREST - star (AIT) 1,","General Spare Parts","TVS / Universal","0","510","600","5"
"N8220220","GUARD EXHAUST REAR (ALTI","General Spare Parts","TVS / Universal","0","1292","1520","5"
"N8220300","8RKT COMP LICENCE PLATE","General Spare Parts","TVS / Universal","0","824.5","970","5"
"N822034043A","COWLING HEAD LAMP","Engine","TVS / Universal","0","3714.5","4370","5"
"N82203404DA","HSG HDLAMP","Electrical","TVS / Universal","0","7123","8380","5"
"N82203406G","HOUSING HEADLAMP FLAME RED-CITY","Engine","TVS / Universal","0","6732","7920","5"
"N82203406GB","HSG HDLAMP","Electrical","TVS / Universal","0","7352.5","8650","5"
"N82203406GC","HSG HEADLAMP FRNT FL RED-CIT","Engine","TVS / Universal","0","7352.5","8650","5"
"N822034093A","HSG HDLAMP","Electrical","TVS / Universal","0","7352.5","8650","5"
"N82203409L","HSG HDLAMP FR+TAPESET GREENGRY-CITY","Electrical","TVS / Universal","0","6732","7920","5"
"N82203409LA","HSG HDLAMP","Electrical","TVS / Universal","0","4981","5860","5"
"N8220370","VISOR HEADLAMP","Engine","TVS / Universal","0","5227.5","6150","5"
"N82203GO","REIN FORCEMENT FENDER REAR","General Spare Parts","TVS / Universal","0","425","500","5"
"N8220400","CUSHION FUEL TANK","General Spare Parts","TVS / Universal","0","425","500","5"
"N8220410","8RKT COMP HDLAMP HSG","Electrical","TVS / Universal","0","2847.5","3350","5"
"N8220420","MIRROR ASSY L (ACT)","General Spare Parts","TVS / Universal","0","1589.5","1870","5"
"N8220450","PILLION HANDLE - STAR CITY (ALTI","General Spare Parts","TVS / Universal","0","9010","10600","5"
"N82204GO","GROMMET COVER FRAME","General Spare Parts","TVS / Universal","0","425","500","5"
"N8220500","PLUG BRKT HSG HEADLAMP","Engine","TVS / Universal","0","425","500","5"
"N8220510","8RKT LICENCE PLATE FRONT","General Spare Parts","TVS / Universal","0","425","500","5"
"N8220520","SPEEDOMETER ASSY -STAR CITY","General Spare Parts","TVS / Universal","0","11891.5","13990","5"
"N82207004DE","HSG HEAD LAMP SLACK+RED -METRO","Engine","TVS / Universal","0","7854","9240","5"
"N82207006G","HSG HDLAMP FR+TAPE F RED N 45 STD S","Electrical","TVS / Universal","0","7471.5","8790","5"
"N82207006GC","HSG HEAD LAMP (METRO)","Engine","TVS / Universal","0","7854","9240","5"
"N822070G6G","HOUSING HEAD LAMP FRONT(METRO)","Engine","TVS / Universal","0","6766","7960","5"
"N8220710","VISOR HEAD LAMP (METRO)","Engine","TVS / Universal","0","1402.5","1650","5"
"N8220720","8RKT COMP HEAD LAMP HOUSING (METRO)","Engine","TVS / Universal","0","3944","4640","5"
"N82207604DJ","COVER FRAME LH BLACK+RED -METRO","General Spare Parts","TVS / Universal","0","8143","9580","5"
"N82207704DJ","COVER FRAME RH SLACK+RED -METRO","General Spare Parts","TVS / Universal","0","1632","1920","5"
"N82207804CA","COVER SEAT TAIL L VOLCANO RED","General Spare Parts","TVS / Universal","0","3230","3800","5"
"N82207804CC","TAIL COVER LH +TAPESET VOLCANO RED","General Spare Parts","TVS / Universal","0","3230","3800","5"
"N82207804DAC","TAIL COVER LH TAPESET BLK-RED KS","General Spare Parts","TVS / Universal","0","2890","3400","5"
"N82207804DAD","TAIL COVER LH TAPESET BLK-RED ES","General Spare Parts","TVS / Universal","0","2975","3500","5"
"N82207804DAE","TAIL COVER LH TAPESET ""-BLUE KS","General Spare Parts","TVS / Universal","0","3230","3800","5"
"N82207804DAF","TAIL COVER LH TAPESET 3LK-3LUE ES","General Spare Parts","TVS / Universal","0","5083","5980","5"
"N82207804DAN","TAIL COVER LH TAPESET POLY BLACK","General Spare Parts","TVS / Universal","0","7565","8900","5"
"N82207804DL","TAIL COVER LH (METRO)","General Spare Parts","TVS / Universal","0","1530","1800","5"
"N82207804DV","TAIL CVR L TAPESET BLK+RED-METRO ES","General Spare Parts","TVS / Universal","0","1963.5","2310","5"
"N82207804DW","TAIL CVR L TAPESET BLK+GRN-METRO ES","General Spare Parts","TVS / Universal","0","4267","5020","5"
"N82207804DX","TAIL CVR L TAPESET BLK+ORG-METRO ES","General Spare Parts","TVS / Universal","0","977.5","1150","5"
"N82207804DZ","TAIL COVER + TAPE SET aLK/GREEN- ME","General Spare Parts","TVS / Universal","0","4411.5","5190","5"
"N82207806GE","TAIL COVER L TAPESET FL RED - METRO","General Spare Parts","TVS / Universal","0","4930","5800","5"
"N82207806GF","COVER SEAT TAIL LH METRO ES","General Spare Parts","TVS / Universal","0","4471","5260","5"
"N8220780DBC","COVER SEAT TAIL LH - ES GREY METRO","General Spare Parts","TVS / Universal","0","5729","6740","5"
"N8220780DBG","COVER SEAT TAIL L MERCURY GREY","General Spare Parts","TVS / Universal","0","8134.5","9570","5"
"N82207G04CA","COVER SEAT TAIL R VOLCANO RED","General Spare Parts","TVS / Universal","0","3000.5","3530","5"
"N82207G04CC","TAIL COVER RH +TAPESET VOLCANO RED","General Spare Parts","TVS / Universal","0","2252.5","2650","5"
"N82207G04DAC","TAIL COVER RH TAPESET 8LK-RED KS","General Spare Parts","TVS / Universal","0","3009","3540","5"
"N82207G04DAD","TAIL COVER RH TAPESET 8LK-RED ES","General Spare Parts","TVS / Universal","0","2788","3280","5"
"N82207G04DAE","TAIL COVER RH TAPESET 8K-BLUE KS","General Spare Parts","TVS / Universal","0","2847.5","3350","5"
"N82207G04DAF","TAIL COVER RH TAPESET 8K-BLUE ES","General Spare Parts","TVS / Universal","0","3060","3600","5"
"N82207G04DAN","TAIL COVER RH TAPESET POLY BLACK","General Spare Parts","TVS / Universal","0","7565","8900","5"
"N82207G04DL","TAIL COVER RH (METRO)","General Spare Parts","TVS / Universal","0","1530","1800","5"
"N82207G04DV","TAIL CVR R TAPESET aLK+RED-METR0 ES","General Spare Parts","TVS / Universal","0","2167.5","2550","5"
"N82207G04DX","TAIL CVR R TAPESET aLK+0RG-METR0 ES","General Spare Parts","TVS / Universal","0","4029","4740","5"
"N82207G04DZ","TAIL COVER + TAPE SET aLK/GREEN- ME","General Spare Parts","TVS / Universal","0","4547.5","5350","5"
"N82207G06GE","TAIL COVER R TAPE FL - METRO ES","General Spare Parts","TVS / Universal","0","4896","5760","5"
"N82207G06GF","COVER SEAT TAIL RH METRO ES","General Spare Parts","TVS / Universal","0","4454","5240","5"
"N82207G0DBC","COVER SEAT TAIL RH - ES GREY METRO","General Spare Parts","TVS / Universal","0","5729","6740","5"
"N82207GG4D","TAIL COVER R P BLACK (METRO)","General Spare Parts","TVS / Universal","0","5389","6340","5"
"N822080G4DA","TAIL COVER CENTER BLACK TVS MET ES","General Spare Parts","TVS / Universal","0","773.5","910","5"
"N8220820","FENDER REAR","General Spare Parts","TVS / Universal","0","6400.5","7530","5"
"N8220870","SPEEDOMETER ASSY (for F GUAGE)-CITY","General Spare Parts","TVS / Universal","0","15640","18400","5"
"N8220G70","BRACKET LOWER - METRO","General Spare Parts","TVS / Universal","0","425","500","5"
"N8220G80","RC LAMP BRACKET NEW -STAR DLX","Electrical","TVS / Universal","0","637.5","750","5"
"N8221020","REAR FENDER ASSY","General Spare Parts","TVS / Universal","0","5423","6380","5"
"N8221050","TAIL ASSY METRO","General Spare Parts","TVS / Universal","0","4428.5","5210","5"
"N8221080","SAREE GUARD METRO (AIT)","General Spare Parts","TVS / Universal","0","4105.5","4830","5"
"N82210GO","MIRROR ASSY LH DUAL TONE-STA","General Spare Parts","TVS / Universal","0","425","500","5"
"N8221100","MIRROR ASSY RH DUAL TONE-CIT","General Spare Parts","TVS / Universal","0","425","500","5"
"N8221110","PILLION HANDLE - STAR CITY","General Spare Parts","TVS / Universal","0","5890.5","6930","5"
"N8221120","SPEEDOMETER ASSY","General Spare Parts","TVS / Universal","0","15861","18660","5"
"N8221150","SPEEDOMETER ASSY (W/O Fl)","General Spare Parts","TVS / Universal","0","4037.5","4750","5"
"N82212804DC","HSG HEAD LAMP FR BLK+3LU- STAR 125","Engine","TVS / Universal","0","3553","4180","5"
"N82212806G","HSG HEADLAMP FRONT FL RED -CITY 110","Engine","TVS / Universal","0","7471.5","8790","5"
"N82212806GB","HSG HEAD LAMP FR FL RED- STAR 125","Engine","TVS / Universal","0","8109","9540","5"
"N82212GO","VISOR HEADLAMP -CITY 110","Engine","TVS / Universal","0","2686","3160","5"
"N8221310","8RKT COMP HEAD LAMP HSG","Engine","TVS / Universal","0","3765.5","4430","5"
"N8221320","SPEEDOMETER ASSY (w/o Fl) -Cl","General Spare Parts","TVS / Universal","0","12962.5","15250","5"
"N82213504DG","TAIL COVER LH - Black / Red -Star S","General Spare Parts","TVS / Universal","0","5431.5","6390","5"
"N82213504DH","TAIL COVER LH - Black / Red -Star S","General Spare Parts","TVS / Universal","0","5431.5","6390","5"
"N82213504DJ","TAIL COVER LH aLK+RED -STAR 125","General Spare Parts","TVS / Universal","0","3408.5","4010","5"
"N82213506GE","TAIL COVER LH FL RED -STAR 125","General Spare Parts","TVS / Universal","0","5431.5","6390","5"
"N82213604DJ","TAIL COVER RH BLK+RED - STAR 125","General Spare Parts","TVS / Universal","0","5431.5","6390","5"
"N82213606GE","TAIL COVER RH FL RED -STAR 125","General Spare Parts","TVS / Universal","0","5737.5","6750","5"
"N822137G","TAIL COVER CENTER - STAR","General Spare Parts","TVS / Universal","0","106.25","125","5"
"N8221480","HEADLAMP ASSY STAR SPORT CVTI-METRO","Engine","TVS / Universal","0","13974","16440","5"
"N8221500","SPEEDOMETER ASSY UP.121-METR0","General Spare Parts","TVS / Universal","0","11271","13260","5"
"N8221550","MUFFLER GUARD FRONT UP.121-METR0 (AIT)","General Spare Parts","TVS / Universal","0","671.5","790","5"
"N8221570","PILLION HANDLE U.121.-METR0","General Spare Parts","TVS / Universal","0","4496.5","5290","5"
"N8221580","PILLION HANDLE","General Spare Parts","TVS / Universal","0","5890.5","6930","5"
"N8221710","HEADLAMP ASSY JIVE","Engine","TVS / Universal","0","9214","10840","5"
"N8221720","TAIL ASSY JIVE","General Spare Parts","TVS / Universal","0","3221.5","3790","5"
"N82217304C","FENDER FR + TAPESET V.RED - PH125","General Spare Parts","TVS / Universal","0","7480","8800","5"
"N82217304DF","FENDER FR + TAPESET - PH125","General Spare Parts","TVS / Universal","0","6171","7260","5"
"N82217S04DG","FENDER FR + TAPESET BLK+RED - PH125","General Spare Parts","TVS / Universal","0","5916","6960","5"
"N8221730ELA","FENDER FR + TAPESET c.GREEN - PH125","General Spare Parts","TVS / Universal","0","8262","9720","5"
"N82217SG4C","FENDER FRONT VOLCANO RED METRO +","General Spare Parts","TVS / Universal","0","7276","8560","5"
"N82217SG6G","FENDER FRONT FL RED JIVE","General Spare Parts","TVS / Universal","0","8338.5","9810","5"
"N82217404DA","COVER FRAME L+T SET BLACK+RED","General Spare Parts","TVS / Universal","0","7514","8840","5"
"N82217406G","COVER FRAME L+TSET FL RED JIV","General Spare Parts","TVS / Universal","0","7633","8980","5"
"N82217504DA","COVER FRAME R+T SET BLACK+RED JIVE","General Spare Parts","TVS / Universal","0","7514","8840","5"
"N82217506G","COVER FRAME R+T_SET FL RED JIV","General Spare Parts","TVS / Universal","0","7633","8980","5"
"N8221770","COVER FRAME INNER RH","General Spare Parts","TVS / Universal","0","382.5","450","5"
"N82217804DA","TAIL COVER L+T. SET BLACK+RED JIVE","General Spare Parts","TVS / Universal","0","1479","1740","5"
"N82217806G","TAIL COVER L+T.SET FL RED JIVE","General Spare Parts","TVS / Universal","0","1521.5","1790","5"
"N82217G04DA","TAIL COVER R+T_SET BLACK+RED JIVE","General Spare Parts","TVS / Universal","0","1725.5","2030","5"
"N82217G06G","TAIL COVER R+T_SET FL RED JIVE","General Spare Parts","TVS / Universal","0","425","500","5"
"N82218106G","TAIL COVER CTR+T.SET FL RED Jl","General Spare Parts","TVS / Universal","0","425","500","5"
"N82218S04DA","HSG HO LAMP FR+T.SET BLACK+RED JIVE","Electrical","TVS / Universal","0","3578.5","4210","5"
"N82218S06G","HSG HDLAMP FR + TSET FL RED J","Electrical","TVS / Universal","0","8075","9500","5"
"N8221850","HOUSING HEADLAMP REAR","Engine","TVS / Universal","0","425","500","5"
"N8221870","BODY' FRONT FENDER REAR","General Spare Parts","TVS / Universal","0","1300.5","1530","5"
"N8221880","SPEEDOMETER ASSY JIVE","General Spare Parts","TVS / Universal","0","12231.5","14390","5"
"N8221GOO","HOUSING HEAD LAMP MTG COMP","Engine","TVS / Universal","0","4683.5","5510","5"
"N8221G50","8RKT FENDER REAR","General Spare Parts","TVS / Universal","0","425","500","5"
"N8222010","TURN SIGNAL FRONT L JIVE","General Spare Parts","TVS / Universal","0","3179","3740","5"
"N8222020","TURN SIGNAL FRONT R JIVE","General Spare Parts","TVS / Universal","0","2618","3080","5"
"N8222050","HOUSING HEAD LAMP REAR","Engine","TVS / Universal","0","1419.5","1670","5"
"N82220GO","CRASHGUARD JIVE 'METRO","General Spare Parts","TVS / Universal","0","3077","3620","5"
"N8222150","SAREE GUARD - JIVE","General Spare Parts","TVS / Universal","0","4301","5060","5"
"N8222150CG","CRASH GUARD - JIVE","General Spare Parts","TVS / Universal","0","2677.5","3150","5"
"N82221GO","TURN SIGNAL FRONT L (ALTI","General Spare Parts","TVS / Universal","0","1921","2260","5"
"N8222200","TURN SIGNAL FRONT R (AIT)","General Spare Parts","TVS / Universal","0","2082.5","2450","5"
"N8222210","TURN SIGNAL REAR L","General Spare Parts","TVS / Universal","0","2354.5","2770","5"
"N8222220","TURN SIGNAL REAR R","General Spare Parts","TVS / Universal","0","2490.5","2930","5"
"N8300010","PILLION HANDLE COMP","General Spare Parts","TVS / Universal","0","6672.5","7850","5"
"N8300020","SAREE GUARD -STAR","General Spare Parts","TVS / Universal","0","425","500","5"
"N83000SO","CRASH GUARD - star/star DLX","General Spare Parts","TVS / Universal","0","3136.5","3690","5"
"N83000SOE","CRASH GUARD - STAR/STAR DLX","General Spare Parts","TVS / Universal","0","2788","3280","5"
"N8300180","PILLION CARRIER METRO","General Spare Parts","TVS / Universal","0","637.5","750","5"
"N8320050","CHAIN CASE SET STAR","General Spare Parts","TVS / Universal","0","5006.5","5890","5"
"N8320070","STEERING CONE KIT STAR","General Spare Parts","TVS / Universal","0","2397","2820","5"
"N8320080","KIT PROP STAND","General Spare Parts","TVS / Universal","0","2380","2800","5"
"N8320100","CHAIN & SPROCKET KIT-STAR","General Spare Parts","TVS / Universal","0","7412","8720","5"
"N8320100L","SPROCKET KIT - TVS STAR","General Spare Parts","TVS / Universal","0","3969.5","4670","5"
"N8320180","MUFFLER ASSY WITH GUARD - STAR (ALT)","General Spare Parts","TVS / Universal","0","24072","28320","5"
"N83201GO","CRANK CASE ASSEMBLY LH","Engine","TVS / Universal","0","13702","16120","5"
"N8320200","CRANK CASE ASSEMBLY RH","Engine","TVS / Universal","0","13702","16120","5"
"N8320220","RIM HEADLAM","Engine","TVS / Universal","0","425","500","5"
"N8320250","SPEEDO MTG 8RKT","General Spare Parts","TVS / Universal","0","773.5","910","5"
"N8320270","TOP CAP ASSY","General Spare Parts","TVS / Universal","0","425","500","5"
"N8320280","CAP THROTTLE","General Spare Parts","TVS / Universal","0","425","500","5"
"N83202GO","SPRING PISTON VALVE","Engine","TVS / Universal","0","425","500","5"
"N8320300","HOLDER JET NEEDLE","General Spare Parts","TVS / Universal","0","833","980","5"
"N8320310","SPRING JET NEEDLE","General Spare Parts","TVS / Universal","0","425","500","5"
"N8320320","E-RING JET NEEDLE","General Spare Parts","TVS / Universal","0","425","500","5"
"N8320350","AIR SCREW (AS)","General Spare Parts","TVS / Universal","0","425","500","5"
"N8320370","WASHER AS","General Spare Parts","TVS / Universal","0","425","500","5"
"N8320380","O-RING AS","General Spare Parts","TVS / Universal","0","425","500","5"
"N83203GO","ADJUSTER PISTON VALVE","Engine","TVS / Universal","0","671.5","790","5"
"N8320400","SPRING AS","General Spare Parts","TVS / Universal","0","425","500","5"
"N8320410","WASHER AS","General Spare Parts","TVS / Universal","0","425","500","5"
"N8320420","O-RING TS","General Spare Parts","TVS / Universal","0","382.5","450","5"
"N8320450","SCREW FLOAT CHAMBER","General Spare Parts","TVS / Universal","0","425","500","5"
"N8320470","SCREW DRAIN","General Spare Parts","TVS / Universal","0","425","500","5"
"N8320480","HOSE AIR VENT","General Spare Parts","TVS / Universal","0","680","800","5"
"N83204GO","PIN FLOAT","General Spare Parts","TVS / Universal","0","425","500","5"
"N8320500","FLOAT ASSY","General Spare Parts","TVS / Universal","0","425","500","5"
"N8320510","NEEDLE VALVE ASSY","Engine","TVS / Universal","0","5040.5","5930","5"
"N8320520","MAIN JET (82)","General Spare Parts","TVS / Universal","0","425","500","5"
"N8320550","PILOT JET STAR","General Spare Parts","TVS / Universal","0","1606.5","1890","5"
"N8320570","UNGER STARTER","General Spare Parts","TVS / Universal","0","1751","2060","5"
"N8320580","SPRING STARTER","General Spare Parts","TVS / Universal","0","425","500","5"
"N83205GO","GUIDE HOLDER ASSY","General Spare Parts","TVS / Universal","0","977.5","1150","5"
"N8320SOO","WASHER JET NEEDLE","General Spare Parts","TVS / Universal","0","425","500","5"
"N8320S10","CAP(CHOKE)","General Spare Parts","TVS / Universal","0","425","500","5"
"N8320S20","LEVER CHOKE","General Spare Parts","TVS / Universal","0","1343","1580","5"
"N8320SSO","SPRING (CHOKE LEVER)","General Spare Parts","TVS / Universal","0","425","500","5"
"N8320SGO","SPEEDO SCREW KIT","General Spare Parts","TVS / Universal","0","425","500","5"
"N8320700","SCREW","General Spare Parts","TVS / Universal","0","425","500","5"
"N8320710","SPECIAL SCREW","General Spare Parts","TVS / Universal","0","425","500","5"
"N8320720","RUBBER CUSHION RC LAMP","Electrical","TVS / Universal","0","425","500","5"
"N8320750","8RKT CHOKE LEVER","General Spare Parts","TVS / Universal","0","425","500","5"
"N8320770","WASHER CHOKE LEVER","General Spare Parts","TVS / Universal","0","425","500","5"
"N8320780","O RING DRAIN PLUG","General Spare Parts","TVS / Universal","0","425","500","5"
"N83207GO","NEEDLE JET(JET)","General Spare Parts","TVS / Universal","0","425","500","5"
"N8320800","SPEEDOCABLE INNER","Electrical","TVS / Universal","0","425","500","5"
"N8320820","COVER HEADLAMP","Engine","TVS / Universal","0","1487.5","1750","5"
"N8320GSO","HOUSING CHOKE STAR DLX","General Spare Parts","TVS / Universal","0","425","500","5"
"N8320G50","VALVE SPINDLE -STAR DLX","Engine","TVS / Universal","0","425","500","5"
"N8321010","TOP COVER SPEEDOMETER -STAR CITY","General Spare Parts","TVS / Universal","0","1887","2220","5"
"N8321310","HEAD COMP CYLINDER W/O SAI - STAR","Engine","TVS / Universal","0","28126.5","33090","5"
"N8321320","KIT OIL PUMP","Oils & Fluids","TVS / Universal","0","2788","3280","5"
"N8321450","JET MAIN*","General Spare Parts","TVS / Universal","0","66.3","78","5"
"N8321470","VALVE COMP FLOAT","Engine","TVS / Universal","0","1530","1800","5"
"N8321480","FLOAT COMP","General Spare Parts","TVS / Universal","0","816","960","5"
"N8321510","FLOAT ARM PIN METRO +","General Spare Parts","TVS / Universal","0","425","500","5"
"N8321550","DRAIN SCREW","General Spare Parts","TVS / Universal","0","425","500","5"
"N8321570","VALVE THROTTLE","Engine","TVS / Universal","0","2031.5","2390","5"
"N8321580","NEEDLE JET","General Spare Parts","TVS / Universal","0","756.5","890","5"
"N8321SSO","TOP, GASKET","Engine","TVS / Universal","0","425","500","5"
"N8321650","SPRING STOP SCREW","General Spare Parts","TVS / Universal","0","425","500","5"
"N8321670","SPRING IDLE MIXTURE ADJ","General Spare Parts","TVS / Universal","0","425","500","5"
"N8321S80","WASHER PLAIN","General Spare Parts","TVS / Universal","0","425","500","5"
"N8321SGO","O-RING","General Spare Parts","TVS / Universal","0","425","500","5"
"N8321700","CHOKE DUST CAP","General Spare Parts","TVS / Universal","0","425","500","5"
"N8322700","CRANK CASE ASSY RH ES/KS - CITY REF","Engine","TVS / Universal","0","5754.5","6770","5"
"N8322710","CRANK CASE ASSY LH ES-CITY R-CITY","Engine","TVS / Universal","0","3663.5","4310","5"
"N8322720","CYLINDER BLOCK & PISTON KIT ES (ACT)","Engine","TVS / Universal","0","24786","29160","5"
"N8322850","CHAIN & SPKT KIT -CITY REF ALLY (ALTI","General Spare Parts","TVS / Universal","0","8610.5","10130","5"
"N8322870","JET NEEDLE","General Spare Parts","TVS / Universal","0","620.5","730","5"
"N8322880","HOLDER JET NEEDLE","General Spare Parts","TVS / Universal","0","620.5","730","5"
"N83228GO","MAIN JET","General Spare Parts","TVS / Universal","0","425","500","5"
"N8322GOO","JET COMP - SLOW","General Spare Parts","TVS / Universal","0","1088","1280","5"
"N8322G10","VALVE THROTTLE","Engine","TVS / Universal","0","1776.5","2090","5"
"N8322G20","NEOLE JET","General Spare Parts","TVS / Universal","0","425","500","5"
"N8322GSO","SPRING COMPRESSION","General Spare Parts","TVS / Universal","0","425","500","5"
"N8323370","GROMMET SPEDOMETER -STAR SPORT","General Spare Parts","TVS / Universal","0","425","500","5"
"N8323550","GASKET KIT - CITY 110","Engine","TVS / Universal","0","4972.5","5850","5"
"N8323610","CYLINDER BLOCK & PISTON KIT","Engine","TVS / Universal","0","12792.5","15050","5"
"N8323670","HEADLAMP - W/O BULB & HOLDER METRO","Engine","TVS / Universal","0","8058","9480","5"
"N8323SGO","CHAIN & SPROCKET KIT CVTI-METRO","General Spare Parts","TVS / Universal","0","5397.5","6350","5"
"N8323700","CHAINCASE SET -SPORT CVTI-METRO","General Spare Parts","TVS / Universal","0","5499.5","6470","5"
"N8323710","SWINGARM WITH BUSH-METRO","General Spare Parts","TVS / Universal","0","10786.5","12690","5"
"N8323720","CRANKCASE ASSY LH KS- 0121 BLACK","Engine","TVS / Universal","0","19031.5","22390","5"
"N8323810","KIT CONNECTING ROD","General Spare Parts","TVS / Universal","0","5567.5","6550","5"
"N8323820","KIT CON ROD STAR CITY 110-YELLOW GR","General Spare Parts","TVS / Universal","0","5720.5","6730","5"
"N8323870","CYLINDER HEAD COMP","Engine","TVS / Universal","0","36915.5","43430","5"
"N8323GGO","HEADLAMP W/O BULB JIVE","Engine","TVS / Universal","0","6766","7960","5"
"N8324020","STATOR ASSY KS - STAR CITY (WITH TC","Electrical","TVS / Universal","0","6256","7360","5"
"N8324050","REFLECTOR TAIL LAMP JIVE","Electrical","TVS / Universal","0","1343","1580","5"
"N8324270","LENS AND REFLECTOR FRONT","General Spare Parts","TVS / Universal","0","425","500","5"
"N8324280","LENS AND REFLECTOR FRONT R","General Spare Parts","TVS / Universal","0","425","500","5"
"N8324310","LENS AND REFLECTOR REAR L","General Spare Parts","TVS / Universal","0","425","500","5"
"N8324320","LENS AND REFLECTOR REAR R","General Spare Parts","TVS / Universal","0","425","500","5"
"N8324350","SCREW 29*13","General Spare Parts","TVS / Universal","0","425","500","5"
"N8324670","PISTON RING SET CHROME PLATED 5100","Engine","TVS / Universal","0","2448","2880","5"
"N8324750","SWING ARM ASSY - JIVE","General Spare Parts","TVS / Universal","0","12529","14740","5"
"N8324800","800T HEAD LAMP HOLDER - JUPITER","Engine","TVS / Universal","0","425","500","5"
"N8324810","CRANKCASE ASSY KIT LH JIVE","Engine","TVS / Universal","0","6018","7080","5"
"N8324820","CHN & SPKT KIT JIVE-14/40/114L","General Spare Parts","TVS / Universal","0","6494","7640","5"
"N8324850","HOLDER JET NEEDLE METRO +","General Spare Parts","TVS / Universal","0","425","500","5"
"N8324870","PILOT JET KEIHIN METRO +","General Spare Parts","TVS / Universal","0","1079.5","1270","5"
"N8324880","THROTTLE VALVE METRO +","Engine","TVS / Universal","0","1598","1880","5"
"N83248GO","NEEDLE JET METRO +","General Spare Parts","TVS / Universal","0","425","500","5"
"N8324GOO","E-RING NEEDLE JET METRO +","General Spare Parts","TVS / Universal","0","425","500","5"
"N8324G10","SPRING THROTTLE STOP METRO +","General Spare Parts","TVS / Universal","0","425","500","5"
"N8324G20","HSG PRIMARY CLUTCH ASSY KIT Jl (AIT)","General Spare Parts","TVS / Universal","0","4556","5360","5"
"N8324GSO","CAP THROTTLE - METRO +","General Spare Parts","TVS / Universal","0","1249.5","1470","5"
"N8324G50","AIR SCREW METRO +","General Spare Parts","TVS / Universal","0","425","500","5"
"N8324G70","DRAIN HOSE- METRO +","General Spare Parts","TVS / Universal","0","399.5","470","5"
"N8324GGO","CLIP BAR THROTTLE - METRO +","General Spare Parts","TVS / Universal","0","425","500","5"
"N8325000","PETROL STOP NEEDLE","General Spare Parts","TVS / Universal","0","1802","2120","5"
"N8325010","BODY' COMP FLOAT CHAMBER - METRO +","General Spare Parts","TVS / Universal","0","1972","2320","5"
"N8325020","CHAINCASE SET (ALTI","General Spare Parts","TVS / Universal","0","5457","6420","5"
"N8325070","CYLINDER BLOCK & PISTON KIT","Engine","TVS / Universal","0","26418","31080","5"
"N8325100","PISTON KIT","Engine","TVS / Universal","0","11713","13780","5"
"N8325270","CARB BRSH WITH SPG KIT-IMP-PEP A L/","General Spare Parts","TVS / Universal","0","1980.5","2330","5"
"N8325280","CORD SET 80TH DOM & IMP-CITY ALL","General Spare Parts","TVS / Universal","0","2456.5","2890","5"
"N8325300","ARMATURE ASSY UMP)-CITY ALL","General Spare Parts","TVS / Universal","0","13056","15360","5"
"N8325480","SHOCK ABSORBER BUSH SET JUP/ZES","General Spare Parts","TVS / Universal","0","425","500","5"
"N83254GO","SHOCK ABSORBER BUSH SET PHOENI/SPOR","General Spare Parts","TVS / Universal","0","425","500","5"
"N8325620","KIT CONNECTING ROD STAR CITY 100 CC","General Spare Parts","TVS / Universal","0","7131.5","8390","5"
"N8325650","KIT TENSIONER AND GUIDE CAM CHAIN V","Brakes","TVS / Universal","0","1895.5","2230","5"
"N8325S70","KIT SPEEDO DRIVE STAR SPORT","General Spare Parts","TVS / Universal","0","425","500","5"
"N8325680","KIT SPEEDO DRIVE STAR CITY","General Spare Parts","TVS / Universal","0","425","500","5"
"N8325810","SEALING KIT","General Spare Parts","TVS / Universal","0","1156","1360","5"
"N8325850","BRUSH KIT","General Spare Parts","TVS / Universal","0","1989","2340","5"
"N8325870","ARMATURE ASSEMBLY","General Spare Parts","TVS / Universal","0","13056","15360","5"
"N83258GO","WIRING HARNESS ASSY","General Spare Parts","TVS / Universal","0","2456.5","2890","5"
"N90100GO","PISTON","Engine","TVS / Universal","0","425","500","5"
"N9010120","TOP RING PISTON DIA 545","Engine","TVS / Universal","0","756.5","890","5"
"N90101SO","RING PISTON 2ND DIA 54_5","Engine","TVS / Universal","0","1521.5","1790","5"
"N9010140","OIL RING PISTON DIA.54.5","Oils & Fluids","TVS / Universal","0","1385.5","1630","5"
"N9010320","VALVE INTAKE","Engine","TVS / Universal","0","2295","2700","5"
"N90103SO","VALVE EXHAUST","Engine","TVS / Universal","0","1878.5","2210","5"
"N9010370","ROCKER ARM ASSY NTAKE","General Spare Parts","TVS / Universal","0","4462.5","5250","5"
"N90103GO","ROCKER ARM ASSY EXHAUST","General Spare Parts","TVS / Universal","0","5363.5","6310","5"
"N9010410","CAMSHAFT COMP","Brakes","TVS / Universal","0","13506.5","15890","5"
"N9010450","CHAIN CAMSHAFT-94 LINKS","Brakes","TVS / Universal","0","3102.5","3650","5"
"N90105007D","CYLINDER HEAD COMP","Engine","TVS / Universal","0","33447.5","39350","5"
"N9010500BD","CYLNDER HEAD COMP -RTR 180 -SEMI GLS B","Engine","TVS / Universal","0","24386.5","28690","5"
"N90105107D","CYLINDER HEAD ASSY -RTR 180 (ALTI","Engine","TVS / Universal","0","76092","89520","5"
"N90105407DA","CYLINDER COMP TITAN GREY U131","Engine","TVS / Universal","0","12427","14620","5"
"N9010550","VALVE EXHAUST","Engine","TVS / Universal","0","2822","3320","5"
"N9010560","VALVE INTAKE","Engine","TVS / Universal","0","1989","2340","5"
"N9010SSO","GASKET CYL HEAD","Engine","TVS / Universal","0","1606.5","1890","5"
"N9010720","GASKET CYLINDER","Engine","TVS / Universal","0","1708.5","2010","5"
"N9010850","BOLT, CYLINDER HEAD","Engine","TVS / Universal","0","425","500","5"
"N9011310","ADJUSTER ASSY TENSIONER","General Spare Parts","TVS / Universal","0","3544.5","4170","5"
"N90113GO","Apache Cvlinder Block - 200cc (ACT)","General Spare Parts","TVS / Universal","0","11007.5","12950","5"
"N9011450","COVER CYL HO 11","General Spare Parts","TVS / Universal","0","4598.5","5410","5"
"N9011480","CYLINDER HEAD ASSY 3 (ALT)","Engine","TVS / Universal","0","55139.5","64870","5"
"N9011480BD","CYLINDER HEAD ASSY 3","Engine","TVS / Universal","0","52436.5","61690","5"
"N90114GO","WASHER CAMSHAFT SPRKT","Brakes","TVS / Universal","0","425","500","5"
"N9011520","PACKING SEAL, COVER CYLINDER","Engine","TVS / Universal","0","2320.5","2730","5"
"N9011550","SHAFT ROCKER ARM","General Spare Parts","TVS / Universal","0","425","500","5"
"N9011560","SPROCKET CAMSHAFT 3X4 Lacing","Brakes","TVS / Universal","0","1147.5","1350","5"
"N9011570","CAMCHAIN 3X4 Lacing","Brakes","TVS / Universal","0","4097","4820","5"
"N9011580","STOPPER CAMSHAFT","Brakes","TVS / Universal","0","425","500","5"
"N90115GO","GUIDE CAMCHAIN 3X4 Lacing","Brakes","TVS / Universal","0","637.5","750","5"
"N9011SOO","TENSIONER CAMCHAIN SX4 Lacing","Brakes","TVS / Universal","0","425","500","5"
"N9011SSO","N289 cylinder alack - 160cc (ALTI","Engine","TVS / Universal","0","13370.5","15730","5"
"N9011640","GASKET CYL HEAD 3","Engine","TVS / Universal","0","1606.5","1890","5"
"N9011780","GASKET CYL HEAD 2 (AIT) 1,","Engine","TVS / Universal","0","510","600","5"
"N9011820","CYLINDER HEAD COMP 2 (AIT)","Engine","TVS / Universal","0","30158","35480","5"
"N9011820BD","CYLINDER HEAD COMP 200cc","Engine","TVS / Universal","0","27735.5","32630","5"
"N9011G20","CYLINDER HEAD ASSY (ALTI","Engine","TVS / Universal","0","17289","20340","5"
"N9020120","CRANKSHAFT COMP RTR 180","Engine","TVS / Universal","0","41488.5","48810","5"
"N9020140","PISTON KIT STD","Engine","TVS / Universal","0","7437.5","8750","5"
"N9020150","RING SET STD RTR180","General Spare Parts","TVS / Universal","0","1538.5","1810","5"
"N9020300","PISTON ASSY DIA STD","Engine","TVS / Universal","0","5916","6960","5"
"N9020380","CRANKSHAFT COMP (ALTI","Engine","TVS / Universal","0","32606","38360","5"
"N90203GO","CRANKSHAFT ASSY-RTR200","Engine","TVS / Universal","0","30430","35800","5"
"N90203GG","BALANCER SHAFT","General Spare Parts","TVS / Universal","0","7692.5","9050","5"
"N90204SG","BALANCER SHAFT","General Spare Parts","TVS / Universal","0","2507.5","2950","5"
"N9020460","PISTON 6200","Engine","TVS / Universal","0","5015","5900","5"
"N9020540","CRANKSHAFT ASSEMBLY ASSY","Engine","TVS / Universal","0","27463.5","32310","5"
"N9020GGO","FOOT REST BAR COMP","General Spare Parts","TVS / Universal","0","425","500","5"
"N9030010","GASKET COVER ELECTRIC START","Engine","TVS / Universal","0","425","500","5"
"N90302SO","COVER CLUTCH (AIT)","General Spare Parts","TVS / Universal","0","4403","5180","5"
"N9030230BD","COVER CLUTCH SEMI GLOSS BLACK","General Spare Parts","TVS / Universal","0","9316","10960","5"
"N9030250","GASKET CLUTCH COVER","Engine","TVS / Universal","0","1207","1420","5"
"N9030320","GASKET MAGNETO COVER 1","Engine","TVS / Universal","0","1309","1540","5"
"N90303SO","COVER MAGNETO 3 (AIT)","General Spare Parts","TVS / Universal","0","5312.5","6250","5"
"N9030330BD","COVER MAGNETO 3 SEMI GLOSS BLACK","General Spare Parts","TVS / Universal","0","6485.5","7630","5"
"N9030410","COVER CLUTCH","General Spare Parts","TVS / Universal","0","4029","4740","5"
"N9040010","PIPE COMP AIR INJECTION (ALTI","General Spare Parts","TVS / Universal","0","1054","1240","5"
"N9040020","HOSE AIR INLET","General Spare Parts","TVS / Universal","0","425","500","5"
"N9040200","TUBE OUTLET AIR CLEANER","Filters","TVS / Universal","0","425","500","5"
"N9040250","HOSE 2 DECELERATION CUT OFF","General Spare Parts","TVS / Universal","0","425","500","5"
"N9040280","CARBURETTOR ASSY (ALTI","General Spare Parts","TVS / Universal","0","33600.5","39530","5"
"N9040300","HOSE AIR CUT VALVE","Engine","TVS / Universal","0","425","500","5"
"N9040GSO","PIPE INTAKE COMP","General Spare Parts","TVS / Universal","0","425","500","5"
"N9041060","SEC AIR INJECTION VALVE","Engine","TVS / Universal","0","7514","8840","5"
"N9041080","HOSE AIR INLET","General Spare Parts","TVS / Universal","0","425","500","5"
"N90410GO","CARBURETTOR ASSY","General Spare Parts","TVS / Universal","0","28432.5","33450","5"
"N9041140","COVER AIR CLEANER - GLX ES","Filters","TVS / Universal","0","1402.5","1650","5"
"N9041150","CASE AIR CLEANER R","Filters","TVS / Universal","0","2082.5","2450","5"
"N9041160","AIR CLEANER ASSY 2,","Filters","TVS / Universal","0","501.5","590","5"
"N9041250","HOSE SAI AIR INLET","General Spare Parts","TVS / Universal","0","620.5","730","5"
"N9041380","CARBURETTOR ASSY -RTR","General Spare Parts","TVS / Universal","0","37723","44380","5"
"N9041380N","CARBURETTOR ASSY - RTR (PLUNGER TYP","General Spare Parts","TVS / Universal","0","26061","30660","5"
"N9041400","CARBURETTOR ASSY","General Spare Parts","TVS / Universal","0","49920.5","58730","5"
"N9041400N","CARBURETTOR ASSY RTR 180 (PLUNGER","General Spare Parts","TVS / Universal","0","27463.5","32310","5"
"N9041560","PIPE COMP- AIR INJECTION U180","General Spare Parts","TVS / Universal","0","1071","1260","5"
"N90415GO","AIR CLEANER ASSEMBLY","Filters","TVS / Universal","0","4003.5","4710","5"
"N9041610","FLAME TRAP COMP","General Spare Parts","TVS / Universal","0","1147.5","1350","5"
"N9041620","FILTER HOLDER COMP","Filters","TVS / Universal","0","2125","2500","5"
"N9041SSO","SEAL AIR CLEANER","Filters","TVS / Universal","0","425","500","5"
"N9041660","PIPE INTAKE COMP - APACHE 150RTR","General Spare Parts","TVS / Universal","0","4360.5","5130","5"
"N9041670","AIR CLEANER SAI UZ131","Filters","TVS / Universal","0","782","920","5"
"N9041700","DRAIN PIPE","General Spare Parts","TVS / Universal","0","425","500","5"
"N9041710","O-RING 31_70 2.40","General Spare Parts","TVS / Universal","0","425","500","5"
"N90417GO","CARBURETTOR EXP","General Spare Parts","TVS / Universal","0","28152","33120","5"
"N90417GON","CARBURETTOR EXP (P UNGER TYPE)","General Spare Parts","TVS / Universal","0","27667.5","32550","5"
"N9041880","AIR CLEANER ASSY","Filters","TVS / Universal","0","11279.5","13270","5"
"N90418GO","CASE AIR CLEANER COMP","Filters","TVS / Universal","0","425","500","5"
"N9041GOO","COVER AIR CLEANER COMP","Filters","TVS / Universal","0","425","500","5"
"N9041G10","FILTER HOLDER COMP","Filters","TVS / Universal","0","1394","1640","5"
"N9041G20","TUBE INLET","General Spare Parts","TVS / Universal","0","1105","1300","5"
"N9041GSO","TUBE OUTLET","General Spare Parts","TVS / Universal","0","1895.5","2230","5"
"N9041G40","COVER FILTER ELEMENT","Filters","TVS / Universal","0","425","500","5"
"N9041G50","PIPE INTAKE COMP","General Spare Parts","TVS / Universal","0","2677.5","3150","5"
"N9041G80","CARBURETTOR ASSY","General Spare Parts","TVS / Universal","0","22873.5","26910","5"
"N9041GGO","O-RING 3750","General Spare Parts","TVS / Universal","0","204","240","5"
"N9042000","SEAL AIR CLEANER","Filters","TVS / Universal","0","1742.5","2050","5"
"N9042010","RESONATOR INTAKE","General Spare Parts","TVS / Universal","0","909.5","1070","5"
"N9042020","SEC AIR INJECTION VALVE","Engine","TVS / Universal","0","5329.5","6270","5"
"N90420SO","HOSE SAI INLET","General Spare Parts","TVS / Universal","0","425","500","5"
"N9042040","PIPE COMP SAI","General Spare Parts","TVS / Universal","0","425","500","5"
"N9042120","HOSE AIR OUTLET","General Spare Parts","TVS / Universal","0","425","500","5"
"N90421SO","HOSE AIR CUT VALVE","Engine","TVS / Universal","0","425","500","5"
"N9042140","HOSE BREATHER PCV","General Spare Parts","TVS / Universal","0","425","500","5"
"N9042150","O-RING AIR INJECTION","General Spare Parts","TVS / Universal","0","425","500","5"
"N9042160","HOSE CLIP Igo","General Spare Parts","TVS / Universal","0","102","120","5"
"N9042370","SHROUD INLET","General Spare Parts","TVS / Universal","0","425","500","5"
"N9042400","CARBURETTOR BS4 160cc","General Spare Parts","TVS / Universal","0","33218","39080","5"
"N9042420","TUBE INLET","General Spare Parts","TVS / Universal","0","841.5","990","5"
"N90424SO","CARBURETTOR ASSY","General Spare Parts","TVS / Universal","0","29682","34920","5"
"N9042560","AIR CLEANER ASSY","Filters","TVS / Universal","0","9316","10960","5"
"N9042580","CARBURETTOR-RTR 1604%/","General Spare Parts","TVS / Universal","0","27072.5","31850","5"
"N90425GO","PIPE INTAKE","General Spare Parts","TVS / Universal","0","1657.5","1950","5"
"N9050510","MUFFLER COMP PL","General Spare Parts","TVS / Universal","0","21964","25840","5"
"N9050580","GUARD EXHAUST","General Spare Parts","TVS / Universal","0","3051.5","3590","5"
"N9050G80","MUFFLER COMP LE -GLX (AIT)","General Spare Parts","TVS / Universal","0","37043","43580","5"
"N9051520","DAMPER GAURD EXHAUST (AIT)","General Spare Parts","TVS / Universal","0","425","500","5"
"N9051720","MUFFLER COMP (W/O GUARD) -APACHE (AIT)","General Spare Parts","TVS / Universal","0","68382.5","80450","5"
"N9051850","CUSHION GUARD EXHAUST","General Spare Parts","TVS / Universal","0","425","500","5"
"N9051860","CUP WASHER","General Spare Parts","TVS / Universal","0","425","500","5"
"N9052170","FFLER SUB ASSY","General Spare Parts","TVS / Universal","0","14815.5","17430","5"
"N9052220","FFLER ASSY (W TH GUARD) -APACHE","General Spare Parts","TVS / Universal","0","77834.5","91570","5"
"N9052440","FFLER COMP (W/O GUARD) - RTR (ALTI","General Spare Parts","TVS / Universal","0","76117.5","89550","5"
"N9052S60","FFLER ASSY WITHOUT GUARD RTR","General Spare Parts","TVS / Universal","0","63928.5","75210","5"
"N9052SGO","FFLER ASSY WITH GUARD - RTR EFI","General Spare Parts","TVS / Universal","0","74145.5","87230","5"
"N9053160","FFLER WITH GUARD RTR 180","General Spare Parts","TVS / Universal","0","84949","99940","5"
"N9053170","GASKET MUFFLER (APACHE)","Engine","TVS / Universal","0","425","500","5"
"N9053310","MUFFLE R ASSY (WITH GUARD)","General Spare Parts","TVS / Universal","0","70847.5","83350","5"
"N9053400","MUFFLER SUB ASSY EXP 11","General Spare Parts","TVS / Universal","0","46061.5","54190","5"
"N9053500","MUFFLE R sua ASSY (A","General Spare Parts","TVS / Universal","0","57077.5","67150","5"
"N9053510","MUFFLE R COMP (ALTI","General Spare Parts","TVS / Universal","0","27480.5","32330","5"
"N9053570","GUARD EXHAUST REAR","General Spare Parts","TVS / Universal","0","3485","4100","5"
"N9053SSO","FFLER SUB ASSY EFI (WITH oxy SENS","General Spare Parts","TVS / Universal","0","81260","95600","5"
"N9053850","FFLER SUB ASSY","General Spare Parts","TVS / Universal","0","95251","112060","5"
"N9053860","FFLER COMP","General Spare Parts","TVS / Universal","0","68714","80840","5"
"N9053G20","FFLER SUB ASSY 2 N112 3S4","General Spare Parts","TVS / Universal","0","148393","174580","5"
"N9053G50","FFLER SUB ASSY RTR BS4","General Spare Parts","TVS / Universal","0","74103","87180","5"
"N9053GSO","FFLER COMP 1","General Spare Parts","TVS / Universal","0","45619.5","53670","5"
"N9060020","MAGNETO ASSY","General Spare Parts","TVS / Universal","0","41233.5","48510","5"
"N90600SO","IGNITION COIL ASSY","Oils & Fluids","TVS / Universal","0","3281","3860","5"
"N9060040","ERCU ASSY","General Spare Parts","TVS / Universal","0","10242.5","12050","5"
"N9060050","VARIABLE CDI UNIT ASSY","General Spare Parts","TVS / Universal","0","16532.5","19450","5"
"N9060160","DIGITAL CDI -GLX ES","General Spare Parts","TVS / Universal","0","12954","15240","5"
"N9060180","IGNITION COIL IDI )","Oils & Fluids","TVS / Universal","0","8474.5","9970","5"
"N9060200","MAGNETO ASSY (IDI)","General Spare Parts","TVS / Universal","0","8644.5","10170","5"
"N9060210","TCI UNIT","General Spare Parts","TVS / Universal","0","18164.5","21370","5"
"N9060240","IGNITION COIL","Oils & Fluids","TVS / Universal","0","3264","3840","5"
"N9060280","SUPPRESSOR CAP","General Spare Parts","TVS / Universal","0","773.5","910","5"
"N90602GO","REGULATOR","General Spare Parts","TVS / Universal","0","5686.5","6690","5"
"N9060300","STATOR ASSEMBLY - APACHE","Electrical","TVS / Universal","0","15699.5","18470","5"
"N9060310","ROTOR ASSY","General Spare Parts","TVS / Universal","0","19915.5","23430","5"
"N9060320","PULSER COIL 1,","Oils & Fluids","TVS / Universal","0","501.5","590","5"
"N9060340","BATTERY 12V 7AH - DRY CHARGED","Electrical","TVS / Universal","0","11968","14080","5"
"N9060350","IGNITION COIL SUB ASSY","Oils & Fluids","TVS / Universal","0","8423.5","9910","5"
"N9060370","TCI UNIT","General Spare Parts","TVS / Universal","0","10914","12840","5"
"N9060400","MAGNETO ASSY","General Spare Parts","TVS / Universal","0","27140.5","31930","5"
"N90604SO","TCI UNIT RTR180","General Spare Parts","TVS / Universal","0","425","500","5"
"N9060560","TCI UNIT","General Spare Parts","TVS / Universal","0","11067","13020","5"
"N9060S50","TCI UNIT","General Spare Parts","TVS / Universal","0","8899.5","10470","5"
"N9060S60","MAGNETO ASSY","General Spare Parts","TVS / Universal","0","22873.5","26910","5"
"N9060S70","REGULATOR cuM RECTIFIER","General Spare Parts","TVS / Universal","0","10846","12760","5"
"N9060S80","SWITCH GEAR POSITION","Electrical","TVS / Universal","0","1751","2060","5"
"N9060700","SPEED SENSOR","Electrical","TVS / Universal","0","4947","5820","5"
"N9060770","IGNITION COIL","Oils & Fluids","TVS / Universal","0","4785.5","5630","5"
"N906081G","ECU UNIT","General Spare Parts","TVS / Universal","0","35598","41880","5"
"N9060820","STARTER MOTOR","General Spare Parts","TVS / Universal","0","22278.5","26210","5"
"N9060870","GROMMET SPARK PLUG","General Spare Parts","TVS / Universal","0","425","500","5"
"N9060880","TCI UNIT","General Spare Parts","TVS / Universal","0","22839.5","26870","5"
"N90608GO","NEUTRAL SWITCH","Electrical","TVS / Universal","0","1963.5","2310","5"
"N9060G10","TCI UNIT 1 N112 BS4","General Spare Parts","TVS / Universal","0","11602.5","13650","5"
"N9060G20","TCI UNIT 160cc BS4","General Spare Parts","TVS / Universal","0","11041.5","12990","5"
"N9060G50","MAGNETO ASSY","General Spare Parts","TVS / Universal","0","21003.5","24710","5"
"N9070020","GEAR ASSY PRIMARY DRIVEN UP.086 (ACT)","General Spare Parts","TVS / Universal","0","18351.5","21590","5"
"N90700GO","ROD CLUTCH RELEASE COMP (ACT)","General Spare Parts","TVS / Universal","0","841.5","990","5"
"N9070120","PLATE CLUTCH RELEASE","General Spare Parts","TVS / Universal","0","425","500","5"
"N9070170","HUB CLUTCH","General Spare Parts","TVS / Universal","0","1980.5","2330","5"
"N9070180","PLATE CLUTCH DRIVEN","General Spare Parts","TVS / Universal","0","1088","1280","5"
"N90701GO","PLATE CLUTCH DRIVE 1","General Spare Parts","TVS / Universal","0","4564.5","5370","5"
"N9070210","DISC PRESSURE CLUTCH","Brakes","TVS / Universal","0","425","500","5"
"N9070220","SPRING CLUTCH","General Spare Parts","TVS / Universal","0","425","500","5"
"N90702SO","PLATE CLUTCH RELEASE","General Spare Parts","TVS / Universal","0","425","500","5"
"N9070240","SPRING CLUTCH JUDDER","General Spare Parts","TVS / Universal","0","833","980","5"
"N9070250","PLATE CLUTCH DRIVE JUDDER","General Spare Parts","TVS / Universal","0","1445","1700","5"
"N9070260","CABLE ASSY CLUTCH","Electrical","TVS / Universal","0","1683","1980","5"
"N9070280","CABLE ASSY CLUTCH","Electrical","TVS / Universal","0","1827.5","2150","5"
"N90702GO","CENTER ASSY MANUAL 2","General Spare Parts","TVS / Universal","0","15402","18120","5"
"N9070310","PLATE CLUTCH DRIVE (2n05-1set)","General Spare Parts","TVS / Universal","0","1062.5","1250","5"
"N9070340","GEAR ASSY PRIMARY DRIVEN","General Spare Parts","TVS / Universal","0","10115","11900","5"
"N9080010","CHAIN ASSY","General Spare Parts","TVS / Universal","0","7973","9380","5"
"N9080020","SPROCKET 48T","General Spare Parts","TVS / Universal","0","3918.5","4610","5"
"N9080040","GEARSHIFT LEVER COMP","General Spare Parts","TVS / Universal","0","2252.5","2650","5"
"N9080080","BUSH COVER MAGNETO","General Spare Parts","TVS / Universal","0","425","500","5"
"N90800GO","SHAFT COMP GEAR SHIFT","General Spare Parts","TVS / Universal","0","3145","3700","5"
"N9080210","LEVER ASSY GEAR SHIFT-GLX","General Spare Parts","TVS / Universal","0","2720","3200","5"
"N9080240","OILPUMP ASSY RTR180","Oils & Fluids","TVS / Universal","0","4709","5540","5"
"N9080250","SPROCKET ENGINE 14T RTR180","Engine","TVS / Universal","0","425","500","5"
"N9080440","STOPPER STARTER GEAR","General Spare Parts","TVS / Universal","0","425","500","5"
"N9080670","RETAINER","General Spare Parts","TVS / Universal","0","425","500","5"
"N9080740","DRIVE SHAFT ASSY 150 RTR","General Spare Parts","TVS / Universal","0","46155","54300","5"
"N9080750","UNION BREATHER","General Spare Parts","TVS / Universal","0","425","500","5"
"N9080760","SHAFT COMP GEARSHIFT ASSY (ALTI","General Spare Parts","TVS / Universal","0","2159","2540","5"
"N9081070","SPRING BALANCER SHAFT","General Spare Parts","TVS / Universal","0","425","500","5"
"N9081080","SPRING BALANCER SHAFT","General Spare Parts","TVS / Universal","0","425","500","5"
"N9081160","PIN BALANCER SHAFT DRIVEN","General Spare Parts","TVS / Universal","0","425","500","5"
"N9081170","COVER ENGINE SPROCKET (APACHE REF) (ALTI","Engine","TVS / Universal","0","1028.5","1210","5"
"N90811707D","COVER ENGINE SPROCKET TITAN GREY (ALTI","Engine","TVS / Universal","0","425","500","5"
"N9081280","GAUGE OIL LEVEL","Oils & Fluids","TVS / Universal","0","425","500","5"
"N9081300","OILPUMP ASSY (ALTI","Oils & Fluids","TVS / Universal","0","2881.5","3390","5"
"N90813GO","GEAR PRIMARY DRIVE","General Spare Parts","TVS / Universal","0","2278","2680","5"
"N9081400","GEAR, OIL PUMP DRIVEN","Oils & Fluids","TVS / Universal","0","1105","1300","5"
"N9081480","GEAR BALANCER SHAFT DRIVEN","General Spare Parts","TVS / Universal","0","5210.5","6130","5"
"N90814GO","GEAR BALANCER SHAFT DRIVE","General Spare Parts","TVS / Universal","0","5210.5","6130","5"
"N9081500","RACE BALANCER GEAR DRIVEN","General Spare Parts","TVS / Universal","0","1360","1600","5"
"N9081560","SPROCKET ENGINE 13T (ACT)","Engine","TVS / Universal","0","1343","1580","5"
"N9081580","GEAR PRIMARY DRIVE 1","General Spare Parts","TVS / Universal","0","1589.5","1870","5"
"N9081S40","LEVER KICKSTARTER ASSY","General Spare Parts","TVS / Universal","0","1912.5","2250","5"
"N9081650","LEVER KICKSTARTER","General Spare Parts","TVS / Universal","0","2771","3260","5"
"N9081660","GEAR IDLER","General Spare Parts","TVS / Universal","0","1079.5","1270","5"
"N9081S70","SHAFT IDLE","General Spare Parts","TVS / Universal","0","782","920","5"
"N9081S80","RETAINER OILSEAL DRIVESHAFT","Oils & Fluids","TVS / Universal","0","425","500","5"
"N9081SGO","WASHER CLUTCH JUDDER","General Spare Parts","TVS / Universal","0","425","500","5"
"N9081710","CLAMP MAGNETO LEAD","Electrical","TVS / Universal","0","425","500","5"
"N9081720","BKT IDLER GEAR","General Spare Parts","TVS / Universal","0","425","500","5"
"N90817SO","CAM GEAR SHIFT","Brakes","TVS / Universal","0","3264","3840","5"
"N90818SO","SPROCKET ENGINE RUBBERISED-RTR200","Engine","TVS / Universal","0","1674.5","1970","5"
"N9081880","RETAINER OILSEAL DRIVESHAFT","Oils & Fluids","TVS / Universal","0","425","500","5"
"N9082160","OILPUMP ASSY","Oils & Fluids","TVS / Universal","0","3935.5","4630","5"
"N90822SO","COVER ENGINE SPROCKET BSVI","Engine","TVS / Universal","0","1436.5","1690","5"
"N9090060","CHAIN CASE COMP UPPER - PAINTED","General Spare Parts","TVS / Universal","0","2541.5","2990","5"
"N9090070","CHAINCASE COMP LOWER PAINTED","General Spare Parts","TVS / Universal","0","2541.5","2990","5"
"N9090170","SHOCK ABSORBER (ALTI (ALTI","General Spare Parts","TVS / Universal","0","12648","14880","5"
"N90904SO","BUFFER CHAINCASE","General Spare Parts","TVS / Universal","0","722.5","850","5"
"N9090480","CHAINCASE COMP UPPER","General Spare Parts","TVS / Universal","0","425","500","5"
"N90904GO","CHAINCASE COVER LOWER","General Spare Parts","TVS / Universal","0","425","500","5"
"N9090S60","SHOCK ABSORBER GAS FILLED - GLX","General Spare Parts","TVS / Universal","0","11092.5","13050","5"
"N9090860","SWING ARM STAR SPORT 125","General Spare Parts","TVS / Universal","0","12733","14980","5"
"N90GOG10","CHAIN ADJUSTER RH - GLX","General Spare Parts","TVS / Universal","0","841.5","990","5"
"N9090G40","CHAIN ADJUSTER LH- GLX","General Spare Parts","TVS / Universal","0","425","500","5"
"N9091000","SHOCK ABSORBER CANISTER - BLACK","General Spare Parts","TVS / Universal","0","6273","7380","5"
"N9091260","CHAINCASE COMP UPPER SILVER","General Spare Parts","TVS / Universal","0","2805","3300","5"
"N90912605D","CHAINCASE COMP UPPER BLACK","General Spare Parts","TVS / Universal","0","2805","3300","5"
"N9091270","CHAINCASE COMP LOWER SILVER","General Spare Parts","TVS / Universal","0","2805","3300","5"
"N90912705D","CHAINCASE COMP LOWER BLACK","General Spare Parts","TVS / Universal","0","756.5","890","5"
"N9091300","SHOCK ABSORBER CANISTER - RED","General Spare Parts","TVS / Universal","0","20867.5","24550","5"
"N90913SO","CHAIN ADJUSTOR ASSY L","General Spare Parts","TVS / Universal","0","1054","1240","5"
"N9091340","CHAIN ADJUSTER ASSY R","General Spare Parts","TVS / Universal","0","986","1160","5"
"N9091450","SHOCK ABSORBER RH RED SPRNG","General Spare Parts","TVS / Universal","0","17365.5","20430","5"
"N90914GO","CHAINCASE COMP UPPER","General Spare Parts","TVS / Universal","0","425","500","5"
"N90915SO","CHAINCASE COMP LOWER","General Spare Parts","TVS / Universal","0","2847.5","3350","5"
"N9091SSO","GUIDE DRIVE CHAIN","General Spare Parts","TVS / Universal","0","1105","1300","5"
"N9091650","SWINGARM SUB ASSY RR Disc","Brakes","TVS / Universal","0","9409.5","11070","5"
"N9091700","CHAIN COVER - RTR REF","General Spare Parts","TVS / Universal","0","1530","1800","5"
"N90917SO","SWINGARM COMP -RTR REF (ALTI","General Spare Parts","TVS / Universal","0","12248.5","14410","5"
"N9091750","SHOCK ABSORBER LH RED SPRING","General Spare Parts","TVS / Universal","0","26741","31460","5"
"N9091760","SHOCK ABSORBER RH BLACK SPRIN","General Spare Parts","TVS / Universal","0","18564","21840","5"
"N9091770","SHOCK ABSORBER LH BLACK SPRIN","General Spare Parts","TVS / Universal","0","27548.5","32410","5"
"N90922SO","SWINGARM WITH BUSH Disc RTR 180","Brakes","TVS / Universal","0","15359.5","18070","5"
"N9092260","SHOCK ABSORBER BLACK SPRG RTRI","General Spare Parts","TVS / Universal","0","15453","18180","5"
"N90923GO","SWINGARM SUB ASSY Disc","Brakes","TVS / Universal","0","23749","27940","5"
"N9092410","DUST SEAL SA","General Spare Parts","TVS / Universal","0","425","500","5"
"N9092420","DUST CAP SA","General Spare Parts","TVS / Universal","0","595","700","5"
"N90924SO","SLEEVE SWINGARM","General Spare Parts","TVS / Universal","0","1572.5","1850","5"
"N9092440","BUFFER CHAIN","General Spare Parts","TVS / Universal","0","1445","1700","5"
"N9092450","CHAIN ADJUSTOR COM","General Spare Parts","TVS / Universal","0","425","500","5"
"N9092460","CLAMP CHAIN ADJUSTOR","Electrical","TVS / Universal","0","425","500","5"
"N9092470","CHAIN ADJUSTOR ASSY","General Spare Parts","TVS / Universal","0","425","500","5"
"N90924GO","SWINGARM SUB ASSY DRUM","General Spare Parts","TVS / Universal","0","7420.5","8730","5"
"N9092620","WHEEL HUGGER CUM CHAIN COVER","General Spare Parts","TVS / Universal","0","2839","3340","5"
"N9092SGO","LEG HUGGER L","General Spare Parts","TVS / Universal","0","1266.5","1490","5"
"N9092700","LEG HUGGER R","General Spare Parts","TVS / Universal","0","1606.5","1890","5"
"N9092710","WHEEL HUGGER REAR","General Spare Parts","TVS / Universal","0","1700","2000","5"
"N9092720","WHEEL HUGGER COMP RR","General Spare Parts","TVS / Universal","0","3587","4220","5"
"N9092780","SHOCK ABSORBER","General Spare Parts","TVS / Universal","0","35674.5","41970","5"
"N90928SO","WHEEL HUGGER REAR","General Spare Parts","TVS / Universal","0","1394","1640","5"
"N9100310C","UPPER BRACKET COMP - JIVE","General Spare Parts","TVS / Universal","0","425","500","5"
"N910037G","INNER TUBE","General Spare Parts","TVS / Universal","0","15495.5","18230","5"
"N91008208R","OUTER TUBE LH -GOLD SPARKLE","General Spare Parts","TVS / Universal","0","15130","17800","5"
"N91008708R","OUTER TUBE RH - GOLD SPARKLE","General Spare Parts","TVS / Universal","0","12665","14900","5"
"N91008GO","WASHER DU BUSH","General Spare Parts","TVS / Universal","0","425","500","5"
"N9100G10","HEX BOLT FRONT FORK","General Spare Parts","TVS / Universal","0","425","500","5"
"N9100GSO","LEG ASSY L FRONT FORK","General Spare Parts","TVS / Universal","0","25755","30300","5"
"N9100G608R","LEG ASSY L FRONT FORK GO D RTR","General Spare Parts","TVS / Universal","0","26299","30940","5"
"N9100G70","LEG ASSY FRONT FORK R","General Spare Parts","TVS / Universal","0","25610.5","30130","5"
"N9100G708R","LEG ASSY RH GOLD SPARKLE RTR 1","General Spare Parts","TVS / Universal","0","27378.5","32210","5"
"N91010808R","FORK ASSY FRONT Disc -RTR 180","Brakes","TVS / Universal","0","60911","71660","5"
"N91010GO","INNER TUBE FRONT FORK","General Spare Parts","TVS / Universal","0","17501.5","20590","5"
"N91012GO","O-RING FR FORK","General Spare Parts","TVS / Universal","0","425","500","5"
"N9101SOO","CONE TOP","General Spare Parts","TVS / Universal","0","603.5","710","5"
"N9101SGO","CAP, LOCKNUT","General Spare Parts","TVS / Universal","0","892.5","1050","5"
"N91017GO","INNER TUBE FR FORK","General Spare Parts","TVS / Universal","0","8780.5","10330","5"
"N9101GSO","SPRING FR FORK","General Spare Parts","TVS / Universal","0","2677.5","3150","5"
"N91103GO","KIT CARRIER (MAJOR)- VICTOR GLX","General Spare Parts","TVS / Universal","0","3264","3840","5"
"N9110SGO","SHAFT REAR SPROCKET MTG. DRUM EDGE","General Spare Parts","TVS / Universal","0","1521.5","1790","5"
"ALLOY","WHEEL -APACHE","General Spare Parts","TVS / Universal","0","35955","42300","5"
"CALIPER","ASSY - 27 X 2","General Spare Parts","TVS / Universal","0","27463.5","32310","5"
"DISC","PLATE 240 X 4T","General Spare Parts","TVS / Universal","0","13710.5","16130","5"
"MASTER","CYLINDER ASSY FRONT","Engine","TVS / Universal","0","13982.5","16450","5"
"CYLINDER","ASSY FRONT MASTER","General Spare Parts","TVS / Universal","0","15589","18340","5"
"TYRE","REAR 100/80-18","General Spare Parts","TVS / Universal","0","24930.5","29330","5"
"N91117GO","TUBE ASSY WHEEL INNER","General Spare Parts","TVS / Universal","0","3485","4100","5"
"N91118GO","DISC PLATE","Brakes","TVS / Universal","0","10965","12900","5"
"N9111GSO","CALIPER ASSY","General Spare Parts","TVS / Universal","0","27387","32220","5"
"N91121GO","SPACER COMP REAR WHEEL R","General Spare Parts","TVS / Universal","0","833","980","5"
"N9113GGO","SHAFT RR SPROCKET DRUM","General Spare Parts","TVS / Universal","0","2822","3320","5"
"N91140202P","DRUM RR SPROCKET MC","General Spare Parts","TVS / Universal","0","6154","7240","5"
"N91201800DA","COVER FRAME L + TAPESET BLACK+SI","General Spare Parts","TVS / Universal","0","6434.5","7570","5"
"N912018000C","COVER FRAME L + TAPESET aLK+SlL+3LU","General Spare Parts","TVS / Universal","0","6434.5","7570","5"
"N91201804L","COVER FRAME LH JEWEL GREEN -G","General Spare Parts","TVS / Universal","0","7242","8520","5"
"N91201804R","COVER FRAME L + TAPESET YELLOW","General Spare Parts","TVS / Universal","0","6230.5","7330","5"
"N91201806GA","COVER FRAME L+TAPESET FRED+WHITE","General Spare Parts","TVS / Universal","0","1700","2000","5"
"N91201809L","COVER FRAME L+TAPESET BENELLI GREEN","General Spare Parts","TVS / Universal","0","7242","8520","5"
"N9120180CA","COVER FRAME L+TAPESET BLK+SIL U84","General Spare Parts","TVS / Universal","0","3102.5","3650","5"
"N9120180CB","COVER FRAME L+TAPESET BLUE+SIL 084","General Spare Parts","TVS / Universal","0","7675.5","9030","5"
"N9120180CC","COVER FRAME L+TAPESET FL RED+SlLU84","General Spare Parts","TVS / Universal","0","6910.5","8130","5"
"N91201G00DA","COVER FRAME R + TAPESET BLACK+SIL","General Spare Parts","TVS / Universal","0","6434.5","7570","5"
"N91201GOOOC","COVER FRAME R + TAPESET BLK+SlL+8LU","General Spare Parts","TVS / Universal","0","6434.5","7570","5"
"N91201G04L","COVER FRAME RH JEWEL GREEN - GLX","General Spare Parts","TVS / Universal","0","7242","8520","5"
"N91201G04R","COVER FRAME R + TAPESET YELLOW","General Spare Parts","TVS / Universal","0","6732","7920","5"
"N91201G06GA","COVER FRAME R+TAPESET FRED+WHITE","General Spare Parts","TVS / Universal","0","6562","7720","5"
"N91201G09L","COVER FRAME R+TAPESET BENELLI GREEN","General Spare Parts","TVS / Universal","0","7242","8520","5"
"N91201GOCA","COVER FRAME R+TAPESET BLK+SIL","General Spare Parts","TVS / Universal","0","7675.5","9030","5"
"N91201GOCB","COVER FRAME R+TAPESET BLUE+SIL","General Spare Parts","TVS / Universal","0","7675.5","9030","5"
"N91201GOCC","COVER FRAME R+TAPESET FL RED+SIL","General Spare Parts","TVS / Universal","0","6910.5","8130","5"
"N91202000DA","COVER SEAT TAIL L+TAPESET BLACK+SI","General Spare Parts","TVS / Universal","0","5635.5","6630","5"
"N912020000C","COVER SEAT TAIL L+TAPESET aLK+S BLU","General Spare Parts","TVS / Universal","0","1581","1860","5"
"N91202004L","COVER SEAT TAIL LH JEWEL GREEN -GLX","General Spare Parts","TVS / Universal","0","7395","8700","5"
"N91202004R","COVER SEAT TAIL L+TAPESET YELLOW","General Spare Parts","TVS / Universal","0","7395","8700","5"
"N91202006GA","COVER SEAT TAIL L+TAPESET F RED+WHT","General Spare Parts","TVS / Universal","0","1683","1980","5"
"N91202009L","COVER SEAT TAIL L+TAPESET BENGREEN","General Spare Parts","TVS / Universal","0","7395","8700","5"
"N9120200CA","COVER SEAT TAIL L+TAPESET aLK+Sl","General Spare Parts","TVS / Universal","0","7522.5","8850","5"
"N9120200CB","COVER SEAT TAIL LH BLUE+SIL","General Spare Parts","TVS / Universal","0","7522.5","8850","5"
"N9120200CC","COVER SEAT TAIL LH FRED+SIL-GLXNEW","General Spare Parts","TVS / Universal","0","1912.5","2250","5"
"N91202100DA","COVER SEAT TAIL R+TAPESET BLACK+SIL","General Spare Parts","TVS / Universal","0","1606.5","1890","5"
"N912021000C","COVER SEAT TAIL R+TAPESET BLK+S BLU","General Spare Parts","TVS / Universal","0","5635.5","6630","5"
"N91202104L","COVER SEAT TAIL RH JEWEL GREEN -GLX","General Spare Parts","TVS / Universal","0","7395","8700","5"
"N91202104R","COVER SEAT TAIL R+TAPESET YELLOW","General Spare Parts","TVS / Universal","0","7395","8700","5"
"N91202106GA","COVER SEATTAIL R+TAPESET FRED+WHT","General Spare Parts","TVS / Universal","0","7395","8700","5"
"N91202109L","COVER SEAT TAIL R+TAPESET BENGREEN","General Spare Parts","TVS / Universal","0","7395","8700","5"
"N9120210CA","COVER SEAT TAIL R+TAPESET BLK+SIL","General Spare Parts","TVS / Universal","0","3102.5","3650","5"
"N9120210CB","COVER SEAT TAIL R+TAPESET BLUE+SI","General Spare Parts","TVS / Universal","0","1759.5","2070","5"
"N9120210CC","COVER SEAT TAIL R+TAPESET FLRED+SIL","General Spare Parts","TVS / Universal","0","6885","8100","5"
"N91202204R","COVER SEAT TAIL CENTER BRILL YELLOW","General Spare Parts","TVS / Universal","0","2677.5","3150","5"
"N91202206G","COVER SEAT TAIL CENTER FLAME RED","General Spare Parts","TVS / Universal","0","2915.5","3430","5"
"N91202209L","COVER SEAT TAIL CENTER BENELLIGREEN","General Spare Parts","TVS / Universal","0","2677.5","3150","5"
"N9120220C","COVER CEN SEAT TAIL SIL M GREY","General Spare Parts","TVS / Universal","0","2312","2720","5"
"N91203004R","PILLION HANDLE YELLOW - GLX Disc BR","Brakes","TVS / Universal","0","8219.5","9670","5"
"N91203006G","PILLION HANDLE FLAME RED GLXDlsc","General Spare Parts","TVS / Universal","0","8219.5","9670","5"
"N91203009L","PILLION HANDLE BENALLI GREEN","General Spare Parts","TVS / Universal","0","8219.5","9670","5"
"N9120GGO","BAR COMP FOOTREST FRONT","General Spare Parts","TVS / Universal","0","3553","4180","5"
"N91212500DA","HSGHEADLAMP+TAPESET BLACK+SIL+RED","Engine","TVS / Universal","0","7242","8520","5"
"N912125000C","HSG HEADLAMP+TAPESET BLACK+SlL+3LUE","Engine","TVS / Universal","0","7242","8520","5"
"N91212500DE","HSG HEADLAMP FRONT BLACK -GLX NEW","Engine","TVS / Universal","0","7803","9180","5"
"N91212504L","HSG HEADLAMP+TAPESET JEWELGREEN GLX","Engine","TVS / Universal","0","8083.5","9510","5"
"N91212504R","HSG HEADLAMP+TAPESET YELLOW","Engine","TVS / Universal","0","8083.5","9510","5"
"N91212506GA","HSG HEADLAMP+TAPESET FLAMERED+WHITE","Engine","TVS / Universal","0","8092","9520","5"
"N91212506GB","HSG HEADLAMP+TAPESET FL RED+SIL 084","Engine","TVS / Universal","0","7029.5","8270","5"
"N912125073C","HSG HEADLAMP+TAPESET a UE+SIL 084","Engine","TVS / Universal","0","7293","8580","5"
"N91212509L","HSG HEADLAMP+TAPESET BENELLI GREEN","Engine","TVS / Universal","0","8083.5","9510","5"
"N91214GO","PAD HEADLAMP","Brakes","TVS / Universal","0","425","500","5"
"N9121SGO","ABUTMENT CLUTCH CABLE","Electrical","TVS / Universal","0","425","500","5"
"N91217GO","PIN PILLION FOOTREST","General Spare Parts","TVS / Universal","0","425","500","5"
"N91218GO","CENTER STAND COMP","General Spare Parts","TVS / Universal","0","5108.5","6010","5"
"N9122SOO","HOLDER ASSY R PILLION FOOTREST","General Spare Parts","TVS / Universal","0","1079.5","1270","5"
"N9122SGO","CLAMP BATTERY g AH","Electrical","TVS / Universal","0","425","500","5"
"N9122GGO","8RKT L ENG MTG UPPER","General Spare Parts","TVS / Universal","0","416.5","490","5"
"N91232GO","BATTERY HOLDER","Electrical","TVS / Universal","0","2864.5","3370","5"
"N91235GO","BAR COMP FRONT FOOTREST","General Spare Parts","TVS / Universal","0","1564","1840","5"
"N9123GSO","RIDER FOOTPEG ASSY LH RTR","General Spare Parts","TVS / Universal","0","2873","3380","5"
"N9123GGO","CLAMP COMP RIDER FOOTREST","Electrical","TVS / Universal","0","425","500","5"
"N91248GO","CUSHION EXHAUST MTG METRO +","General Spare Parts","TVS / Universal","0","425","500","5"
"N9124GSO","VICTOR GLX","General Spare Parts","TVS / Universal","0","4462.5","5250","5"
"N9124GGO","BKT ENG MTG FR L","General Spare Parts","TVS / Universal","0","425","500","5"
"N91255GO","SPACER","General Spare Parts","TVS / Universal","0","425","500","5"
"N9125GGO","PIN GEARSHIFT LEVER (APACHE REF)","General Spare Parts","TVS / Universal","0","425","500","5"
"N91273GO","8RKT ENGINE MTG COMP R (AIT)","Engine","TVS / Universal","0","1309","1540","5"
"N9127SGO","HOLDER CONTROLLER","General Spare Parts","TVS / Universal","0","646","760","5"
"N91277GO","PILLION FOOT PEG L NEW","General Spare Parts","TVS / Universal","0","1317.5","1550","5"
"N91300SO","SEAT BASE","General Spare Parts","TVS / Universal","0","1708.5","2010","5"
"N91300GO","COVER corviæ SEAT - APACHE","General Spare Parts","TVS / Universal","0","4071.5","4790","5"
"N91400200DA","TANK Ass FUEL+TAPESET BLACK+SILGRE\' (AIT)","General Spare Parts","TVS / Universal","0","38343.5","45110","5"
"N914002000C","TANK Ass FUEL+TAPESET BLK+SIL+BLUE (AIT)","General Spare Parts","TVS / Universal","0","38343.5","45110","5"
"N91400200DE","TANK COMP FUEL BLACK+SIL U84","General Spare Parts","TVS / Universal","0","38343.5","45110","5"
"N91400204L","TANK COMP FUEL JEWEL GREEN GLX","General Spare Parts","TVS / Universal","0","46452.5","54650","5"
"N91400204R","TANK COMP FUEL+TAPESET NEO BRIL YLW","General Spare Parts","TVS / Universal","0","17280.5","20330","5"
"N91400206GA","TANK COMP FUEL+TAPESET FLAMERED+WHT","General Spare Parts","TVS / Universal","0","46452.5","54650","5"
"N91400206GB","TANK COMP FUEL+TAPESET FL RED 084","General Spare Parts","TVS / Universal","0","49087.5","57750","5"
"N914002073C","TANK COMP FUEL+TAPESET TBLUE 084","General Spare Parts","TVS / Universal","0","46452.5","54650","5"
"N91400209L","TANK COMP FUEL+TAPESET BENELLIGREEN","General Spare Parts","TVS / Universal","0","46452.5","54650","5"
"N914002GOO","FUEL TANK BLACK VICT GLX W/O STICKE","General Spare Parts","TVS / Universal","0","29554.5","34770","5"
"N91405000DA","TANK COMP FUEL+TAPESET BLACK U","General Spare Parts","TVS / Universal","0","57290","67400","5"
"N91405001C","TANK COMP FUEL SPARKING SIL-APACHE","General Spare Parts","TVS / Universal","0","55887.5","65750","5"
"N91405002H","TANK COMP FUEL + TAPESET APACHE RED","General Spare Parts","TVS / Universal","0","17986","21160","5"
"N91405002HA","TANK COMP FUEL + TAPESET APACH","General Spare Parts","TVS / Universal","0","57290","67400","5"
"N91405006R","TANK COMP FUEL + TAPESET YELLO","General Spare Parts","TVS / Universal","0","57290","67400","5"
"N91410600DA","TANK COMP FUEL HG BLACK RTR 18","General Spare Parts","TVS / Universal","0","49776","58560","5"
"N914106000C","FUEL TANK COMP","General Spare Parts","TVS / Universal","0","50592","59520","5"
"N91410602F","TANK COMP FUEL RTR 180+ TAPESE (ALT)","General Spare Parts","TVS / Universal","0","65441.5","76990","5"
"N91410602H","TANK COMP FUEL* TAPESET APACHE","General Spare Parts","TVS / Universal","0","56193.5","66110","5"
"N91410602HA","FUEL TANK COMP","General Spare Parts","TVS / Universal","0","47532","55920","5"
"N91410606R","TANK COMP FUEL+TAPESET YELLOW","General Spare Parts","TVS / Universal","0","56193.5","66110","5"
"N91410606RA","TANK COMP FUEL RTR 180+ TAPESE","General Spare Parts","TVS / Universal","0","63801","75060","5"
"N91410606RB","FUEL TANK COMP","General Spare Parts","TVS / Universal","0","48110","56600","5"
"N91410608DA","FUEL TANK COMP+TAPESET T GREY - 180","General Spare Parts","TVS / Universal","0","64778.5","76210","5"
"N91411GOOO","FUEL TANK COMP BLACK","General Spare Parts","TVS / Universal","0","60571","71260","5"
"N91411G00DA","FUEL TANK COMP GREEN 160","General Spare Parts","TVS / Universal","0","48407.5","56950","5"
"N91411GOOOC","FUEL TANK COMP RED 160","General Spare Parts","TVS / Universal","0","51578","60680","5"
"N91411G00DH","FUEL TANK + TAPESET BLACK","General Spare Parts","TVS / Universal","0","30413","35780","5"
"N91411G02F","FUEL TANK COMP WHITE","General Spare Parts","TVS / Universal","0","48237.5","56750","5"
"N91411G02FB","FUEL TANK COMP PEARL WHITE 160 REF","General Spare Parts","TVS / Universal","0","63639.5","74870","5"
"N91411G02H","FUEL TANK COMP RED RTR REF 180","General Spare Parts","TVS / Universal","0","27871.5","32790","5"
"N91411G02HA","FUEL TANK COMP. APACHE RED (s.TONE)","General Spare Parts","TVS / Universal","0","30302.5","35650","5"
"N91411G03A","FUEL TANK COMP + TAPESET ORK FR BLIJ","General Spare Parts","TVS / Universal","0","38105.5","44830","5"
"N91411G03AA","FUEL TANK COMP+TAPESET ORK FR BLUE","General Spare Parts","TVS / Universal","0","41854","49240","5"
"N91411G06R","FUEL TANK COMP YELLOW 180(APACHE RE","General Spare Parts","TVS / Universal","0","60571","71260","5"
"N91411G06RA","FUEL TANK COMP P YELLOW (STONE)","General Spare Parts","TVS / Universal","0","35530","41800","5"
"N91411G08DA","FUEL TANK COMP. TITAN GREY (STONE)","General Spare Parts","TVS / Universal","0","31237.5","36750","5"
"N91411GOGC","FUEL TANK COMP +TAPESET SYRAH RED","General Spare Parts","TVS / Universal","0","41854","49240","5"
"N91415GO","800T CANISTER","General Spare Parts","TVS / Universal","0","816","960","5"
"N9141SSO","PURGE VALVE","Engine","TVS / Universal","0","1071","1260","5"
"N914187000C","FUEL TANK COMP + TAPESET BLACK","General Spare Parts","TVS / Universal","0","41854","49240","5"
"N91418702FE","FUEL TANK COMP + TAPESET PEARL WHIT","General Spare Parts","TVS / Universal","0","41854","49240","5"
"N91418702HA","FUEL TANK + TAPESET APACHE REF","General Spare Parts","TVS / Universal","0","41854","49240","5"
"N91418703AC","FUEL TANK + TAPESET DARK FRENCH BLIJ","General Spare Parts","TVS / Universal","0","41854","49240","5"
"N9141GGO","800T ROLL OVER VALVE","Engine","TVS / Universal","0","425","500","5"
"N91500SO","GRIP L","General Spare Parts","TVS / Universal","0","782","920","5"
"N91504403C","LEVER ASSY CLUTCH","General Spare Parts","TVS / Universal","0","2864.5","3370","5"
"N91505203C","CLUTCH LEVER LH -RTR","General Spare Parts","TVS / Universal","0","1487.5","1750","5"
"N91507GO","HANDLE BAR COMP L","General Spare Parts","TVS / Universal","0","11050","13000","5"
"N91511GO","SPACER DAMPER HANDLE BAR","General Spare Parts","TVS / Universal","0","425","500","5"
"N91513GO","HANDLE BAR COMP RH RTR 180","General Spare Parts","TVS / Universal","0","9180","10800","5"
"N9151GSO","HANDLE HOLDER UPPER","General Spare Parts","TVS / Universal","0","1793.5","2110","5"
"N91522GO","DAMPER HANDLE BAR","General Spare Parts","TVS / Universal","0","425","500","5"
"N9160040E","LAMP ASSY REAR COMB 12V","Electrical","TVS / Universal","0","1997.5","2350","5"
"N9160080E","LAMP ASSY TURN SIGNAL FRONT LH","Electrical","TVS / Universal","0","1266.5","1490","5"
"N91600GO","LAMP ASSY TURN SIGNAL FRONT RH","Electrical","TVS / Universal","0","2915.5","3430","5"
"N91600GOE","LAMP ASSY TURN SIGNAL FRONT RH","Electrical","TVS / Universal","0","1266.5","1490","5"
"N9160110E","LAMP ASSY TURN SIGNAL REAR RH","Electrical","TVS / Universal","0","1266.5","1490","5"
"N9160120E","LAMP ASSY TURN SIGNAL REAR LH","Electrical","TVS / Universal","0","1266.5","1490","5"
"N9160180E","HEADLAMP ASSY","Engine","TVS / Universal","0","1079.5","1270","5"
"N91603GO","HEADLAMP ASSY","Engine","TVS / Universal","0","17680","20800","5"
"N91603GOE","HEADLAMP ASSY","Engine","TVS / Universal","0","1028.5","1210","5"
"N9160SSO","WIRING HARNESS IDI )","General Spare Parts","TVS / Universal","0","12988","15280","5"
"N91608GO","CORD SET HEADLAM","Engine","TVS / Universal","0","425","500","5"
"N9160GOO","SWITCH ASSY STOP LAMP","Electrical","TVS / Universal","0","1292","1520","5"
"N9160GSO","TURN SIGNAL ASSY FL (AIT)","General Spare Parts","TVS / Universal","0","2320.5","2730","5"
"N9160GGO","TURN SIGNAL ASSY REAR RH (ALTI","General Spare Parts","TVS / Universal","0","2320.5","2730","5"
"N91611GO","WIRING HARNESS","General Spare Parts","TVS / Universal","0","12877.5","15150","5"
"N91613GO","TURN SIGNAL REAR RH","General Spare Parts","TVS / Universal","0","3000.5","3530","5"
"N91618GO","THROTTLE SWITCH ASSY","Electrical","TVS / Universal","0","1700","2000","5"
"N9161GOO","CORD SET STARTER RELAY RTR","General Spare Parts","TVS / Universal","0","4403","5180","5"
"N9161GSO","SWITCH ASSY L NON Aas(180-160 REF)","Electrical","TVS / Universal","0","5516.5","6490","5"
"N91623GO","STEERING+IGNITION LOCK","General Spare Parts","TVS / Universal","0","6026.5","7090","5"
"N9162GGO","CORD SET LAMP LIC PLATE","Electrical","TVS / Universal","0","425","500","5"
"N91700SO","CABLE ASSY CHOKE (ALTI","Electrical","TVS / Universal","0","977.5","1150","5"
"N91700GO","CABLE COMP. SEAT","Electrical","TVS / Universal","0","425","500","5"
"N9180SOO","PIPE COMP INLET","General Spare Parts","TVS / Universal","0","3595.5","4230","5"
"N91807GO","DEFLECTOR","General Spare Parts","TVS / Universal","0","841.5","990","5"
"N92000SO","HEX FLANGE BOLT M8x45","General Spare Parts","TVS / Universal","0","425","500","5"
"N92005GO","BALL BEARING 15 42 13","General Spare Parts","TVS / Universal","0","2320.5","2730","5"
"N9215SGO","TAPESET WHEEL - WHITE","General Spare Parts","TVS / Universal","0","612","720","5"
"N92201SOODA","COVER SEAT TAIL L+TAPESET BLAC","General Spare Parts","TVS / Universal","0","2592.5","3050","5"
"N92201SOOOC","COVER SEAT TAIL L+TAPESET BLAC","General Spare Parts","TVS / Universal","0","7531","8860","5"
"N92201301C","COVER SEATTAIL L+TAPESET sp SILVER","General Spare Parts","TVS / Universal","0","7046.5","8290","5"
"N92201302F","COVER SEAT TAIL L RTR 180+TAPE","General Spare Parts","TVS / Universal","0","7191","8460","5"
"N92201302FB","TAIL COVER L+TAPESET PEARL WHIT 180","General Spare Parts","TVS / Universal","0","3425.5","4030","5"
"N92201302H","COVER SEATTAIL L+TAPESET APACHE RED","General Spare Parts","TVS / Universal","0","6868","8080","5"
"N92201302HA","COVER SEATTAIL L+TAPESET APACH","General Spare Parts","TVS / Universal","0","7879.5","9270","5"
"N92201306R","COVER SEATTAIL L+TAPESET YELLO","General Spare Parts","TVS / Universal","0","6944.5","8170","5"
"N92201306RC","COVER SEATTAIL L+TAPESET YELLO","General Spare Parts","TVS / Universal","0","8381","9860","5"
"N92201308DC","CVR SEATTAIL L+TAPESET T GREY - 180","General Spare Parts","TVS / Universal","0","8355.5","9830","5"
"N92201400DA","COVER SEAT TAIL R+TAPESET BLAC","General Spare Parts","TVS / Universal","0","7148.5","8410","5"
"N922014000C","COVER SEAT TAIL R+TAPESET BLAC","General Spare Parts","TVS / Universal","0","8355.5","9830","5"
"N92201401C","COVER SEATTAIL R+TAPESET sp SILVER","General Spare Parts","TVS / Universal","0","7046.5","8290","5"
"N92201402F","COVER SEAT TAIL R RTR 180 *TAP","General Spare Parts","TVS / Universal","0","7191","8460","5"
"N92201402H","COVER SEATTAIL R+TAPESET APACHE RED","General Spare Parts","TVS / Universal","0","2065.5","2430","5"
"N92201402HA","COVER SEATTAIL R+TAPESET APACH","General Spare Parts","TVS / Universal","0","3485","4100","5"
"N92201406R","COVER SEATTAIL R+TAPESET YELLO","General Spare Parts","TVS / Universal","0","5712","6720","5"
"N92201406RC","COVER SEATTAIL R+TAPESET YELLO","General Spare Parts","TVS / Universal","0","8381","9860","5"
"N92201408DC","CVR SEATTAIL R+TAPESETT GREY - 180","General Spare Parts","TVS / Universal","0","8355.5","9830","5"
"N922015000C","COVER SEAT TAIL","General Spare Parts","TVS / Universal","0","977.5","1150","5"
"N92201502F","COVER SEATTAIL CENTER WHITE","General Spare Parts","TVS / Universal","0","3306.5","3890","5"
"N92201502H","COVER SEAT TAIL CENTER","General Spare Parts","TVS / Universal","0","3068.5","3610","5"
"N92201502HA","COVER SEAT TAIL","General Spare Parts","TVS / Universal","0","2337.5","2750","5"
"N92201506R","COVER SEATTAIL CENTER+TAPESET","General Spare Parts","TVS / Universal","0","841.5","990","5"
"N92201506RB","COVER SEATTAIL CENTER+TAPESET","General Spare Parts","TVS / Universal","0","3221.5","3790","5"
"N92201506RC","COVER SEAT TAIL","General Spare Parts","TVS / Universal","0","2720","3200","5"
"N92201508DC","CVR SEATTAIL CTR+TAPESET T GREY 180","General Spare Parts","TVS / Universal","0","2091","2460","5"
"N922015GOO","COVER SEAT TAIL CENTER HG BLACK","General Spare Parts","TVS / Universal","0","2397","2820","5"
"N922015G1C","COVER SEATTAIL CENTER sp SILVER","General Spare Parts","TVS / Universal","0","2397","2820","5"
"N922015G2H","COVER SEATTAIL CENTER APACHE RED","General Spare Parts","TVS / Universal","0","425","500","5"
"N92201600DA","FENDER FRONT HG BLACK","General Spare Parts","TVS / Universal","0","10786.5","12690","5"
"N922016000C","FENDER FRONT +TAPESET HG BLACK","General Spare Parts","TVS / Universal","0","11347.5","13350","5"
"N92201600DE","FENDER FRONT BLACK APCHE REF 180&A","General Spare Parts","TVS / Universal","0","12061.5","14190","5"
"N92201600DF","FENDER FRONT C GREEN 160","General Spare Parts","TVS / Universal","0","11815","13900","5"
"N92201600DG","FENDER FRONT T.GREY 160","General Spare Parts","TVS / Universal","0","10948","12880","5"
"N92201600DH","FENDER FRONT RED RTR180(APACHE REF","General Spare Parts","TVS / Universal","0","12886","15160","5"
"N92201600DN","FENDER FRONT BLACK (s_TONE)","General Spare Parts","TVS / Universal","0","7939","9340","5"
"N92201600DP","FENDER FRONT+TAPESET BLACK","General Spare Parts","TVS / Universal","0","12588.5","14810","5"
"N92201601C","FENDER FRONT SPARKLING SILVER","General Spare Parts","TVS / Universal","0","1853","2180","5"
"N92201602F","FENDER FRONT WHITE -RTR 180","General Spare Parts","TVS / Universal","0","13821","16260","5"
"N92201602FB","FENDER FRONT WHITE","General Spare Parts","TVS / Universal","0","12138","14280","5"
"N92201602FC","FENDER FRONT + TAPESET HG WHITE PEA","General Spare Parts","TVS / Universal","0","10837.5","12750","5"
"N92201602FE","FENDER FRONT+TAPESET PE WHITE 160RE","General Spare Parts","TVS / Universal","0","12189","14340","5"
"N92201602FL","FENDER FRONT+TAPESET P E ARL WHITE (A","General Spare Parts","TVS / Universal","0","12189","14340","5"
"N92201602FK","FENDER FRONT+TAPESET PEARL WHITE","General Spare Parts","TVS / Universal","0","8993","10580","5"
"N92201602H","FENDER FRONT APACHE RED","General Spare Parts","TVS / Universal","0","9877","11620","5"
"N92201602HA","FRONT FENDER APACHE RED","General Spare Parts","TVS / Universal","0","12520.5","14730","5"
"N92201602HB","FRONT FENDER RED","General Spare Parts","TVS / Universal","0","10565.5","12430","5"
"N92201602HE","FENDER FRONT+TAPESET AP RED (ACT)","General Spare Parts","TVS / Universal","0","14373.5","16910","5"
"N92201602HF","FENDER FRONT APACHE RED (s.TONE)","General Spare Parts","TVS / Universal","0","8355.5","9830","5"
"N92201602HG","FENDER FRONT+TAPESET AP RED","General Spare Parts","TVS / Universal","0","7216.5","8490","5"
"N92201602HH","FENDER FRONT+TAPESET AP RED","General Spare Parts","TVS / Universal","0","12826.5","15090","5"
"N92201603A","FENDER FRONT+TAPESET DAK FR B UE","General Spare Parts","TVS / Universal","0","11024.5","12970","5"
"N92201603AA","FENDER FRONT BLUE 180 REF","General Spare Parts","TVS / Universal","0","13693.5","16110","5"
"N92201603AC","FENDER FRONT+TAPESET DAK FR B UE","General Spare Parts","TVS / Universal","0","12911.5","15190","5"
"N92201606R","FRONT FENDER PEARL YELLOW","General Spare Parts","TVS / Universal","0","2575.5","3030","5"
"N92201606RB","FRONT FENDER PEARL YELLOW U18","General Spare Parts","TVS / Universal","0","3145","3700","5"
"N92201606RC","FRONT FENDER BLACK","General Spare Parts","TVS / Universal","0","10565.5","12430","5"
"N92201606RD","FENDER FRONT P.YELLOW 180","General Spare Parts","TVS / Universal","0","11322","13320","5"
"N92201606RF","FENDER FRONT P YELLOW (s.TONE)","General Spare Parts","TVS / Universal","0","7811.5","9190","5"
"N92201608DC","FRONT FENDER T GREY + TAPESET - 180","General Spare Parts","TVS / Universal","0","2779.5","3270","5"
"N92201608DE","FENDER FRONT T.GREY 180","General Spare Parts","TVS / Universal","0","5593","6580","5"
"N92201608DG","FENDER FRONT TITANIUM GREY (STONE)","General Spare Parts","TVS / Universal","0","6706.5","7890","5"
"N92201609C","FENDER FRONT+TAPESET SYRAH RED","General Spare Parts","TVS / Universal","0","11500.5","13530","5"
"N92202SGOO","HSG HEADLAMP FRONT HG BLACK-APACHE","Engine","TVS / Universal","0","8491.5","9990","5"
"N92202SG1C","HSG HEADLAMP FR SRKLG SILVER-APACHE","Engine","TVS / Universal","0","2329","2740","5"
"N92202SG2F","HSG HEADLAMP FR WHITE - RTR 180","Engine","TVS / Universal","0","8338.5","9810","5"
"N92202SG2H","HSG HEADLAMP FR APACHE RED - APACHE","Engine","TVS / Universal","0","7386.5","8690","5"
"N92202SG6R","HSG HEADLAMP FR YELLOW","Engine","TVS / Universal","0","4114","4840","5"
"N92202601C","COVER FRAME R+TAPESET sp SILVER","General Spare Parts","TVS / Universal","0","8245","9700","5"
"N92202602H","COVER FRAME R+TAPESET APACHE RED","General Spare Parts","TVS / Universal","0","2269.5","2670","5"
"N92202701C","COVER FRAME L+TAPESET sp SILVER","General Spare Parts","TVS / Universal","0","8245","9700","5"
"N92202702H","COVER FRAME L+TAPESET APACHE RED","General Spare Parts","TVS / Universal","0","1963.5","2310","5"
"N92202GO","8RKT LICENCE PLATE FRONT","General Spare Parts","TVS / Universal","0","399.5","470","5"
"N92204GO","NUMBER PLATE ILLUMINATOR","General Spare Parts","TVS / Universal","0","1963.5","2310","5"
"N9220SGO","PILLION FOOTREST COMP R","General Spare Parts","TVS / Universal","0","7242","8520","5"
"N92207GOCA","COVER FRAME BLK+SIL","General Spare Parts","TVS / Universal","0","7352.5","8650","5"
"N92207GOCB","COVER FRAME BLUE+SIL","General Spare Parts","TVS / Universal","0","7352.5","8650","5"
"N92207GOCC","COVER FRAME L ES+TAPESET FL RED+SI","General Spare Parts","TVS / Universal","0","7352.5","8650","5"
"N9220GSO","SPEEDOMETER ASSY","General Spare Parts","TVS / Universal","0","37306.5","43890","5"
"N9221150BR","SPEEDOMETER ASSY DIGITAL RTR","General Spare Parts","TVS / Universal","0","43129","50740","5"
"N92212GO","8RKT FENDER REAR -RTR","General Spare Parts","TVS / Universal","0","416.5","490","5"
"N92213702H","ENGNE GUARD","General Spare Parts","TVS / Universal","0","5788.5","6810","5"
"N92213706R","ENGINE GUARD","Engine","TVS / Universal","0","663","780","5"
"N922137GOO","ENGINE GUARD L BLACK","Engine","TVS / Universal","0","935","1100","5"
"N922137G2F","ENGINE GUARD L -RTR 180 WHITE","Engine","TVS / Universal","0","1802","2120","5"
"N922137G2H","ENGINE GUARD L APACHE RED","Engine","TVS / Universal","0","1385.5","1630","5"
"N922137G6R","ENGINE GUARD L YELLOW","Engine","TVS / Universal","0","425","500","5"
"N922138GOO","ENGINE GUARD CENTER BLACK","Engine","TVS / Universal","0","2567","3020","5"
"N922138G2F","ENGINE GUARD CENTRE -RTR 180 W","Engine","TVS / Universal","0","4309.5","5070","5"
"N922138G2H","ENGINE GUARD CENTER APACHE RED","Engine","TVS / Universal","0","3068.5","3610","5"
"N922138G6R","ENGINE GUARD CENTER YELLOW","Engine","TVS / Universal","0","2626.5","3090","5"
"N92213GOOO","ENGINE GUARD (ALTI","Engine","TVS / Universal","0","1598","1880","5"
"N92213G02H","ENGINE GUARD (ALTI","Engine","TVS / Universal","0","5457","6420","5"
"N92213G06R","ENGINE GUARD (ALTI","Engine","TVS / Universal","0","2592.5","3050","5"
"N92213GGOO","ENGINE GUARD R BLACK","Engine","TVS / Universal","0","1385.5","1630","5"
"N92213GG2F","ENGINE GUARD R -RTR 180 WHITE","Engine","TVS / Universal","0","1844.5","2170","5"
"N92213GG2H","ENGINE GUARD R APACHE RED","Engine","TVS / Universal","0","425","500","5"
"N92213GG6R","ENGINE GUARD R YELLOW","Engine","TVS / Universal","0","1385.5","1630","5"
"N92213GG8D","ENGINE GUARD R TITANIUM","Engine","TVS / Universal","0","1419.5","1670","5"
"N92214GO","HOUSING HEADLAMP REAR","Engine","TVS / Universal","0","1453.5","1710","5"
"N9221SGO","CRASHGUARD COMP - APACHE RTR","General Spare Parts","TVS / Universal","0","6145.5","7230","5"
"N92218SOODA","COVER FUEL TANK LH","General Spare Parts","TVS / Universal","0","1955","2300","5"
"N92218302F","COVER FUEL TANK LH","General Spare Parts","TVS / Universal","0","5202","6120","5"
"N92218302H","COVER FUEL TANK L +TAPESET RED","General Spare Parts","TVS / Universal","0","935","1100","5"
"N92218302HA","COVER FUEL TANK LH RED RTR 160","General Spare Parts","TVS / Universal","0","2618","3080","5"
"N92218306R","COVER FUEL TANK L+TAPESET YELL","General Spare Parts","TVS / Universal","0","4505","5300","5"
"N92218306RB","COVER FUEL TANK L+TAPESET MELO","General Spare Parts","TVS / Universal","0","4955.5","5830","5"
"N92218306RC","COVER FUEL TANK LH","General Spare Parts","TVS / Universal","0","4071.5","4790","5"
"N92218S08DA","CVR FUEL TANK L+TAPESETT GREY -180","General Spare Parts","TVS / Universal","0","3952.5","4650","5"
"N92218SGOO","COVER FUEL TANK L SO + TAPESET SILV","General Spare Parts","TVS / Universal","0","816","960","5"
"N92218400DA","COVER FUEL TANK R HG BLACK -RT","General Spare Parts","TVS / Universal","0","4190.5","4930","5"
"N92218402F","COVER FUEL TANK R+TAPESET WHIT","General Spare Parts","TVS / Universal","0","5202","6120","5"
"N92218402FB","COVER FUEL TANK R+TAPESET P WHITE","General Spare Parts","TVS / Universal","0","1980.5","2330","5"
"N92218402H","COVER FUEL TANK R +TAPESET RED (ACT)","General Spare Parts","TVS / Universal","0","935","1100","5"
"N92218402HA","COVER FUEL TANK RH","General Spare Parts","TVS / Universal","0","2771","3260","5"
"N92218406R","COVER FUEL TANK R+TAPESET YELL (ALTI","General Spare Parts","TVS / Universal","0","4505","5300","5"
"N92218406RB","COVA FUEL TANK R+TAPESET YELLOW","General Spare Parts","TVS / Universal","0","4955.5","5830","5"
"N92218406RC","COVER FUEL TANK R","General Spare Parts","TVS / Universal","0","4071.5","4790","5"
"N92218408DA","CVR FUEL TANK R+TAPESET T GREY -180","General Spare Parts","TVS / Universal","0","3952.5","4650","5"
"N922184GOO","COVER FUEL TANK R SO + TAPESET SILV","General Spare Parts","TVS / Universal","0","3553","4180","5"
"N922184G8DA","COVER FUEL TANK R N58 TITANIUM GREY","General Spare Parts","TVS / Universal","0","807.5","950","5"
"N922185G","COVER FUEL TANK INNER LH (APACHE)","General Spare Parts","TVS / Universal","0","425","500","5"
"N922186G","COVER FUEL TANK INNER RH (APACHE)","General Spare Parts","TVS / Universal","0","739.5","870","5"
"N9221GOO","TAPESET METSLUE","General Spare Parts","TVS / Universal","0","3060","3600","5"
"N92222700DA","TAIL COVER LH GREEN 160 REF","General Spare Parts","TVS / Universal","0","6094.5","7170","5"
"N922227000C","TAIL COVER L RED 160 REF (ALTI","General Spare Parts","TVS / Universal","0","1615","1900","5"
"N92222700DH","TAIL COVER L + TAPESET GREEN","General Spare Parts","TVS / Universal","0","4097","4820","5"
"N92222700DJ","TAIL COVER L + TAPESET RED","General Spare Parts","TVS / Universal","0","1147.5","1350","5"
"N92222700DL","TAIL COVER L + TAPESET BLACK","General Spare Parts","TVS / Universal","0","5831","6860","5"
"N92222702F","TAIL COVER LH WHITE","General Spare Parts","TVS / Universal","0","8610.5","10130","5"
"N92222702FB","TAIL COVER L PEARL WHITE 160 REF","General Spare Parts","TVS / Universal","0","425","500","5"
"N92222702FC","TAIL COVER L PEARL WHITE 150 REF","General Spare Parts","TVS / Universal","0","6332.5","7450","5"
"N92222702FK","TAIL COVER L + TAPESET PEARL WHITE","General Spare Parts","TVS / Universal","0","7930.5","9330","5"
"N92222702H","TAIL COVER L+TAPESET RED","General Spare Parts","TVS / Universal","0","6086","7160","5"
"N92222702HA","TAIL COVER L + TAPESET AP RED","General Spare Parts","TVS / Universal","0","6859.5","8070","5"
"N92222702HB","TAIL COVER LH APACHE RED (STONE)","General Spare Parts","TVS / Universal","0","7080.5","8330","5"
"N92222702HD","TAIL COVER L + TAPESET AP RED","General Spare Parts","TVS / Universal","0","6468.5","7610","5"
"N92222703A","TAIL COVER L + TAPESET ORK FR BLUE","General Spare Parts","TVS / Universal","0","8321.5","9790","5"
"N92222703AA","TAIL COVER L+TAPESET ORK FR BLUE","General Spare Parts","TVS / Universal","0","7828.5","9210","5"
"N92222703AC","TAIL COVER L + TAPESET ORK FR BLUE","General Spare Parts","TVS / Universal","0","7777.5","9150","5"
"N92222703AE","TAIL COVER L + TAPESET ORK FR BLUE","General Spare Parts","TVS / Universal","0","8721","10260","5"
"N92222705DA","TAIL COVER L MATTE BLACK","General Spare Parts","TVS / Universal","0","8576.5","10090","5"
"N92222706R","TAIL COVER L YELLOW 180","General Spare Parts","TVS / Universal","0","8092","9520","5"
"N92222706RB","TAIL COVER LH P YELLOW (s.TONE)","General Spare Parts","TVS / Universal","0","5797","6820","5"
"N92222709C","TAIL COVER L+TAPESET SYRAH RED","General Spare Parts","TVS / Universal","0","7828.5","9210","5"
"N92222800DA","TAIL COVER RH GREEN 160 REF","General Spare Parts","TVS / Universal","0","425","500","5"
"N922228000C","TAIL COVER R RED 160 REF","General Spare Parts","TVS / Universal","0","1615","1900","5"
"N92222800DH","TAIL COVER R + TAPESET GREEN 5","General Spare Parts","TVS / Universal","0","408","480","5"
"N92222800DJ","TAIL COVER R + TAPESET RED","General Spare Parts","TVS / Universal","0","1071","1260","5"
"N92222802F","TAIL COVER RH WHI","General Spare Parts","TVS / Universal","0","8653","10180","5"
"N92222802FB","TAIL COVER R + TAPESET PEARL WHITE","General Spare Parts","TVS / Universal","0","7803","9180","5"
"N92222802FC","TAIL COVER R PEARL WHITE 150 REF","General Spare Parts","TVS / Universal","0","6553.5","7710","5"
"N92222802FK","TAIL COVER R + TAPESET PEARL WHITE","General Spare Parts","TVS / Universal","0","3748.5","4410","5"
"N92222802H","TAIL COVER R+TAPESET RED","General Spare Parts","TVS / Universal","0","5423","6380","5"
"N92222802HA","TAIL COVER RH 160 REF","General Spare Parts","TVS / Universal","0","2040","2400","5"
"N92222802HB","TAIL COVER RH APACHE RED (STONE)","General Spare Parts","TVS / Universal","0","5304","6240","5"
"N92222802HD","TAIL COVER R + TAPESET AP RED","General Spare Parts","TVS / Universal","0","3306.5","3890","5"
"N92222803A","TAIL COVER R + TAPESET ORK FR BLUE","General Spare Parts","TVS / Universal","0","7055","8300","5"
"N92222803AA","TAIL COVER R+TAPESET ORK FR BLUE","General Spare Parts","TVS / Universal","0","2057","2420","5"
"N92222803AC","TAIL CVR RH+TAPESET ORK FR BLUE-150","General Spare Parts","TVS / Universal","0","3230","3800","5"
"N92222803AE","TAIL COVER R + TAPESET ORK FR BLUE","General Spare Parts","TVS / Universal","0","3332","3920","5"
"N92222805DA","TAIL COVER R MATTE BLACK","General Spare Parts","TVS / Universal","0","2499","2940","5"
"N92222806R","TAIL COVER R YELLOW 180","General Spare Parts","TVS / Universal","0","1980.5","2330","5"
"N92222806RB","TAIL COVER RH P YELLOW (STONE)","General Spare Parts","TVS / Universal","0","5856.5","6890","5"
"N92222809C","TAIL COVER R+TAPESET SYRAH RED","General Spare Parts","TVS / Universal","0","425","500","5"
"N92222GOOO","TAIL COVER CENTER BLACK","General Spare Parts","TVS / Universal","0","1938","2280","5"
"N92222G00DA","TAIL COVER CENTER GREEN 160","General Spare Parts","TVS / Universal","0","1615","1900","5"
"N92222GOOOC","TAIL COVER CENTER RED 160","General Spare Parts","TVS / Universal","0","1887","2220","5"
"N92222G00DH","TAIL COVER CENTER BLACK (STONE)","General Spare Parts","TVS / Universal","0","790.5","930","5"
"N92222G00DJ","TAIL COVER CENTER + TAPESET BLACK","General Spare Parts","TVS / Universal","0","892.5","1050","5"
"N92222G02F","TAIL COVER CENTER WHITE","General Spare Parts","TVS / Universal","0","1912.5","2250","5"
"N92222G02FB","TAIL COV CENTER PEARL WHITE 160 REF","General Spare Parts","TVS / Universal","0","425","500","5"
"N92222G02FH","TAIL COVER CENTER + TAPESET PEARL W","General Spare Parts","TVS / Universal","0","425","500","5"
"N92222G02H","TAIL COVER CENTER+TAPESET RED","General Spare Parts","TVS / Universal","0","2184.5","2570","5"
"N92222G02HA","TAIL CVR CENTER APACHE RED (s_TONE)","General Spare Parts","TVS / Universal","0","2193","2580","5"
"N92222G02HB","TAIL COVER CENTER + TAPESET AP RED","General Spare Parts","TVS / Universal","0","892.5","1050","5"
"N92222G03A","TAIL COVER CENTER + TAPESET DRK FR","General Spare Parts","TVS / Universal","0","425","500","5"
"N92222G03AA","TAIL COVER CENTER+TAPESET DRK FR","General Spare Parts","TVS / Universal","0","620.5","730","5"
"N92222G06R","TAIL COVER CENTER YELLOW 180","General Spare Parts","TVS / Universal","0","4403","5180","5"
"N92222G06RA","COVER CENTER P YELLOW (S TONE)","General Spare Parts","TVS / Universal","0","2235.5","2630","5"
"N92222G08DA","TAIL CVR CENTER TITAN GREY (s_TONE)","General Spare Parts","TVS / Universal","0","1300.5","1530","5"
"N92222GOGC","TAIL COVER CENTER+TAPESET SYRAH RED","General Spare Parts","TVS / Universal","0","1878.5","2210","5"
"N922235G","TAPE AW FR RIM 17- RED - RTR160","General Spare Parts","TVS / Universal","0","637.5","750","5"
"N92227500DG","ENGINE GUARD L +TAPESET BLACK","Engine","TVS / Universal","0","5057.5","5950","5"
"N92227500DH","ENGINE GUARD L +TAPESET BLACK","Engine","TVS / Universal","0","4539","5340","5"
"N92227500DL","ENGINE GUARD L + TAPESET BLACK","Engine","TVS / Universal","0","4275.5","5030","5"
"N92227502F","ENGINE GUARD L PEARL WHI","Engine","TVS / Universal","0","5712","6720","5"
"N92227502FF","ENGINE GUARD L + TAPESET PEARL WHIT","Engine","TVS / Universal","0","4275.5","5030","5"
"N92227502H","ENGINE GUARD L RED 160","Engine","TVS / Universal","0","4573","5380","5"
"N92227502HA","ENGINE GUARD L + TAPESET AP RED","Engine","TVS / Universal","0","3978","4680","5"
"N92227503A","ENGINE GUARD L + TAPESET ORK FR SLU","Engine","TVS / Universal","0","4275.5","5030","5"
"N92227503AA","ENGINE GUARD L + TAPESET ORK FR SLU","Engine","TVS / Universal","0","5533.5","6510","5"
"N92227506R","ENGINE GUARD LH YELLOW 160","Engine","TVS / Universal","0","5074.5","5970","5"
"N92227508F","ENGINE GUARD L + TAPESET RACING RED","Engine","TVS / Universal","0","5057.5","5950","5"
"N92227509CD","ENGINE GUARD L +TAPESET SYRAH RED","Engine","TVS / Universal","0","1717","2020","5"
"N9222750EL","ENGINE GUARD LH GREEN 160","Engine","TVS / Universal","0","4573","5380","5"
"N922275GOO","ENGINE GUARD L BLACK","Engine","TVS / Universal","0","4743","5580","5"
"N922275G2F","ENGINE GUARD L + WHITE","Engine","TVS / Universal","0","4573","5380","5"
"N922275G2H","ENGINE GUARD L AP RED","Engine","TVS / Universal","0","1666","1960","5"
"N922275G3A","ENGINE GUARD L ORK FR BLUE","Engine","TVS / Universal","0","4479.5","5270","5"
"N922275G5F","ENGINE GUARD L MYSTIC WHITE","Engine","TVS / Universal","0","4488","5280","5"
"N922275G6R","ENGINE GUARD LH YELLOW 180","Engine","TVS / Universal","0","1938","2280","5"
"N922275GGC","ENGINE GUARD L SYRAH RED","Engine","TVS / Universal","0","4122.5","4850","5"
"N92227600DF","ENGINE GUARD R + TAPESET BLACK","Engine","TVS / Universal","0","5295.5","6230","5"
"N92227602F","ENGINE GUARD R WHITE","Engine","TVS / Universal","0","6706.5","7890","5"
"N92227602FB","ENGINE GUARD R PEARL WHITE","Engine","TVS / Universal","0","6035","7100","5"
"N92227602FE","ENGINE GUARD R + TAPESET PEARL WHIT","Engine","TVS / Universal","0","5423","6380","5"
"N92227602H","ENGINE GUARD R RED 160","Engine","TVS / Universal","0","6179.5","7270","5"
"N92227602HB","ENGINE GUARD R + TAPESET AP RED","Engine","TVS / Universal","0","5295.5","6230","5"
"N92227603A","ENGINE GUARD R +TAPESET ORK FR BLUE","Engine","TVS / Universal","0","5295.5","6230","5"
"N92227603AA","ENGINE GUARD R+TAPESET ORK FR BLUE","Engine","TVS / Universal","0","5380.5","6330","5"
"N92227606R","ENGINE GUARD RH YELLOW 180","Engine","TVS / Universal","0","5695","6700","5"
"N92227606RA","ENGINE GUARD RH YELLOW 160","Engine","TVS / Universal","0","5882","6920","5"
"N92227608DA","ENGINE GUARD R TITANIUM GREY","Engine","TVS / Universal","0","6672.5","7850","5"
"N92227609C","ENGINE GUARD R+TAPESET SYRAH RED","Engine","TVS / Universal","0","425","500","5"
"N9222760EL","ENGINE GUARD RH GREEN 160","Engine","TVS / Universal","0","6009.5","7070","5"
"N922276GOO","ENGINE GUARD R BLACK","Engine","TVS / Universal","0","6179.5","7270","5"
"N922277G","ENGINE GUARD CENTER (APACHE REF)","Engine","TVS / Universal","0","3034.5","3570","5"
"N922280GOO","HOUSING HEADLAMP FRONT R BLACK APAC","Engine","TVS / Universal","0","3417","4020","5"
"N922280G2F","HOUSING HEADLAMP FRONT R P.WHITE AP","Engine","TVS / Universal","0","3026","3560","5"
"N922280G2H","HOUSING HEADLAMP FRONT R RED 160 RE","Engine","TVS / Universal","0","3026","3560","5"
"N922280G3A","HOUSING HEADLAMP FRONT DAK FR BLUE","Engine","TVS / Universal","0","3145","3700","5"
"N922280G6R","HOUSING HEADLAMP FRONT R YELLOW","Engine","TVS / Universal","0","3026","3560","5"
"N922280GGC","HOUSING HEADLAMP FRONT RH SYRAH RED","Engine","TVS / Universal","0","3162","3720","5"
"N922280GEL","HOUSING HEADLAMP FRONT RH GREEN 160","Engine","TVS / Universal","0","3043","3580","5"
"N92228SGOO","HOUSING HEADLAMP FRONT L SLACK APA","Engine","TVS / Universal","0","3026","3560","5"
"N92228SG2F","HOUSING HEADLAMP FRONT L P_WHITE AP","Engine","TVS / Universal","0","3026","3560","5"
"N92228SG2H","HOUSING HEADLAMP FRONT L RED160 RE","Engine","TVS / Universal","0","3026","3560","5"
"N92228SG3A","HOUSING HEADLAMP FRONT L DRK FR BLU","Engine","TVS / Universal","0","3391.5","3990","5"
"N92228SG6R","HOUSING HEADLAMP FRONT L YELLOW","Engine","TVS / Universal","0","2898.5","3410","5"
"N92228SGGC","HOUSING HEADLAMP FRONT L SYRAH RED","Engine","TVS / Universal","0","1487.5","1750","5"
"N92228SGEL","HOUSING HEADLAMP FRONT LH GREEN 160","Engine","TVS / Universal","0","2796.5","3290","5"
"N92228800DA","COVER FUEL TANK LH BLACK","General Spare Parts","TVS / Universal","0","153","180","5"
"N922288000C","COVER FUEL TANK OUTER L BLACK","General Spare Parts","TVS / Universal","0","8364","9840","5"
"N92228800DG","COVER FUEL TANK OUTER L + TAPESET B","General Spare Parts","TVS / Universal","0","9528.5","11210","5"
"N92228802F","COVER FUEL TANK LH WHITE APA 1","General Spare Parts","TVS / Universal","0","11271","13260","5"
"N92228802FA","COVER FUEL TANK LH WHITE 180","General Spare Parts","TVS / Universal","0","11075.5","13030","5"
"N92228802FD","CVR FUEL TANK L PEARL WHITE 160 REF","General Spare Parts","TVS / Universal","0","10030","11800","5"
"N92228802FJ","COVER FUEL TANK OUTER L + TAPSET","General Spare Parts","TVS / Universal","0","9409.5","11070","5"
"N92228802H","COVER FUEL TANK L RED 160","General Spare Parts","TVS / Universal","0","8253.5","9710","5"
"N92228802HA","COVER FUEL TANK OUTER L RED","General Spare Parts","TVS / Universal","0","7148.5","8410","5"
"N92228802HB","CVR FUEL TANK LH APACHE RED(s.TONE)","General Spare Parts","TVS / Universal","0","7284.5","8570","5"
"N92228802HE","COVER FUEL TANK OUTER L + TAPESET A","General Spare Parts","TVS / Universal","0","8755","10300","5"
"N92228803A","COVER FUEL TANK OUTER L +TAPESET FR","General Spare Parts","TVS / Universal","0","8109","9540","5"
"N92228803AA","CVR FL TANK OUTER L+TAPESET ORK FR","General Spare Parts","TVS / Universal","0","3748.5","4410","5"
"N92228803AC","COVER FUELTANK OUTR L+TAPESET DRK F","General Spare Parts","TVS / Universal","0","10523","12380","5"
"N92228803AF","COVER FUEL TANK OUTER L +TAPESET D.","General Spare Parts","TVS / Universal","0","9129","10740","5"
"N92228805DA","COVER FUEL TANK OUTER L MATTE BLACK","General Spare Parts","TVS / Universal","0","10948","12880","5"
"N92228806R","COVER FUEL TANK L YELLOW 180","General Spare Parts","TVS / Universal","0","10718.5","12610","5"
"N92228806RA","COVER FUEL TANK L YELLOW 160 (ALTI","General Spare Parts","TVS / Universal","0","8457.5","9950","5"
"N92228806RC","CVR FUEL TANK LH P YELLOW (s_TONE)","General Spare Parts","TVS / Universal","0","6332.5","7450","5"
"N92228808DA","COVER FUEL TANK OUTER L TIT GREY","General Spare Parts","TVS / Universal","0","7641.5","8990","5"
"N92228808DC","CVR FUEL TANK LH TITA GREY (s.TONE)","General Spare Parts","TVS / Universal","0","5771.5","6790","5"
"N92228809C","COVER F.TANK OUTER L+TAPESET SYRAH","General Spare Parts","TVS / Universal","0","4573","5380","5"
"N9222880EL","COVER FUEL TANK L GREEN 160","General Spare Parts","TVS / Universal","0","7650","9000","5"
"N92228GO","COVER FUEL TANK INNER L (APACHE","General Spare Parts","TVS / Universal","0","1487.5","1750","5"
"N9222G000DA","COVER FUEL TANK RH BLACK 180","General Spare Parts","TVS / Universal","0","10795","12700","5"
"N9222GOOOOC","COVER FUEL TANK OUTER R BLACK","General Spare Parts","TVS / Universal","0","8364","9840","5"
"N9222G000DH","COVER FUEL TANK OUTER R + TAPESET a","General Spare Parts","TVS / Universal","0","9171.5","10790","5"
"N9222G002F","COVER FUEL TANK RH P. WHITEC APA 18","General Spare Parts","TVS / Universal","0","11271","13260","5"
"N9222G002FA","COVER FUEL TANK RH WHITE 180","General Spare Parts","TVS / Universal","0","11075.5","13030","5"
"N9222G002FD","COVER FUEL TANK OUTER R PEARL WHITE","General Spare Parts","TVS / Universal","0","10030","11800","5"
"N9222G002FK","COVER FUEL TANK OUTER R + TAPSET P. (AIT)","General Spare Parts","TVS / Universal","0","9409.5","11070","5"
"N9222G002H","COVER FUEL TANK R RED 160(APACHE RE","General Spare Parts","TVS / Universal","0","7403.5","8710","5"
"N9222G002HA","COVER FUEL TANK OUTER RAP RED","General Spare Parts","TVS / Universal","0","6171","7260","5"
"N9222G002HB","CVR FUEL TANK RH APACHE RED (STON","General Spare Parts","TVS / Universal","0","6528","7680","5"
"N9222G002HE","COVER FUEL TANK OUTER R + TAPESET A","General Spare Parts","TVS / Universal","0","9596.5","11290","5"
"N9222G003A","COVER FUEL TANK OUTER R +TAPESET","General Spare Parts","TVS / Universal","0","8406.5","9890","5"
"N9222G003AA","CVR FL TANK OUTER R+TAPESET ORK FR","General Spare Parts","TVS / Universal","0","8610.5","10130","5"
"N9222G003AC","COVER FUELTANK OUTR R+TAPESET ORK F","General Spare Parts","TVS / Universal","0","10914","12840","5"
"N9222G003AF","COVER FUEL TANK OUTER R +TAPESET D.","General Spare Parts","TVS / Universal","0","8287.5","9750","5"
"N9222G005DA","COVER FUEL TANK OUTER R MATTE BLACK","General Spare Parts","TVS / Universal","0","4615.5","5430","5"
"N9222G006R","COVER FUEL TANK R YELLOW 180","General Spare Parts","TVS / Universal","0","10429.5","12270","5"
"N9222G006RA","COVER FUEL TANK R YELLOW 160 (AIT)","General Spare Parts","TVS / Universal","0","3043","3580","5"
"N9222G006RC","CVR FUEL TANK RH P YELLOW (s.TONE)","General Spare Parts","TVS / Universal","0","6502.5","7650","5"
"N9222G008DA","COVER FUEL TANK OUTER R TITANIUM GR","General Spare Parts","TVS / Universal","0","8330","9800","5"
"N9222G008DC","CVR FUEL TANK RH TITA GREY (s_TONE)","General Spare Parts","TVS / Universal","0","5431.5","6390","5"
"N9222GOOGC","COVER F.TANK OUTER R+TAPESET SYRAH","General Spare Parts","TVS / Universal","0","4573","5380","5"
"N9222G00EL","COVER FUEL TANK R GREEN 160","General Spare Parts","TVS / Universal","0","9299","10940","5"
"N9222GGO","SPEEDOMETER ASSY NON Aas (180-160 R (ACT)","General Spare Parts","TVS / Universal","0","38743","45580","5"
"N92232GO","8RKT HEADLAMP COMP (APACHE REF)","Engine","TVS / Universal","0","425","500","5"
"N92234GO","8RKT HEADLAMP COMP R (APACHE REFI","Engine","TVS / Universal","0","2099.5","2470","5"
"N92238GO","FENDER RR (APACHE REF)","General Spare Parts","TVS / Universal","0","5950","7000","5"
"N9223GSO","COVER HOUSING (APACHE SERIES)","General Spare Parts","TVS / Universal","0","425","500","5"
"N92257800DA","HOUSING HEADLAMP FR+TAPESET BLACK (AIT)","Engine","TVS / Universal","0","4870.5","5730","5"
"N922578000C","HOUSING HEADLAMP FR+TAPESET BLACK (AIT)","Engine","TVS / Universal","0","4921.5","5790","5"
"N92257802FA","HOUSING HEADLAMP FR+TAPESET PEARL W","Engine","TVS / Universal","0","5593","6580","5"
"N92257805DA","HOUSING HEADLAMP FR+TAPESET MATTE a","Engine","TVS / Universal","0","5593","6580","5"
"N92257805FA","HOUSING HEADLAMP FR+TAPESET MYSTIC","Engine","TVS / Universal","0","5593","6580","5"
"N92257808F","HOUSING HEADLAMP FR+TAPESET RAC RED","Engine","TVS / Universal","0","5338","6280","5"
"N92257809CA","HOUSING HEADLAMP FR+TAPESET SYRAH R","Engine","TVS / Universal","0","5593","6580","5"
"N92257809CB","HOUSING HEADLAMP FR+TAPESET SYRAH R (ALTI","Engine","TVS / Universal","0","5593","6580","5"
"N92257GOOO","HOUSING HEADLAMP FRONT L BLACK","Engine","TVS / Universal","0","4233","4980","5"
"N92257G00DA","HOUSING HEADLAMP FR LH +TAPESET BLA","Engine","TVS / Universal","0","4471","5260","5"
"N92257G02F","HOUSING HEADLAMP FRONT L PEARL WHIT","Engine","TVS / Universal","0","4233","4980","5"
"N92257G05F","HOUSING HEADLAMP FRONT L MYSTIC WHI","Engine","TVS / Universal","0","3782.5","4450","5"
"N92257G08F","HOUSING HEADLAMP FRONT L RACING RED","Engine","TVS / Universal","0","4233","4980","5"
"N92257GOGC","HOUSING HEADLAMP FRONT L SYRAH RED","Engine","TVS / Universal","0","3969.5","4670","5"
"N92257GOGCA","HOUSING HEADLAMP FR LH +TAPESET SYR","Engine","TVS / Universal","0","3638","4280","5"
"N92258000DA","HOUSING HEADLAMP FR RH +TAPESET BLA","Engine","TVS / Universal","0","4471","5260","5"
"N92258002F","HOUSING HEADLAMP FRONT R PEARL WHIT","Engine","TVS / Universal","0","3833.5","4510","5"
"N92258005F","HOUSING HEADLAMP FRONT R MYSTIC WHI","Engine","TVS / Universal","0","3995","4700","5"
"N92258008F","HOUSING HEADLAMP FRONT R RACING RED","Engine","TVS / Universal","0","4233","4980","5"
"N9225800GC","HOUSING HEADLAMP FRONT R SYRAH RED","Engine","TVS / Universal","0","4233","4980","5"
"N92258009CA","HOUSING HEADLAMP FR RH +TAPESET SYR","Engine","TVS / Universal","0","1394","1640","5"
"N92258GO","PILLION FOOTREST R","General Spare Parts","TVS / Universal","0","6494","7640","5"
"N9225GOO","FOOTREST ASSY SAREEGAURD 4V","General Spare Parts","TVS / Universal","0","1139","1340","5"
"N9225G2G","ENGINE GUARD CENTER","Engine","TVS / Universal","0","3238.5","3810","5"
"N9225G502F","TAIL COVER L + TAPESET PEARL WHITE","General Spare Parts","TVS / Universal","0","7454.5","8770","5"
"N9225G505F","TAIL COVER L + TAPESET MYSTIC WHITE","General Spare Parts","TVS / Universal","0","3179","3740","5"
"N9225G509C","TAIL COVER L + TAPESET SYRAH RED","General Spare Parts","TVS / Universal","0","7454.5","8770","5"
"N9225G509CB","TAIL COVER L + TAPESET SYRAH RED","General Spare Parts","TVS / Universal","0","3629.5","4270","5"
"N9225GSOOO","3,490.00","General Spare Parts","TVS / Universal","0","7072","8320","5"
"N9225G602F","TAIL COVER R + TAPESET PEARL WHITE","General Spare Parts","TVS / Universal","0","7828.5","9210","5"
"N9225G605F","TAIL COVER R + TAPESET MYSTIC WHITE","General Spare Parts","TVS / Universal","0","2856","3360","5"
"N9225GSOGC","TAIL COVER R + TAPESET SYRAH RED","General Spare Parts","TVS / Universal","0","7828.5","9210","5"
"N9225GSOGCB","TAIL COVER R + TAPESET SYRAH RED","General Spare Parts","TVS / Universal","0","3085.5","3630","5"
"N9225G7GOO","TAIL COVER CENTER BLACK","General Spare Parts","TVS / Universal","0","2482","2920","5"
"N9225G7G2F","TAIL COVER CENTER PEARL WHITE","General Spare Parts","TVS / Universal","0","2167.5","2550","5"
"N9225G7G5F","TAIL COVER CENTER MYSTIC WHITE","General Spare Parts","TVS / Universal","0","425","500","5"
"N9225G7GGC","TAIL COVER CENTER SYRAH RED","General Spare Parts","TVS / Universal","0","2184.5","2570","5"
"N92260608F","FENDER FRONT TOP+TAPESET RACING RED","General Spare Parts","TVS / Universal","0","12452.5","14650","5"
"N92260609CA","FENDER FRONT TOP +TAPESET SYRAH RED","General Spare Parts","TVS / Universal","0","4454","5240","5"
"N922606GOO","FENDER FRONT TOP BLACK","General Spare Parts","TVS / Universal","0","13260","15600","5"
"N922606G2F","FENDER FRONT TOP PEARL WHITE","General Spare Parts","TVS / Universal","0","11322","13320","5"
"N922606G5F","FENDER FRONT TOP MYSTIC WHITE","General Spare Parts","TVS / Universal","0","12784","15040","5"
"N922606GGC","FENDER FRONT TOP SYRAH RED","General Spare Parts","TVS / Universal","0","11322","13320","5"
"N922607GOO","FENDER FRONT L BLACK","General Spare Parts","TVS / Universal","0","3697.5","4350","5"
"N922607G8F","FENDER FRONT L RACING RED","General Spare Parts","TVS / Universal","0","3561.5","4190","5"
"N922608GOO","FENDER FRONT R BLACK","General Spare Parts","TVS / Universal","0","3697.5","4350","5"
"N922608G8F","FENDER FRONT R RACING RED","General Spare Parts","TVS / Universal","0","3374.5","3970","5"
"N92260GOOO","COVER FUEL TANK OUTER L+TAPESET BLA","General Spare Parts","TVS / Universal","0","11900","14000","5"
"N92260GOOOC","COVER FUEL TANK OUTER L+TAPESET BLK","General Spare Parts","TVS / Universal","0","13498","15880","5"
"N922SOG00DE","COVER FUEL TANK OUTER L +TAPESET BL","General Spare Parts","TVS / Universal","0","15206.5","17890","5"
"N922SOG02F","COVER FUEL TANK OUTER L + TAPESET W","General Spare Parts","TVS / Universal","0","11900","14000","5"
"N922SOG05F","COVER FUEL TANK OUTER L + TAPESET M","General Spare Parts","TVS / Universal","0","11900","14000","5"
"N922SOG08F","COVER FUEL TANK OUTERL+TAPESET RACI","General Spare Parts","TVS / Universal","0","12775.5","15030","5"
"N92260GOGC","COVER FUEL TANK OUTER L + TAPESET S","General Spare Parts","TVS / Universal","0","11900","14000","5"
"N92260GOGCO","COVER FUEL TANK OUTER L+TAPESET","General Spare Parts","TVS / Universal","0","12920","15200","5"
"N922610000C","COVER FUEL TANK OUTER R+TAPESET BLA","General Spare Parts","TVS / Universal","0","12775.5","15030","5"
"N92261000DE","COVER FUEL TANK OUTER R +TAPESET","General Spare Parts","TVS / Universal","0","425","500","5"
"N92261002F","COVER FUEL TANK OUTER R + TAPESET W","General Spare Parts","TVS / Universal","0","13693.5","16110","5"
"N92261005F","COVER FUEL TANK OUTER R TAPES ET M","General Spare Parts","TVS / Universal","0","11900","14000","5"
"N92261008F","COVER FUEL TANK OUTERR+TAPESET RACI","General Spare Parts","TVS / Universal","0","12775.5","15030","5"
"N9226100GC","COVER FUEL TANK OUTER R + TAPESET S","General Spare Parts","TVS / Universal","0","11900","14000","5"
"N92261009CD","COVER FUEL TANK OUTER R+TAPESET SYR","General Spare Parts","TVS / Universal","0","12920","15200","5"
"N92262009F","COVER FRAME L + TAPESET MATTE SILVE","General Spare Parts","TVS / Universal","0","3918.5","4610","5"
"N92262109F","COVER FRAME R + TAPESET MATTE SILVE","General Spare Parts","TVS / Universal","0","4522","5320","5"
"N92262602F","COVER FUEL TANK TOP +TAPESET PEARL","General Spare Parts","TVS / Universal","0","7514","8840","5"
"N92262608F","COVER FUEL TANK TOP+TAPESET RACING","General Spare Parts","TVS / Universal","0","7446","8760","5"
"N92262GO","ICENCE PLATE BRKT FR COM","General Spare Parts","TVS / Universal","0","756.5","890","5"
"N922681G","COVER FRAME FRONT L - RTR 200","General Spare Parts","TVS / Universal","0","1521.5","1790","5"
"N922682G","COVER FRAME FRONT R - RTR 200","General Spare Parts","TVS / Universal","0","2771","3260","5"
"N922686GOO","TAIL COVER CTR RR BLACK","General Spare Parts","TVS / Universal","0","1989","2340","5"
"N922686G2F","TAIL COVER CTR RR PEARL WHITE","General Spare Parts","TVS / Universal","0","2031.5","2390","5"
"N922686G5F","TAIL COVER CTR RR MYSTIC WHITE","General Spare Parts","TVS / Universal","0","1615","1900","5"
"N922686GGC","TAIL COVER CTR RR SYRAH RED","General Spare Parts","TVS / Universal","0","1955","2300","5"
"N92268GG8D","PILLION HANDLE TITANIUM GREY","General Spare Parts","TVS / Universal","0","8542.5","10050","5"
"N9226GOO","GRILL COVER FUEL TANK LH","General Spare Parts","TVS / Universal","0","425","500","5"
"N9226GSO","GRILL COVER FRAME RH","General Spare Parts","TVS / Universal","0","425","500","5"
"N92275GO","BRACKET TAIL LAM","General Spare Parts","TVS / Universal","0","425","500","5"
"N922786000C","ENGINE GUARD R+TAPESET BLACK","Engine","TVS / Universal","0","5057.5","5950","5"
"N92278600DE","ENGINE GUARD R+TAPESET BLACK","Engine","TVS / Universal","0","5363.5","6310","5"
"N92278602F","ENGINE GUARD RH + TAPESET PEARL WHI","Engine","TVS / Universal","0","5363.5","6310","5"
"N92278605F","ENGINE GUARD RH + TAPESET MYSTIC WH","Engine","TVS / Universal","0","1453.5","1710","5"
"N92278608F","ENGINE GUARD R + TAPESET RACING RED","Engine","TVS / Universal","0","5057.5","5950","5"
"N92278609C","ENGINE GUARD RH + TAPESET SYRAH RED","Engine","TVS / Universal","0","2040","2400","5"
"N92278609CC","ENGINE GUARD R+TAPESET SYRAH RED","Engine","TVS / Universal","0","5457","6420","5"
"N922GOGO","TAPESET RTR 200 HBLK","General Spare Parts","TVS / Universal","0","4003.5","4710","5"
"N92292802F","TAIL COVER L + TAPESET PEARL WHITE","General Spare Parts","TVS / Universal","0","425","500","5"
"N92292808F","TAIL COVER L + TAPESET RACING RED","General Spare Parts","TVS / Universal","0","9018.5","10610","5"
"N92292GOOO","TAIL COVER R + TAPESET BLACK","General Spare Parts","TVS / Universal","0","8083.5","9510","5"
"N922G2G02F","TAIL COVER R + TAPESET PEARL WHITE","General Spare Parts","TVS / Universal","0","8143","9580","5"
"N922G2G08F","TAIL COVER R + TAPESET RACING RED","General Spare Parts","TVS / Universal","0","9018.5","10610","5"
"N922930GOO","TAIL COVER CENTER BLACK","General Spare Parts","TVS / Universal","0","1071","1260","5"
"N922G30G2F","TAIL COVER CENTER PEARL WHITE","General Spare Parts","TVS / Universal","0","2414","2840","5"
"N922G30G8F","TAIL COVER CENTER RACING RED","General Spare Parts","TVS / Universal","0","2337.5","2750","5"
"N922G5GG9F","COVER FRAME LOWER L MATTE SILVER","General Spare Parts","TVS / Universal","0","2856","3360","5"
"N922GSOG9F","COVER FRAME LOWER R MATTE SILVER","General Spare Parts","TVS / Universal","0","2856","3360","5"
"N9300020E","SAREE GUARD COMP","General Spare Parts","TVS / Universal","0","2745.5","3230","5"
"N93000SO","FOOTREST COMP - GLX","General Spare Parts","TVS / Universal","0","807.5","950","5"
"N93000SOE","FOOTREST COM","General Spare Parts","TVS / Universal","0","425","500","5"
"N93201GO","SPEEDO MTG BRACKET","General Spare Parts","TVS / Universal","0","425","500","5"
"N9320270L","CHAIN & SPROCKET KIT - VICTOR GLX","General Spare Parts","TVS / Universal","0","3901.5","4590","5"
"N93202GO","CHAIN CASE SET","General Spare Parts","TVS / Universal","0","4955.5","5830","5"
"N93203GO","RING SET PISTON STD","Engine","TVS / Universal","0","4581.5","5390","5"
"N93211GO","JET NEEDLE NEW -GLX","General Spare Parts","TVS / Universal","0","1445","1700","5"
"N93214GO","KIT MASTER CYLINDER(MAJOR)","Engine","TVS / Universal","0","4411.5","5190","5"
"N93217GO","FOAM KIT","General Spare Parts","TVS / Universal","0","833","980","5"
"N93218GO","CHAIN & SPKT KIT (AIT)","General Spare Parts","TVS / Universal","0","12282.5","14450","5"
"N9321GSO","CHAIN & SPROCKET KIT RTR (ALTI","General Spare Parts","TVS / Universal","0","11747","13820","5"
"N9321GGO","MAIN JET RTR","General Spare Parts","TVS / Universal","0","1334.5","1570","5"
"N93221GO","KIT CALIPER MAJOR (REAR Disc)","Brakes","TVS / Universal","0","6086","7160","5"
"N93224GO","DUST SEAL FR FORK","General Spare Parts","TVS / Universal","0","731","860","5"
"N93228GO","NEEDLE JET (JET) RTR 180","General Spare Parts","TVS / Universal","0","1062.5","1250","5"
"N9322GOO","JET HOLDER RTR 180","General Spare Parts","TVS / Universal","0","969","1140","5"
"N9322GSO","FLOAT BODY ASSEMBLY RTR","General Spare Parts","TVS / Universal","0","153","180","5"
"N9323GSO","YOKE ASSY 80TH DOM & IMP-APACH","General Spare Parts","TVS / Universal","0","5083","5980","5"
"N93241GO","KIT HANDLE BAR RTR 180","General Spare Parts","TVS / Universal","0","14254.5","16770","5"
"N93248GO","CHOKE VALVE","Engine","TVS / Universal","0","841.5","990","5"
"N9324GOO","DIAPHRAGM COVER","General Spare Parts","TVS / Universal","0","425","500","5"
"N9324GSO","PILOT JET KEIHIN","General Spare Parts","TVS / Universal","0","425","500","5"
"N9324GGO","RETAINER Disc","Brakes","TVS / Universal","0","425","500","5"
"N93250GO","SPRING","General Spare Parts","TVS / Universal","0","425","500","5"
"N93251GO","KIT STEERING CONE","General Spare Parts","TVS / Universal","0","3009","3540","5"
"N9325SGO","PINOLE TAPER","General Spare Parts","TVS / Universal","0","612","720","5"
"N93257GO","CABLE GUIDE","Electrical","TVS / Universal","0","671.5","790","5"
"N93261GO","ROTOR ASSY","General Spare Parts","TVS / Universal","0","5678","6680","5"
"NAOIOOIO","TENSIONER CAM CHAIN METRO +","Brakes","TVS / Universal","0","977.5","1150","5"
"NA010020","CYLINDER HEAD ASSY U237 METRO +","Engine","TVS / Universal","0","46588.5","54810","5"
"NAOIOOSO","CAM CHAIN (SILENT) 88 L METRO +","Brakes","TVS / Universal","0","2822","3320","5"
"NA010060","GUIDE CAM CHAIN METRO +","Brakes","TVS / Universal","0","1088","1280","5"
"NA010070","CAMSHAFT COMP METRO +","Brakes","TVS / Universal","0","10157.5","11950","5"
"NAOIOIIO","CYLINDER","Engine","TVS / Universal","0","10693","12580","5"
"NAOIOISO","CAMSHAFT COMP","Brakes","TVS / Universal","0","3961","4660","5"
"NA0200SO","CRANKSHAFT COMP METRO +","Engine","TVS / Universal","0","29996.5","35290","5"
"NA020040","PISTON ASSY STD METRO +","Engine","TVS / Universal","0","6842.5","8050","5"
"NA020100","PISTON ASSEMBLY","Engine","TVS / Universal","0","4250","5000","5"
"NA020140","CRANKSHAFT ASSEMBLY","Engine","TVS / Universal","0","13353.5","15710","5"
"NA030010","CRANKCASE ASSY LH METRO +","Engine","TVS / Universal","0","20510.5","24130","5"
"NA0300SO","CRANKCASE ASSY RH METRO +","Engine","TVS / Universal","0","18462","21720","5"
"NA030060","COVER CLUTCH METRO +","General Spare Parts","TVS / Universal","0","11228.5","13210","5"
"NA030110","COVER MAGNETO METRO +","General Spare Parts","TVS / Universal","0","7225","8500","5"
"NA0301SO","CRANKCASE SUB ASSY M L","Engine","TVS / Universal","0","16634.5","19570","5"
"NA030160","CRANKCASE SUB ASSY M R","Engine","TVS / Universal","0","16277.5","19150","5"
"NA0301GO","GASKET CRANKCASE","Engine","TVS / Universal","0","425","500","5"
"NA0400GO","INSULATOR PAD","Brakes","TVS / Universal","0","425","500","5"
"NA040100","CAP INJECTOR","General Spare Parts","TVS / Universal","0","425","500","5"
"NA040110","AIR CLEANER ASSY City ass","Filters","TVS / Universal","0","5635.5","6630","5"
"NA040120","TUBE OUTLET EFI","General Spare Parts","TVS / Universal","0","382.5","450","5"
"NA040180","CASE AIR CLEANER","Filters","TVS / Universal","0","1683","1980","5"
"NA0401GO","COVER AIR CLEANER","Filters","TVS / Universal","0","425","500","5"
"NA040200","TUBE OUTLET EFI","General Spare Parts","TVS / Universal","0","0.85","1","5"
"NA040210","SEAL AIR CLEANER","Filters","TVS / Universal","0","425","500","5"
"NA050020","MUFFLER SUB ASSY WITH GUARD METRO +","General Spare Parts","TVS / Universal","0","13676.5","16090","5"
"NA0500SO","MUFFLER COMP METRO +","General Spare Parts","TVS / Universal","0","14390.5","16930","5"
"NA050060","GUARD EXHAUST METRO +","General Spare Parts","TVS / Universal","0","3689","4340","5"
"NA050SOO","GUARD EXHAUST FRONT","General Spare Parts","TVS / Universal","0","816","960","5"
"NAOSOOIO","TCI UNIT METRO +","General Spare Parts","TVS / Universal","0","10846","12760","5"
"NAOS0020","MAGNETO ASSY","General Spare Parts","TVS / Universal","0","19371.5","22790","5"
"NAOSOOSO","TCI UNIT ASSY","General Spare Parts","TVS / Universal","0","13727.5","16150","5"
"NAOS0070","MAGNETO ASSY","General Spare Parts","TVS / Universal","0","16549.5","19470","5"
"NAOS0200","STARTER MOTOR","General Spare Parts","TVS / Universal","0","13931.5","16390","5"
"NAOS0210","ECU UNIT HOLDER","General Spare Parts","TVS / Universal","0","425","500","5"
"NA080010","GEAR OILPUMP DRIVE METRO +","Oils & Fluids","TVS / Universal","0","1521.5","1790","5"
"NA080020","GEAR PRIMARY DRIVE ASSY METRO +","General Spare Parts","TVS / Universal","0","3000.5","3530","5"
"NA0800SO","SPRING SHIFT SHAFT RETURN METRO +","General Spare Parts","TVS / Universal","0","425","500","5"
"NA110120","PEDAL BRAKE COMP","Brakes","TVS / Universal","0","2830.5","3330","5"
"NA120040","PILLION FOOTREST COMP L METRO -","General Spare Parts","TVS / Universal","0","425","500","5"
"NA120070","8RKT STOPLAMP SWITCH","Electrical","TVS / Universal","0","425","500","5"
"NA120460","BATTERY HOLDER","Electrical","TVS / Universal","0","425","500","5"
"NA120500","RIDER FOOTREST Disc COMP","Brakes","TVS / Universal","0","7021","8260","5"
"NA130010","SEAT ASSY METRO -","General Spare Parts","TVS / Universal","0","16379.5","19270","5"
"NA130020","SEAT FOAM METRO +","General Spare Parts","TVS / Universal","0","7148.5","8410","5"
"NA1300SO","COVER COMP SEAT METRO + 2,","General Spare Parts","TVS / Universal","0","586.5","690","5"
"NA14002013","FUEL TANK + T SET MET BLUE METRO +","General Spare Parts","TVS / Universal","0","15529.5","18270","5"
"NA1400204C","FUEL TANK + T SET VOL RED METRO +","General Spare Parts","TVS / Universal","0","15529.5","18270","5"
"NA1400204DA","FUEL TANK + T SET + SIL METRO +","General Spare Parts","TVS / Universal","0","14892","17520","5"
"NA140060","FUEL COCK ASSY WITH HOSES METRO +","General Spare Parts","TVS / Universal","0","2915.5","3430","5"
"NA140260","SEAL FUEL PUMP MODULE","General Spare Parts","TVS / Universal","0","425","500","5"
"NA140280","HOSE ROLL OVER VALVE","Engine","TVS / Universal","0","425","500","5"
"NA140SIO","HOSE PURGE VALVE","Engine","TVS / Universal","0","425","500","5"
"NA160020","SWITCH ASSY RH ES METRO -","Electrical","TVS / Universal","0","4250","5000","5"
"NAISOOSO","WIRING HARNESS ES METRO +","General Spare Parts","TVS / Universal","0","8619","10140","5"
"NA160050","DIGITAL SPEEDOMETER ASSY METRO +","General Spare Parts","TVS / Universal","0","18589.5","21870","5"
"NA160080","REGULATOR DC","General Spare Parts","TVS / Universal","0","8228","9680","5"
"NAISOIIO","FUEL SENDER ASSY METRO +","General Spare Parts","TVS / Universal","0","2822","3320","5"
"NA160160","MOBILE CHARGER Usa","General Spare Parts","TVS / Universal","0","3128","3680","5"
"NA160S20","REGULATOR DC","General Spare Parts","TVS / Universal","0","7981.5","9390","5"
"NA170010","THROTTLE ASSY","General Spare Parts","TVS / Universal","0","892.5","1050","5"
"NA180040","ENGINE ASSY -STA SPORT 110 ES 4 sp","Engine","TVS / Universal","0","316098","371880","5"
"NA2000SO","SPRING WASHER MS SS","General Spare Parts","TVS / Universal","0","425","500","5"
"NA220060","PILLION HANDLE METRO +","General Spare Parts","TVS / Universal","0","1717","2020","5"
"NA22008013","TAIL CVR LH + T SET MET BLUE METRO","General Spare Parts","TVS / Universal","0","4819.5","5670","5"
"NA2200804C","TAIL CVR LH + T SET VOL RED METRO +","General Spare Parts","TVS / Universal","0","425","500","5"
"NA2200804DA","TAIL CVR LH + TSET + SIL METRO","General Spare Parts","TVS / Universal","0","1283.5","1510","5"
"NA2200G013","TAIL CVR RH + T SET MET BLUE METRO","General Spare Parts","TVS / Universal","0","4819.5","5670","5"
"NA2200G04C","TAIL CVR RH + T SET VOL RED METRO +","General Spare Parts","TVS / Universal","0","4819.5","5670","5"
"NA2200G04DA","TAIL CVR RH + T SET + SIL METRO","General Spare Parts","TVS / Universal","0","425","500","5"
"NA22010013","TAIL CVR CTR + T SET MET BLUE METRO","General Spare Parts","TVS / Universal","0","680","800","5"
"NA2201004C","TAIL CVR CTR + T SET VOL RED METRO","General Spare Parts","TVS / Universal","0","731","860","5"
"NA2201004D","TAIL COVER CENTER + LOGO METRO +","General Spare Parts","TVS / Universal","0","833","980","5"
"NA220110","BRACKET TAIL METRO -","General Spare Parts","TVS / Universal","0","646","760","5"
"NA22012013A","COVER FRAME LH METTALIC BLUE METRO","General Spare Parts","TVS / Universal","0","12954","15240","5"
"NA2201204CA","COVER FRAME LH VOLCANO RED METRO +","General Spare Parts","TVS / Universal","0","3740","4400","5"
"NA2201204DD","COVER FRAME LH BLACK + SILVER METRO","General Spare Parts","TVS / Universal","0","6443","7580","5"
"NA2201S013A","COVER FRAME RH METTALIC BLUE METRO","General Spare Parts","TVS / Universal","0","5882","6920","5"
"NA2201S04CA","COVER FRAME RH VOLCANO RED METRO -","General Spare Parts","TVS / Universal","0","12580","14800","5"
"NA2201304DD","COVER FRAME RH BLACK + SILVER METRO","General Spare Parts","TVS / Universal","0","3544.5","4170","5"
"NA220140","COVER FRAME LOWER L METRO +","General Spare Parts","TVS / Universal","0","756.5","890","5"
"NA220150","COVER FRAME LOWER R METRO -","General Spare Parts","TVS / Universal","0","756.5","890","5"
"NA22016013","HSG HEADLAMP METTALIC BLUE METRO +","Engine","TVS / Universal","0","7718","9080","5"
"NA2201604C","HSG HEADLAMP + T SET VOL RED METRO","Engine","TVS / Universal","0","9018.5","10610","5"
"NA2201604DA","HSG HEADLAMP BLACK SIVER METRO +","Engine","TVS / Universal","0","8559.5","10070","5"
"NA2201704D","VISOR HEADLAMP + TAPESET METRO +","Engine","TVS / Universal","0","5287","6220","5"
"NA220180","HOUSING HEAD LAMP REAR METRO +","Engine","TVS / Universal","0","1589.5","1870","5"
"NA2201GO","8RKT COMP HSG HEADLAMP METRO +","Engine","TVS / Universal","0","3799.5","4470","5"
"NA220200","HEADLAMP ASSY METRO +","Engine","TVS / Universal","0","10225.5","12030","5"
"NA220220","BODY' FRONT FENDER RR METRO +","General Spare Parts","TVS / Universal","0","425","500","5"
"NA2202SO","COVER FRAME INNER L METRO +","General Spare Parts","TVS / Universal","0","425","500","5"
"NA220240","COVER FRAME INNER R METRO +","General Spare Parts","TVS / Universal","0","425","500","5"
"NA220250","FENDER REAR METRO +","General Spare Parts","TVS / Universal","0","2388.5","2810","5"
"NA2202GO","8RKT COVER FRAME L METRO +","General Spare Parts","TVS / Universal","0","425","500","5"
"NA220SOO","8RKT COVER FRAME R METRO +","General Spare Parts","TVS / Universal","0","425","500","5"
"NA220450","TAPESET ES VOLCANO RED METRO +","General Spare Parts","TVS / Universal","0","20323.5","23910","5"
"NA220680","TAPESET ES BLACK + SILVER METRO +","General Spare Parts","TVS / Universal","0","20323.5","23910","5"
"NA2207GO","TAPESET ES METALIC BLUE METRO +","General Spare Parts","TVS / Universal","0","20323.5","23910","5"
"NA320020","KIT SPRING HEAD LAMP METRO +","Engine","TVS / Universal","0","425","500","5"
"NA3200SO","ROTOR ASSY ES","General Spare Parts","TVS / Universal","0","6647","7820","5"
"NA320040","STATOR ASSY ES","Electrical","TVS / Universal","0","4615.5","5430","5"
"NA3201SO","KIT PISTON CHROME PLATED METRO +","Engine","TVS / Universal","0","1853","2180","5"
"NA320140","KIT PISTON CHROME PLATED METRO +","Engine","TVS / Universal","0","6647","7820","5"
"NA320150","KIT CYL BLOCK & PISTON METRO + (AIT)","Engine","TVS / Universal","0","17136","20160","5"
"NA320160","KIT MAJOR GASKET ENGINE METRO +","Engine","TVS / Universal","0","3961","4660","5"
"NA320170","KIT CONNECTING ROD METRO +","General Spare Parts","TVS / Universal","0","1700","2000","5"
"NA320210","BOTTOM COVER SPEEDOMETER METRO +","General Spare Parts","TVS / Universal","0","1963.5","2310","5"
"NA320220","TOP COVER SPEEDOMETER METRO +","General Spare Parts","TVS / Universal","0","2312","2720","5"
"N3060010","MAGNETO ASSY","General Spare Parts","TVS / Universal","0","48968.5","57610","5"
"N3060030","REGULATOR cuM RECTIFIER (AIT)","General Spare Parts","TVS / Universal","0","9435","11100","5"
"N3080240","GASKET OIL LEVEL PLUG","Oils & Fluids","TVS / Universal","0","425","500","5"
"N3140110","HOSE CLAMP","Electrical","TVS / Universal","0","102","120","5"
"N3150090","DAMPER HANDLE BAR (AIT)","General Spare Parts","TVS / Universal","0","1691.5","1990","5"
"N3320160","KIT STEERING CONE","General Spare Parts","TVS / Universal","0","1793.5","2110","5"
"N3320230","KIT FRONT FORK SEAL","General Spare Parts","TVS / Universal","0","3536","4160","5"
"N3320700","KIT BRAKE LEVER","Brakes","TVS / Universal","0","2805","3300","5"
"NC020010","CRANKSHAFT ASSEMBLY","Engine","TVS / Universal","0","23298.5","27410","5"
"NC060010","TCI UNIT EXP CKD","General Spare Parts","TVS / Universal","0","9792","11520","5"
"NC120020","8RKT TCI MTG","General Spare Parts","TVS / Universal","0","357","420","5"
"NC160010","DIGITAL SPEEDOMETER ASSY","General Spare Parts","TVS / Universal","0","26307.5","30950","5"
"NCI","60060 WIRING HARNESS","General Spare Parts","TVS / Universal","0","14628.5","17210","5"
"ND010040","CYLINDER HEAD COMP","Engine","TVS / Universal","0","21445.5","25230","5"
"ND010050","CYLINDER HEAD ASSY","Engine","TVS / Universal","0","33184","39040","5"
"ND020020","PISTON KIT STD (ALTI","Engine","TVS / Universal","0","2575.5","3030","5"
"ND040040","CARBURETTOR","General Spare Parts","TVS / Universal","0","19550","23000","5"
"ND040310","PLUG SAI","General Spare Parts","TVS / Universal","0","425","500","5"
"ND040320","PIPE INTAKE COMP","General Spare Parts","TVS / Universal","0","2091","2460","5"
"ND040380","BODY' THROTTLE ASSY","General Spare Parts","TVS / Universal","0","25228","29680","5"
"ND050020","MUFFLER SUB ASSY 1 (AIT)","General Spare Parts","TVS / Universal","0","16226.5","19090","5"
"ND050030","MUFFLER COMP 1 (ALTI","General Spare Parts","TVS / Universal","0","46036","54160","5"
"ND050310","MUFFLER SUB ASSY 88","General Spare Parts","TVS / Universal","0","348.5","410","5"
"ND060020","COMBINED IDI & IGNITION col ASSYI","General Spare Parts","TVS / Universal","0","14467","17020","5"
"ND060030","MAGNETO ASSY ES","General Spare Parts","TVS / Universal","0","20825","24500","5"
"ND060070","OXYGEN SENSOR","Electrical","TVS / Universal","0","11330.5","13330","5"
"ND06032G","ECU UNIT BASE UNIT","General Spare Parts","TVS / Universal","0","31968.5","37610","5"
"ND110230","8RKT BRAKE PEDAL MTG COMP 1","Brakes","TVS / Universal","0","756.5","890","5"
"ND110250","BRAKE PANEL MC FRONT","Brakes","TVS / Universal","0","1870","2200","5"
"ND110280","SPRING BRAKE RETURN DRUM","Brakes","TVS / Universal","0","425","500","5"
"ND110290","SPRING BRAKE RETURN DRUM","Brakes","TVS / Universal","0","425","500","5"
"ND110360","SPRING STOP LAMP SWITCH","Electrical","TVS / Universal","0","425","500","5"
"ND110370","PEDAL BRAKE COMP","Brakes","TVS / Universal","0","2711.5","3190","5"
"ND110380","SPRING BRAKE RETURN DRUM","Brakes","TVS / Universal","0","425","500","5"
"ND110400","HUB DRIVE SPEEDO","General Spare Parts","TVS / Universal","0","2524.5","2970","5"
"ND120330","8RKT IGN COIL MTG","Oils & Fluids","TVS / Universal","0","425","500","5"
"ND120450","BOLT PROP STAND","General Spare Parts","TVS / Universal","0","425","500","5"
"NDI","20490 8RKT STOPLAMP SWITCH","Electrical","TVS / Universal","0","425","500","5"
"ND120640","ABUTMENT BRKT BOTTOM","General Spare Parts","TVS / Universal","0","425","500","5"
"ND120970","BRACKET MOUNTING DEFLECTOR","General Spare Parts","TVS / Universal","0","425","500","5"
"ND120980","8RKT ENGINE COVER","Engine","TVS / Universal","0","425","500","5"
"ND121200","8RKT BRIDGE PILLION HANDLE COMP","General Spare Parts","TVS / Universal","0","1606.5","1890","5"
"ND140160","FLANGE BOTTOM FUEL PUMP MTG","General Spare Parts","TVS / Universal","0","425","500","5"
"ND1402594D","FUEL TANK COMP POLY BLACK","General Spare Parts","TVS / Universal","0","21411.5","25190","5"
"ND140270","HOSE CANISTER","General Spare Parts","TVS / Universal","0","425","500","5"
"ND140310","800T CANISTER","General Spare Parts","TVS / Universal","0","425","500","5"
"ND140440","HOSE THROTTLE BODY","General Spare Parts","TVS / Universal","0","0.85","1","5"
"ND150200","HANDLE BAR DRUM","General Spare Parts","TVS / Universal","0","1572.5","1850","5"
"ND160010","SWITCH ASSY L METRO REF","Electrical","TVS / Universal","0","5015","5900","5"
"ND160160","SWITCH ASSY L 2","Electrical","TVS / Universal","0","10336","12160","5"
"ND160350","MOBILE CHARGER Usa - RADEON/JUPITER","General Spare Parts","TVS / Universal","0","1623.5","1910","5"
"ND160360","WIRING HARNESS KS","General Spare Parts","TVS / Universal","0","2363","2780","5"
"ND160370","WIRING HARNESS ES","General Spare Parts","TVS / Universal","0","3077","3620","5"
"ND160440","BRACKET CABLE GUIDE","Electrical","TVS / Universal","0","425","500","5"
"ND160560","FUEL SENDER ASSY","General Spare Parts","TVS / Universal","0","1708.5","2010","5"
"ND160640","CORDSET FUEL PUMP","General Spare Parts","TVS / Universal","0","425","500","5"
"ND160760","CLAMP BATTERY S","Electrical","TVS / Universal","0","425","500","5"
"ND161010","WIRING HARNESS ASSY","General Spare Parts","TVS / Universal","0","23987","28220","5"
"ND170010","CABLE ASSY BRAKE","Brakes","TVS / Universal","0","2057","2420","5"
"ND320040","SPRING MET REF","General Spare Parts","TVS / Universal","0","425","500","5"
"ND320070","PISTON KIT I O/S","Engine","TVS / Universal","0","5941.5","6990","5"
"ND320080","KIT PISTON II O/S","Engine","TVS / Universal","0","6001","7060","5"
"ND320110","CYL 3LCK & PISTN KIT ES/KS SPOR REF","General Spare Parts","TVS / Universal","0","16668.5","19610","5"
"ND320140","KIT CYL BLOCK & PISTON SPORT ES","Engine","TVS / Universal","0","17161.5","20190","5"
"ND320520","STATOR ASSY","Electrical","TVS / Universal","0","7973","9380","5"
"ND320540","KIT CYL BLOCK & PISTON SSS RDN/ClTY+/sp","Engine","TVS / Universal","0","16592","19520","5"
"ND320610","CHAINCASE KITI","General Spare Parts","TVS / Universal","0","4114","4840","5"
"ND320650","LED BULB","Electrical","TVS / Universal","0","425","500","5"
"NE110150","CLAMP HOSE","Electrical","TVS / Universal","0","425","500","5"
"NF070010","CENTER ASSY MANUAL S","General Spare Parts","TVS / Universal","0","16991.5","19990","5"
"NF070030","GEAR ASSY PRIMARY DRIVEN 3","General Spare Parts","TVS / Universal","0","15504","18240","5"
"NF070040","HUB CLUTCH 2","General Spare Parts","TVS / Universal","0","739.5","870","5"
"NF070050","PLATE CLUTCH DRIVEN","General Spare Parts","TVS / Universal","0","0.85","1","5"
"NF070060","DISC PRESSURE CLUTCH","Brakes","TVS / Universal","0","1.7","2","5"
"NF070070","SPRING CLUTCH","General Spare Parts","TVS / Universal","0","1.7","2","5"
"NF070080","PLATE CLUTCH RELEASE 1","General Spare Parts","TVS / Universal","0","807.5","950","5"
"NF070090","SPRING CLUTCH JUDDER","General Spare Parts","TVS / Universal","0","425","500","5"
"NF070100","WASHER CLUTCH JUDDER","General Spare Parts","TVS / Universal","0","425","500","5"
"NF080010","COUNTER SHAFT COMP 1","General Spare Parts","TVS / Universal","0","4420","5200","5"
"NF080020","COUNTER SHAFT ASSY2","General Spare Parts","TVS / Universal","0","10123.5","11910","5"
"NF080030","Retainer-RTR200","General Spare Parts","TVS / Universal","0","671.5","790","5"
"NF080040","spacer-RTR200","General Spare Parts","TVS / Universal","0","425","500","5"
"NF100030","UPPER 3RKT MC","General Spare Parts","TVS / Universal","0","11262.5","13250","5"
"NF100350","LEG ASSY FRONT L 40 74100","General Spare Parts","TVS / Universal","0","35062.5","41250","5"
"NF100360","LEG ASSY FRONT R 40 74100","General Spare Parts","TVS / Universal","0","36312","42720","5"
"NF100400","LOWER BRKT COMP","General Spare Parts","TVS / Universal","0","6927.5","8150","5"
"NF100450","BALL CAGE COMP","General Spare Parts","TVS / Universal","0","0.85","1","5"
"NF110010","SPROCKET RR WHEEL 44 60 86 YES","General Spare Parts","TVS / Universal","0","7395","8700","5"
"NF110600","HOSE ASSY MS FRONT","General Spare Parts","TVS / Universal","0","2133.5","2510","5"
"NF110610","HOSE ASSY CAL FRONT","General Spare Parts","TVS / Universal","0","2881.5","3390","5"
"NF130010","SEAT ASSY","General Spare Parts","TVS / Universal","0","16430.5","19330","5"
"NF130020","COVER COMP SEAT","General Spare Parts","TVS / Universal","0","3017.5","3550","5"
"NF140150","FUEL PUMP MODULE 2V asvl","General Spare Parts","TVS / Universal","0","26707","31420","5"
"NF140160","FLANGE BOTTOM FUEL PUMP MTG","General Spare Parts","TVS / Universal","0","425","500","5"
"NF140170","FUEL PUMP MODULE ASSY","General Spare Parts","TVS / Universal","0","38794","45640","5"
"NF140180","SEAL FUEL PUMP","General Spare Parts","TVS / Universal","0","790.5","930","5"
"NF150070","DAMPER HANDLE BAR","General Spare Parts","TVS / Universal","0","2388.5","2810","5"
"NF150160","LEVER ASSY CLUTCH","General Spare Parts","TVS / Universal","0","425","500","5"
"NF1501605D","LEVER ASSY CLUTCH MATTE BLACK","General Spare Parts","TVS / Universal","0","3927","4620","5"
"NF150210","CLUTCH LEVER","General Spare Parts","TVS / Universal","0","1054","1240","5"
"NF1502105D","CLUTCH LEVER MATTE BLACK","General Spare Parts","TVS / Universal","0","1054","1240","5"
"NF150220","HOLDER COMP LEVER CLUTCH","General Spare Parts","TVS / Universal","0","935","1100","5"
"NF150260","CLAMP LEVER BRKT","Electrical","TVS / Universal","0","425","500","5"
"NF160230","SPEEDOMETER ASSY NON Aas180-150 RTR","General Spare Parts","TVS / Universal","0","42466","49960","5"
"NF160370","CLUTCH SWITCH EFI","Electrical","TVS / Universal","0","3026","3560","5"
"NF160440","DIGITAL SPEEDOMETER ASSY Aas","General Spare Parts","TVS / Universal","0","51620.5","60730","5"
"NF160590","CONTROL RELAY EFI","General Spare Parts","TVS / Universal","0","1870","2200","5"
"NF160950","HORN (RACING EDITION)","Electrical","TVS / Universal","0","2711.5","3190","5"
"NF161120","REGULATOR DC","General Spare Parts","TVS / Universal","0","10089.5","11870","5"
"NF161340","DIGITAL SPEEDOMETER ASSY BLUETOOTH","General Spare Parts","TVS / Universal","0","50345.5","59230","5"
"NF220140","8RKT COVER FRAME MTG","General Spare Parts","TVS / Universal","0","425","500","5"
"NF221270","TAPESET RTR 200 HBLK","General Spare Parts","TVS / Universal","0","13090","15400","5"
"NF221290","TAPESET RTR 200 SYRAH RED","General Spare Parts","TVS / Universal","0","4836.5","5690","5"
"NF221810","COVER FRAME L +TAPESET","General Spare Parts","TVS / Universal","0","1759.5","2070","5"
"NF221820","COVER FRAME R +TAPESET","General Spare Parts","TVS / Universal","0","425","500","5"
"NF221830","TAPESET RTR 160 1 WHITE 2F","General Spare Parts","TVS / Universal","0","6842.5","8050","5"
"NF223050","MIRROR ASSY LH N289 & N112 3SVl","General Spare Parts","TVS / Universal","0","1632","1920","5"
"NF223060","MIRROR ASSY RH N28g N112 asvl","General Spare Parts","TVS / Universal","0","1632","1920","5"
"NF223220","TURN SIGNAL FR ASSY L 3SVl","General Spare Parts","TVS / Universal","0","2006","2360","5"
"NF223230","TURN SIGNAL FR ASSY R asvl","General Spare Parts","TVS / Universal","0","2210","2600","5"
"NF223690","TAPESET RTR 160 SPARES BLACK","General Spare Parts","TVS / Universal","0","6621.5","7790","5"
"NF223700","TAPESET RTR 160 SPARES RED","General Spare Parts","TVS / Universal","0","6927.5","8150","5"
"NF223720","TAPESET RTR 160 SPARES BLUE","General Spare Parts","TVS / Universal","0","7267.5","8550","5"
"NF300150","RIDING JACKET REDLINE L","General Spare Parts","TVS / Universal","0","52343","61580","5"
"NF300190","RIDING JACKET NEON LINE 61,","General Spare Parts","TVS / Universal","0","620.5","730","5"
"NF300220","RIDING PANT RED LINE L","General Spare Parts","TVS / Universal","0","47540.5","55930","5"
"NF300250","RIDING PANT NEON LINE L","General Spare Parts","TVS / Universal","0","44973.5","52910","5"
"NF300280","RAIN JACKET RED L","General Spare Parts","TVS / Universal","0","12767","15020","5"
"NF300310","RAIN PANT BLACK L","General Spare Parts","TVS / Universal","0","10055.5","11830","5"
"NF300360","SUN GLASS BLACK","General Spare Parts","TVS / Universal","0","4913","5780","5"
"NF300520","T SHIRT RED L","General Spare Parts","TVS / Universal","0","425","500","5"
"NF300550","T SHIRT BLUEL","General Spare Parts","TVS / Universal","0","425","500","5"
"NF300580","T SHIRT RED & BLUE","General Spare Parts","TVS / Universal","0","425","500","5"
"NF300610","T SHIRT BLUE & WH","General Spare Parts","TVS / Universal","0","9350","11000","5"
"NF300780","CAP BLUE","General Spare Parts","TVS / Universal","0","4768.5","5610","5"
"NF300790","CAP RED","General Spare Parts","TVS / Universal","0","4768.5","5610","5"
"NF300820","ROUND NECK T SHIRT TYPE 1 L","General Spare Parts","TVS / Universal","0","6757.5","7950","5"
"NF30128G","T SHIRT RED & BLUE S REGULAR FIT- N","General Spare Parts","TVS / Universal","0","4547.5","5350","5"
"NF301290","T SHIRT RED & BLUE M REGULAR FIT -N","General Spare Parts","TVS / Universal","0","3689","4340","5"
"NF301300","T SHIRT RED & BLUE L REGULAR FIT -N","General Spare Parts","TVS / Universal","0","3689","4340","5"
"NF301310","T SHIRT RED & BLUE XL REGULAR FIT- N","General Spare Parts","TVS / Universal","0","3689","4340","5"
"NF301590","T SHIRT 1 RED & BLUE XXL-N","General Spare Parts","TVS / Universal","0","3689","4340","5"
"NF301660","TECHNICIAN SHIRT GREY & RED - 34","General Spare Parts","TVS / Universal","0","2150.5","2530","5"
"NF301661","TECHNICIAN SHIRT GREY & RED - 36","General Spare Parts","TVS / Universal","0","2150.5","2530","5"
"NF301662","TECHNICIAN SHIRT GREY & RED - 38","General Spare Parts","TVS / Universal","0","2150.5","2530","5"
"NF301663","TECHNICIAN SHIRT GREY & RED -40","General Spare Parts","TVS / Universal","0","2150.5","2530","5"
"NF301664","TECHNICIAN SHIRT GREY & RED -42","General Spare Parts","TVS / Universal","0","2150.5","2530","5"
"NF301665","TECHNICIAN SHIRT GREY & RED -44","General Spare Parts","TVS / Universal","0","2150.5","2530","5"
"NF301670","TECHNICIAN TROUSERS GREY & RED - 28","General Spare Parts","TVS / Universal","0","2269.5","2670","5"
"NF301671","TECHNICIAN TROUSERS GREY&RED - 30","General Spare Parts","TVS / Universal","0","2269.5","2670","5"
"NF301672","TECHNICIAN TROUSERS GREY & RED - 32","General Spare Parts","TVS / Universal","0","2269.5","2670","5"
"NF301673","TECHNICIAN TROUSERS GREY & RED -34","General Spare Parts","TVS / Universal","0","2269.5","2670","5"
"NF301674","TECHNICIAN TROUSERS GREY & RED -36","General Spare Parts","TVS / Universal","0","2269.5","2670","5"
"NF301675","TECHNICIAN TROUSERS GREY & RED -38","General Spare Parts","TVS / Universal","0","2269.5","2670","5"
"NF301676","TECHNICIAN TROUSERS GREY & RED -40","General Spare Parts","TVS / Universal","0","2269.5","2670","5"
"NF301677","TECHNICIAN TROUSERS GREY & RED -42","General Spare Parts","TVS / Universal","0","2269.5","2670","5"
"NF301680","TROUSERS XPERT ON WHEELS - 28","General Spare Parts","TVS / Universal","0","2312","2720","5"
"NF301681","TROUSERS XPERT ON WHEELS - 30","General Spare Parts","TVS / Universal","0","2312","2720","5"
"NF301682","TROUSERS XPERT ON WHEELS - 32","General Spare Parts","TVS / Universal","0","2312","2720","5"
"NF301683","TROUSERS XPERT ON WHEELS - 34","General Spare Parts","TVS / Universal","0","2312","2720","5"
"NF301684","TROUSERS XPERT ON WHEELS - 36","General Spare Parts","TVS / Universal","0","2312","2720","5"
"NF301685","TROUSERS XPERT ON WHEELS - 38","General Spare Parts","TVS / Universal","0","2312","2720","5"
"NF301686","TROUSERS XPERT ON WHEELS - 40","General Spare Parts","TVS / Universal","0","2312","2720","5"
"NF301690","HALF SHIRT XPERT ON WHEELS - 34","General Spare Parts","TVS / Universal","0","2431","2860","5"
"NF301691","HALF SHIRT XPERT ON WHEELS - 36","General Spare Parts","TVS / Universal","0","2431","2860","5"
"NF301692","HALF SHIRT XPERT ON WHEELS - 38","General Spare Parts","TVS / Universal","0","2431","2860","5"
"NF301693","HALF SHIRT XPERT ON WH EELS - 40","General Spare Parts","TVS / Universal","0","2431","2860","5"
"NF301694","HALF SHIRT XPERT ON WH EELS - 42","General Spare Parts","TVS / Universal","0","2431","2860","5"
"NF301695","HALF SHIRT XPERT ON WH EELS - 44","General Spare Parts","TVS / Universal","0","2431","2860","5"
"NF307002","POLO COTTON T-SHIRT BLACK - M","General Spare Parts","TVS / Universal","0","4326.5","5090","5"
"NF307004","POLO COTTON T-SHIRT BLACK","General Spare Parts","TVS / Universal","0","4326.5","5090","5"
"NF307005","POLO COTTON T-SHIRT BLACK - XX","General Spare Parts","TVS / Universal","0","4326.5","5090","5"
"NF30700S","POLO COTTON T-SHIRT RED","General Spare Parts","TVS / Universal","0","4326.5","5090","5"
"NF307007","POLO COTTON T-SHIRT RED - M","General Spare Parts","TVS / Universal","0","4326.5","5090","5"
"NF307008","POLO COTTON T-SHIRT RED","General Spare Parts","TVS / Universal","0","4326.5","5090","5"
"NF30700G","POLO COTTON T-SHIRT RED - XL","General Spare Parts","TVS / Universal","0","4326.5","5090","5"
"NF307010","POLO COTTON T-SHIRT RED - XXL","General Spare Parts","TVS / Universal","0","4326.5","5090","5"
"NF320350","SPRING FR FORK GABRIEL","General Spare Parts","TVS / Universal","0","2227","2620","5"
"NF320360","OILSEAL FR FORK GABRIEL","Oils & Fluids","TVS / Universal","0","1300.5","1530","5"
"NF320410","DUST SEAL FR FORK GABRIEL","General Spare Parts","TVS / Universal","0","1105","1300","5"
"NF321060","KIT MAJOR GASKET ENGINE","Engine","TVS / Universal","0","2159","2540","5"
"NF321070","KIT MAJOR GASKET ENGINE-RTR200","Engine","TVS / Universal","0","2159","2540","5"
"NF321080","KIT MAJOR GASKET ENGINE","Engine","TVS / Universal","0","2159","2540","5"
"NF321160","KIT CYL BLOCK & PISTON RTR200 ass","Engine","TVS / Universal","0","17127.5","20150","5"
"NF321180","KIT CYL BLOCK & PISTON RTR1604V a","Engine","TVS / Universal","0","26367","31020","5"
"NF321190","CYLINDER BLOCK & PISTON KIT -RTR 16","Engine","TVS / Universal","0","12146.5","14290","5"
"NF321300","KIT CYL BLOCK PISTON RTR180 ass","Engine","TVS / Universal","0","13013.5","15310","5"
"NF330505","CHAIN LUBE - 250g","General Spare Parts","TVS / Universal","0","2499","2940","5"
"NFS00946","GEAR SHIFT LEVER PEDAL-BLACK","General Spare Parts","TVS / Universal","0","425","500","5"
"NFS00968","Gearshift Lever Pedal Ccwer - Red","General Spare Parts","TVS / Universal","0","425","500","5"
"NR160100","SWITCH ASSY R","Electrical","TVS / Universal","0","5661","6660","5"
"NR220570","HEADLAMP LED","Engine","TVS / Universal","0","27429.5","32270","5"
"NTORQSPCAT","NTORQ PARTS CATALOUGE","General Spare Parts","TVS / Universal","0","425","500","5"
"P010430","GASKET CYL HEAD","Engine","TVS / Universal","0","425","500","5"
"P010540","RING PISTON DIA.4500","Engine","TVS / Universal","0","425","500","5"
"P010560","EXPANDER RING","General Spare Parts","TVS / Universal","0","425","500","5"
"P010620","PISTON 46 DIA","Engine","TVS / Universal","0","6579","7740","5"
"P010660","PISTON PIN 46 DIA","Engine","TVS / Universal","0","790.5","930","5"
"P010680","PISTON PIN","Engine","TVS / Universal","0","705.5","830","5"
"P010750","X N / SPORT CYLINDER BLOCK 70cc- RED (ALTI","Engine","TVS / Universal","0","8780.5","10330","5"
"P020010","CRANKSHAFT ASSY","Engine","TVS / Universal","0","13600","16000","5"
"P03014G","CRANKCASE CASTING I-Foc","Engine","TVS / Universal","0","3060","3600","5"
"P03015G","CRANKCASE R CASTING- Foc","Engine","TVS / Universal","0","1564","1840","5"
"P030190","X N/SPORT CRANK CASE ASSY MACH INED","Engine","TVS / Universal","0","21386","25160","5"
"P030200","GASKET CRANK CASE","Engine","TVS / Universal","0","425","500","5"
"P040430","REED VALUE ASSY","General Spare Parts","TVS / Universal","0","1717","2020","5"
"P040560","CARBURETTOR ASSY 70 CC","General Spare Parts","TVS / Universal","0","16821.5","19790","5"
"P040570","ADAPTOR CARBURETTOR","General Spare Parts","TVS / Universal","0","425","500","5"
"P040640","PIPE INTAKE","General Spare Parts","TVS / Universal","0","425","500","5"
"P040700","AIR FILTER ASSEMBLY (AIT)","Filters","TVS / Universal","0","5151","6060","5"
"P040730","ELEMENT AIR CLEANER","Filters","TVS / Universal","0","425","500","5"
"P040740","SEAL AIR CLEANER","Filters","TVS / Universal","0","425","500","5"
"P040750","SUPPORT ELEMENT","General Spare Parts","TVS / Universal","0","425","500","5"
"POSOOGO","MUFFLER COMP (ALTI","General Spare Parts","TVS / Universal","0","6205","7300","5"
"P050130","PIPE COMP BAFFLE PAINTED","General Spare Parts","TVS / Universal","0","1513","1780","5"
"P050270","O-RING","General Spare Parts","TVS / Universal","0","425","500","5"
"P050480","GASKET EXHAUST","Engine","TVS / Universal","0","425","500","5"
"P050610","PIPE EXHAUST","General Spare Parts","TVS / Universal","0","3723","4380","5"
"P050640","GUARD EXHAUST","General Spare Parts","TVS / Universal","0","425","500","5"
"P060090","MAGNETO ASSY 12V 70CC","General Spare Parts","TVS / Universal","0","26222.5","30850","5"
"P060110","ROTOR COMP","General Spare Parts","TVS / Universal","0","12486.5","14690","5"
"P060120","STATOR ASSY","Electrical","TVS / Universal","0","8109","9540","5"
"P060140","CDI UNIT (AIT)","General Spare Parts","TVS / Universal","0","7293","8580","5"
"P060150","COMBINED IGNITION COIL & CDI","Oils & Fluids","TVS / Universal","0","7029.5","8270","5"
"P070120","COVER CLUTCH MACHINED","General Spare Parts","TVS / Universal","0","7565","8900","5"
"P070230","THRUST WASHER CLUTCH","General Spare Parts","TVS / Universal","0","425","500","5"
"P070320","SPRING CLUTCH","General Spare Parts","TVS / Universal","0","425","500","5"
"P070430","CLUTCH ASSY 70CC","General Spare Parts","TVS / Universal","0","5015","5900","5"
"P070430E","CLUTCH ASSY 70CC","General Spare Parts","TVS / Universal","0","2992","3520","5"
"P070540","DRUM COMP CLUTCH","General Spare Parts","TVS / Universal","0","2575.5","3030","5"
"P070640","BUSH CLUTCH SHOE","Brakes","TVS / Universal","0","425","500","5"
"P080140","SPRING KICKSTARTER","General Spare Parts","TVS / Universal","0","425","500","5"
"P080220","RATCHET NUT KICK STARTER-XL SUPER (ALTI","General Spare Parts","TVS / Universal","0","637.5","750","5"
"P080330","O-RING KICKSTARTER","General Spare Parts","TVS / Universal","0","425","500","5"
"P080410","STOPPER KICKSTARTER","General Spare Parts","TVS / Universal","0","425","500","5"
"P080420","GASKET COVER CLUTCH","Engine","TVS / Universal","0","425","500","5"
"P080450","RETAINER BEARING","General Spare Parts","TVS / Universal","0","425","500","5"
"P080460","GEAR COMP KICKSTARTER DRIVE","General Spare Parts","TVS / Universal","0","3765.5","4430","5"
"P080490","GEAR KICKSTARTER IDLER","General Spare Parts","TVS / Universal","0","3408.5","4010","5"
"P080510","SHIELD","General Spare Parts","TVS / Universal","0","425","500","5"
"P080610","SHIM OILED [TSDS0402]","Oils & Fluids","TVS / Universal","0","425","500","5"
"P080680","LEVER ASSY KICK STARTER (OBSOLETE) (ALTI","General Spare Parts","TVS / Universal","0","4037.5","4750","5"
"P080700","SPECIAL HEX NUT","General Spare Parts","TVS / Universal","0","425","500","5"
"P080750","HOSE COMP BREATHER","General Spare Parts","TVS / Universal","0","425","500","5"
"P080790","CHAIN WHEEL 50 T","General Spare Parts","TVS / Universal","0","3179","3740","5"
"P080890","CHAIN WHEEL SOT-HD","General Spare Parts","TVS / Universal","0","2992","3520","5"
"P080920","BUSH K.SDRIVEN (ACT)","General Spare Parts","TVS / Universal","0","425","500","5"
"P080940","X N / SPORT GEAR COMP KS DRIVEN (ALTI","General Spare Parts","TVS / Universal","0","2932.5","3450","5"
"P080950","SPACER ENGINE SPROCKET","Engine","TVS / Universal","0","425","500","5"
"P080970","SHAFT GEAR PRIMARY DRIVEN","General Spare Parts","TVS / Universal","0","5831","6860","5"
"P080980","GEAR ASSLY PRIMARY DRIVEN-NEW","General Spare Parts","TVS / Universal","0","9571","11260","5"
"P081030","LOCK WASHER","General Spare Parts","TVS / Universal","0","425","500","5"
"P081060","CHAIN WHEEL SOT","General Spare Parts","TVS / Universal","0","425","500","5"
"P081100","SPROCKET ENGINE 13 T 1,","Engine","TVS / Universal","0","425","500","5"
"P081120","CHAIN","General Spare Parts","TVS / Universal","0","4879","5740","5"
"P081130","O RING KICK STARTER","General Spare Parts","TVS / Universal","0","425","500","5"
"P081260","SPRING GEAR KS DRIVEN","General Spare Parts","TVS / Universal","0","425","500","5"
"P081290","GEAR KICKSTARTER IDLER NEW","General Spare Parts","TVS / Universal","0","4054.5","4770","5"
"P081340","GEAR COMP KS ORN NEW -38 DEG W","General Spare Parts","TVS / Universal","0","2958","3480","5"
"P090370","SPACER SILENT BLOCK","General Spare Parts","TVS / Universal","0","425","500","5"
"P090470","PAD CHAIN PROTECTION","Brakes","TVS / Universal","0","425","500","5"
"P090840","PAD CHAIN PROTECTION","Brakes","TVS / Universal","0","425","500","5"
"P1000802L","CROWN PLATE TOP BUS GR EEN (SPARE)","General Spare Parts","TVS / Universal","0","1249.5","1470","5"
"P100140","SPRING ANCHOR","General Spare Parts","TVS / Universal","0","425","500","5"
"P1001800A","STABILISER TUBE MARBLE RED","General Spare Parts","TVS / Universal","0","425","500","5"
"P1001800D","STABILISER TUBE BLACK","General Spare Parts","TVS / Universal","0","671.5","790","5"
"P1001802B","STABILISER TUBE CANDY BLUE (AIT)","General Spare Parts","TVS / Universal","0","671.5","790","5"
"P1001808B","STABILISER TUBE DEEP MET BLUE","General Spare Parts","TVS / Universal","0","671.5","790","5"
"P100310","BRACKET STABILISER","General Spare Parts","TVS / Universal","0","425","500","5"
"P1003502B","FENDER FRONT CANDY BLUE (AIT)","General Spare Parts","TVS / Universal","0","2346","2760","5"
"P1003502L","FENDER FRONT 3US GREEN (SPARE)","General Spare Parts","TVS / Universal","0","1606.5","1890","5"
"P1003506G","FENDER FRONT FLAME RED","General Spare Parts","TVS / Universal","0","2771","3260","5"
"P1003507L","FENDER FRONT MOSS GREEN","General Spare Parts","TVS / Universal","0","3349","3940","5"
"P1003508B","FENDER FRONT DEEP MET BLUE","General Spare Parts","TVS / Universal","0","2898.5","3410","5"
"P100360","SPRING FRONT FORK","General Spare Parts","TVS / Universal","0","425","500","5"
"P100490","GUIDE BUSH HALF","General Spare Parts","TVS / Universal","0","425","500","5"
"P1005000A","FORK TUBE COMP INNER L M RED","General Spare Parts","TVS / Universal","0","2652","3120","5"
"PICO","soooo FORK TUBE COMP INNER L BLACK","General Spare Parts","TVS / Universal","0","2652","3120","5"
"P1005000L","FORKTUBE COMP INNER L GREEN (AIT)","General Spare Parts","TVS / Universal","0","2652","3120","5"
"P1005007L","FORK TUBE LH","General Spare Parts","TVS / Universal","0","425","500","5"
"P1005008B","FORK TUBE COMP INNER L DEEP ME XLS","General Spare Parts","TVS / Universal","0","425","500","5"
"P100500L","FORK TUBE COMP INNER L DB GREEN","General Spare Parts","TVS / Universal","0","722.5","850","5"
"P1005100A","FORK TUBE COMP INNER R M RED","General Spare Parts","TVS / Universal","0","425","500","5"
"P1005100D","FORK TUBE COMP INNER R BLACK","General Spare Parts","TVS / Universal","0","2652","3120","5"
"P1005100L","FORK TUBE COMP INNER R GREEN (ALTI","General Spare Parts","TVS / Universal","0","2652","3120","5"
"P1005102B","FORK TUBE COMP INNER R CANDY BLUE (ALT)","General Spare Parts","TVS / Universal","0","2652","3120","5"
"P1005107L","FORK TUBE RH","General Spare Parts","TVS / Universal","0","2652","3120","5"
"P1005108B","FORK TUBE COMP INNER R DEEP M BLUE","General Spare Parts","TVS / Universal","0","2652","3120","5"
"P100510L","FORK TUBE COMP INNER R DB GREEN","General Spare Parts","TVS / Universal","0","2652","3120","5"
"P100570","CABLE GUIDE SPEEDO XLN","Electrical","TVS / Universal","0","425","500","5"
"P100790","SPRING","General Spare Parts","TVS / Universal","0","425","500","5"
"P1040100","AIR CLEANER ASSY","Filters","TVS / Universal","0","3646.5","4290","5"
"P1040140","CARBURETTOR ASSEMBLY - XL SUPE","General Spare Parts","TVS / Universal","0","10115","11900","5"
"P1040170","SEC AIR INJECTION VALVE ASSY","Engine","TVS / Universal","0","3077","3620","5"
"P1040200","HOSE AIR INLET","General Spare Parts","TVS / Universal","0","425","500","5"
"P1040220","800T SAI FILTER","Filters","TVS / Universal","0","425","500","5"
"P1050080","MUFFLER SUB ASSY EXPORT","General Spare Parts","TVS / Universal","0","11738.5","13810","5"
"P1050140","KIT MUFFLER HD","General Spare Parts","TVS / Universal","0","6596","7760","5"
"P1090030","SWINGARM COMP-XL SUPER / HD","General Spare Parts","TVS / Universal","0","5992.5","7050","5"
"P1090080","SHOCK ABSORBER NEW","General Spare Parts","TVS / Universal","0","4250","5000","5"
"P1090210","CHAIN ADJUSTER SUB ASSEMBLY","General Spare Parts","TVS / Universal","0","425","500","5"
"P11000400D","FORK COMP FRONT HG BLACK","General Spare Parts","TVS / Universal","0","7386.5","8690","5"
"P11000407L","FORK COMP FRONT Moss GREEN","General Spare Parts","TVS / Universal","0","1972","2320","5"
"P11000408B","FORK COMP FRONT DEEP MET BLUE","General Spare Parts","TVS / Universal","0","7386.5","8690","5"
"PLIOOOGO","BRACKET STABILISER ZNG","General Spare Parts","TVS / Universal","0","425","500","5"
"P110040","SPACER BUSH BEARING","General Spare Parts","TVS / Universal","0","425","500","5"
"P110050","REAR AXLE M12X1","General Spare Parts","TVS / Universal","0","833","980","5"
"P110060","AXLE M12X1","General Spare Parts","TVS / Universal","0","782","920","5"
"P110350","BACK PLATE REAR (SPARE)","General Spare Parts","TVS / Universal","0","4131","4860","5"
"P110410","BACK PLATE / LEVER","General Spare Parts","TVS / Universal","0","1819","2140","5"
"P110650","ABSORBER REAR WHEEL Hua","General Spare Parts","TVS / Universal","0","824.5","970","5"
"P110680","THRUST PAD","Brakes","TVS / Universal","0","1054","1240","5"
"P110750","CUP-CHAIN GUARD","General Spare Parts","TVS / Universal","0","425","500","5"
"P11102GO","SPACER R REAR AXLE","General Spare Parts","TVS / Universal","0","399.5","470","5"
"P1110300","SPACER L REAR AXLE","General Spare Parts","TVS / Universal","0","425","500","5"
"PII","20060 MAT FLOOR NEW","General Spare Parts","TVS / Universal","0","1054","1240","5"
"P1120110","FRAME COMP PAINTED XL SUPER (ALTI","General Spare Parts","TVS / Universal","0","25066.5","29490","5"
"P1150010","BRACKET INSTRUMENT PANEL MTG NEW","General Spare Parts","TVS / Universal","0","425","500","5"
"P1150030","SPEEDO METER 12 V NEW","General Spare Parts","TVS / Universal","0","4564.5","5370","5"
"P1150050","HOUSING INSTRUMENT PANEL (AIT)","General Spare Parts","TVS / Universal","0","425","500","5"
"P1150070","BRAKE LEVER LH NEW (AIT)","Brakes","TVS / Universal","0","671.5","790","5"
"P1150080","BRAKE LEVER RH NEW (ALTI","Brakes","TVS / Universal","0","425","500","5"
"P1150100","CONTROL LEVER ASSY LH NEW (AIT)","General Spare Parts","TVS / Universal","0","5559","6540","5"
"P1150110","CONTROL LEVER ASSY RH NEW (AIT)","General Spare Parts","TVS / Universal","0","2473.5","2910","5"
"P1150120","CASE","General Spare Parts","TVS / Universal","0","986","1160","5"
"P1150130","CASE UPPER LH NEW","General Spare Parts","TVS / Universal","0","1105","1300","5"
"P1150160","CASE UNDER LH NEW","General Spare Parts","TVS / Universal","0","425","500","5"
"P1150170","CASE UNDER RH NEW","General Spare Parts","TVS / Universal","0","425","500","5"
"P1160030","HEAD LAMP ASSY MFR NEW","Engine","TVS / Universal","0","5618.5","6610","5"
"P1160040","LAMP ASSY REAR COMBI 12 V 70CC NEW","Electrical","TVS / Universal","0","2558.5","3010","5"
"P1160070","WIRING HARNESS XL SUPER","General Spare Parts","TVS / Universal","0","773.5","910","5"
"P1160100","INDICATOR ASSEMBLY TSL NEW","General Spare Parts","TVS / Universal","0","425","500","5"
"P1160120","WIRING HARNESS-XL","General Spare Parts","TVS / Universal","0","2601","3060","5"
"P1160130","SWITCH ASY IGNITION","Electrical","TVS / Universal","0","2388.5","2810","5"
"P1180070","COWL FAN ASSY","General Spare Parts","TVS / Universal","0","1266.5","1490","5"
"P1200040","CRPH SCR M6x16 6.8 ZNG","General Spare Parts","TVS / Universal","0","425","500","5"
"P1200050","WAVE SPRING WASHER MS ZNG","General Spare Parts","TVS / Universal","0","425","500","5"
"P1200060","BOLT","General Spare Parts","TVS / Universal","0","102","120","5"
"P1200070","HEX SCREW M6X16 88 ZNG Tsos","General Spare Parts","TVS / Universal","0","425","500","5"
"P1200100","PLAIN WASHER 6.4x18x1.5 ZNG (AIT)","General Spare Parts","TVS / Universal","0","425","500","5"
"P1200130","HEX SCREW MOUNTING (AIT)","General Spare Parts","TVS / Universal","0","425","500","5"
"P1200140","PUNCHED WASHER A5.5 ZNG","General Spare Parts","TVS / Universal","0","425","500","5"
"P1200150","WAVE SPRING WASHERS MS - WEGO","General Spare Parts","TVS / Universal","0","425","500","5"
"P1200170","HEX SCREW MIOx25 8.8 ZNG -XL SUPER","General Spare Parts","TVS / Universal","0","425","500","5"
"P1200180","PUNCHED WASHER All","General Spare Parts","TVS / Universal","0","425","500","5"
"P1200330","NEEDLE CAGE PISTON PIN 12x16x13 RED","Engine","TVS / Universal","0","425","500","5"
"P1200330E","NEEDLE CAGE PISTON PIN 12x16x13 RED","Engine","TVS / Universal","0","425","500","5"
"P1200430","OIL SEAL 16X22X4","Oils & Fluids","TVS / Universal","0","425","500","5"
"P120240","COVER COMP FRAME L","General Spare Parts","TVS / Universal","0","2771","3260","5"
"P1202400A","COVER COMP FRAME+TAPESET L MRED","General Spare Parts","TVS / Universal","0","2533","2980","5"
"P1202400D","COVER COMP FRAME L BLACK + TAPE SET (ALTI","General Spare Parts","TVS / Universal","0","2805","3300","5"
"P1202400DC","COVER COMP FRAME L BLACK+TAPE ST HD (ALTI","General Spare Parts","TVS / Universal","0","2992","3520","5"
"P1202400DE","COVER COMP FRAME L + TAPESET 3","General Spare Parts","TVS / Universal","0","833","980","5"
"P1202400DF","COVER COMP FRAME L + TAPESET 3","General Spare Parts","TVS / Universal","0","2949.5","3470","5"
"P1202402B","CVR COMP FRM L+TAPESET CANDY BLUE (AIT)","General Spare Parts","TVS / Universal","0","2805","3300","5"
"P1202402L","COV COMP FR L BUS GR+TAPE SET","General Spare Parts","TVS / Universal","0","2805","3300","5"
"P1202406G","COVER COMP FRAME+TAPESET L FLAME RE","General Spare Parts","TVS / Universal","0","4173.5","4910","5"
"P1202407L3","COVER FRAME L+TAPESET Moss GRE","General Spare Parts","TVS / Universal","0","3289.5","3870","5"
"P1202407LC","COVER FRAME L+TAPESET Moss GRE","General Spare Parts","TVS / Universal","0","3289.5","3870","5"
"P1202408BE","COVER FRAME LH METBLUE-XLN","General Spare Parts","TVS / Universal","0","2193","2580","5"
"P1202408BF","COVER FRAME L+TAPESET M BLUE","General Spare Parts","TVS / Universal","0","3289.5","3870","5"
"P1202497L","COVER COMP FRAME L Moss GREEN","General Spare Parts","TVS / Universal","0","1249.5","1470","5"
"P120260","COVER COMP FRAME R","General Spare Parts","TVS / Universal","0","2771","3260","5"
"P1202600A","COVER COMP FRAME R MBLRED+TAPE SET","General Spare Parts","TVS / Universal","0","2805","3300","5"
"P1202600D","COVER COMP FRAME R + TAPE SET (AIT)","General Spare Parts","TVS / Universal","0","595","700","5"
"P1202600DE","COVER COMP FRAME R + TAPESET a","General Spare Parts","TVS / Universal","0","3289.5","3870","5"
"P1202600DF","COVER COMP FRAME R + TAPESET a 1,","General Spare Parts","TVS / Universal","0","586.5","690","5"
"P1202602B","COVER COMP FRAME R+TAPESET CANDYBLU (A","General Spare Parts","TVS / Universal","0","612","720","5"
"P1202602L","COVER COMP FR R BUS GR + TAPE SET","General Spare Parts","TVS / Universal","0","2805","3300","5"
"P1202607LA","COVER COMP FRAME R+TAPESET Moss GRN (ALTI","General Spare Parts","TVS / Universal","0","2992","3520","5"
"P1202607L3","COVER FRAME R+TAPESET Moss GRE","General Spare Parts","TVS / Universal","0","2235.5","2630","5"
"P1202607LC","COVER FRAME R +TAPESET Moss GR","General Spare Parts","TVS / Universal","0","3264","3840","5"
"P1202608BE","COVER FRAME RH MET BLUE- XLN","General Spare Parts","TVS / Universal","0","3162","3720","5"
"P12026GOO","COVER COMP FRAME R HG BLACK","General Spare Parts","TVS / Universal","0","2805","3300","5"
"P120270","MAT FLOOR","General Spare Parts","TVS / Universal","0","1547","1820","5"
"P120280","TOOL aox COMP","General Spare Parts","TVS / Universal","0","425","500","5"
"P1202800A","TOOL aox COMP MARBLE RED + TAPE SET","General Spare Parts","TVS / Universal","0","6604.5","7770","5"
"P1202800DC","TOOL aox COMP + BLACK","General Spare Parts","TVS / Universal","0","6944.5","8170","5"
"P1202802B","TOOL aox COMP+TAPESET CANDY BLUE (ALTI","General Spare Parts","TVS / Universal","0","6001","7060","5"
"P1202802L","TOOL aox COMP aus GREEN (SPARE)","General Spare Parts","TVS / Universal","0","6604.5","7770","5"
"P1202806G","TOOL aox COMP FLAME RED + TAPE SET","General Spare Parts","TVS / Universal","0","5023.5","5910","5"
"P1202807LA","TOOL aox COMP+TAPESET Moss GREEN","General Spare Parts","TVS / Universal","0","7896.5","9290","5"
"P1202808BD","TOOL aoX+TAPESET MET BLUE","General Spare Parts","TVS / Universal","0","3468","4080","5"
"P12028GOA","TOOL aox COMP MARBLE RED","General Spare Parts","TVS / Universal","0","5678","6680","5"
"P12028GOO","TOOL aox COMP HG BLACK","General Spare Parts","TVS / Universal","0","2312","2720","5"
"P120310","COVER TOOL aox REAR","General Spare Parts","TVS / Universal","0","1105","1300","5"
"P120320","ID TOOL SOX","General Spare Parts","TVS / Universal","0","1674.5","1970","5"
"P120380","STAND COMP PAINTED (AIT)","General Spare Parts","TVS / Universal","0","2677.5","3150","5"
"P120510","FENDER REAR","General Spare Parts","TVS / Universal","0","2601","3060","5"
"P1205100A","FENDER REAR MARBLE RED (AIT)","General Spare Parts","TVS / Universal","0","3264","3840","5"
"P1205100D","FENDER REAR BLACK","General Spare Parts","TVS / Universal","0","3340.5","3930","5"
"P1205102B","FENDER REAR CANDY BLUE (ALTI","General Spare Parts","TVS / Universal","0","3264","3840","5"
"P1205102H","FENDER REAR AP RED XL 100","General Spare Parts","TVS / Universal","0","4462.5","5250","5"
"P1205102L","FENDER REAR Bus GREEN (SPARE)","General Spare Parts","TVS / Universal","0","3264","3840","5"
"P1205106G","FENDER REAR FLAME RED (ALTI","General Spare Parts","TVS / Universal","0","3298","3880","5"
"P1205107L","FENDER REAR Moss GREEN","General Spare Parts","TVS / Universal","0","3961","4660","5"
"P1205108B","FENDER REAR DEEP MET BLUE","General Spare Parts","TVS / Universal","0","3425.5","4030","5"
"P1205108D","FENDER REAR TITANIUM GREY XLIOO","General Spare Parts","TVS / Universal","0","4573","5380","5"
"P120560","HANDLE COMP PILLION","General Spare Parts","TVS / Universal","0","3918.5","4610","5"
"P121060","PAD FENDER REAR","Brakes","TVS / Universal","0","425","500","5"
"P121120","FRAME COMP (SPARE) (ALTI","General Spare Parts","TVS / Universal","0","19779.5","23270","5"
"P121550","RUBBER FOOTREST","General Spare Parts","TVS / Universal","0","671.5","790","5"
"P121550E","RUBBER FOOTREST","General Spare Parts","TVS / Universal","0","425","500","5"
"P121560","RUBBER FOOTREST RH","General Spare Parts","TVS / Universal","0","671.5","790","5"
"P121560E","RUBBER FOOTREST RH","General Spare Parts","TVS / Universal","0","425","500","5"
"P121630","LICENCE PLATE COMP PAINTED","General Spare Parts","TVS / Universal","0","425","500","5"
"P121660","RETAINER FOOT REST RUBBER","General Spare Parts","TVS / Universal","0","425","500","5"
"P13002G","BASE SEAT","General Spare Parts","TVS / Universal","0","3017.5","3550","5"
"P130050","SEAT COMP","General Spare Parts","TVS / Universal","0","14739","17340","5"
"P13007G","REXIN ASSY","General Spare Parts","TVS / Universal","0","2558.5","3010","5"
"P1320020","DAMPER KIT CLUTCH","General Spare Parts","TVS / Universal","0","425","500","5"
"P1320030","CYLINDER & PISTON KIT (ACT)","Engine","TVS / Universal","0","14807","17420","5"
"P1320040","KICK START KIT (AIT) (AIT)","General Spare Parts","TVS / Universal","0","3893","4580","5"
"P1320050","CLUTCH COVER SCREW KIT XLS/","General Spare Parts","TVS / Universal","0","425","500","5"
"P1320060","HANDLE BAR DAMPER KIT (XL sup","General Spare Parts","TVS / Universal","0","425","500","5"
"P1320070","ENGINE OIL SEAL KIT - XLS/XLD/SPORT","Oils & Fluids","TVS / Universal","0","833","980","5"
"P1320100","TAPE SET HG BLK -XL SUPER UPGRAD E (ALTI","General Spare Parts","TVS / Universal","0","3986.5","4690","5"
"P1320200","FRAME ASSY XL SUPER UPGRADE","General Spare Parts","TVS / Universal","0","27548.5","32410","5"
"P1320210","SWINGARM KIT -XL SUPER & HD","General Spare Parts","TVS / Universal","0","6800","8000","5"
"P1320230","MUFFLER ASSY LE (WITH GUARD) (AIT)","General Spare Parts","TVS / Universal","0","10336","12160","5"
"P1320250","CHAIN & SPROCKET KIT-NEW (ALTI","General Spare Parts","TVS / Universal","0","3629.5","4270","5"
"P1320260","KIT COWL FAN - XL SUPER/HD","General Spare Parts","TVS / Universal","0","1972","2320","5"
"P1320270","KIT CLUTCH BUSH","General Spare Parts","TVS / Universal","0","722.5","850","5"
"P1320280","CYLINDER BLOCK & PISTON KIT","Engine","TVS / Universal","0","13778.5","16210","5"
"P1320350","VALVE CONTROLLER - XL SUPER (ALTI","Engine","TVS / Universal","0","425","500","5"
"P1320360","SPRING CARBURETTOR -XL SUPER","General Spare Parts","TVS / Universal","0","425","500","5"
"P1320380","GASKET CARS","Engine","TVS / Universal","0","425","500","5"
"P1320420","PILOT JET NO.so","General Spare Parts","TVS / Universal","0","357","420","5"
"P1320430","KIT KICKSTARTER NEW (ACT)","General Spare Parts","TVS / Universal","0","3553","4180","5"
"P1320470","FLOAT BODY ASSY XL SUPER","General Spare Parts","TVS / Universal","0","1266.5","1490","5"
"P1320480","JET HOLDER - XL SUPER HO","General Spare Parts","TVS / Universal","0","425","500","5"
"P1320500","CAP THROTTLE","General Spare Parts","TVS / Universal","0","425","500","5"
"P1320530","E RING JET NEEDLE","General Spare Parts","TVS / Universal","0","425","500","5"
"P1320540","JET NEEDLE - XL SUPER HD (ALTI","General Spare Parts","TVS / Universal","0","620.5","730","5"
"P1320550","SPRING IDLE ADJ SCREW","General Spare Parts","TVS / Universal","0","425","500","5"
"P1320560","IDLE ADJUSTER SCREW XL SUPER","General Spare Parts","TVS / Universal","0","425","500","5"
"P1320600","RETAINER Disc","Brakes","TVS / Universal","0","425","500","5"
"P1320640","REFLECTOR HEADLAMP","Engine","TVS / Universal","0","1402.5","1650","5"
"P1320650","RIM HEADLAM","Engine","TVS / Universal","0","1793.5","2110","5"
"P1320660","GASKET HEADLAMP","Engine","TVS / Universal","0","425","500","5"
"P1320670","SHELL HEADLAMP","Engine","TVS / Universal","0","1105","1300","5"
"P1320880","KIT CON ROD XLS ALL - ORANGE GRADE","General Spare Parts","TVS / Universal","0","5389","6340","5"
"P13208GO","BUSH SHOCK ABSORBER SET","General Spare Parts","TVS / Universal","0","425","500","5"
"P1320900","KIT KICKSTARTER SHIM XL SUPER","General Spare Parts","TVS / Universal","0","425","500","5"
"P1320920","KIT PILLION HANDLE REAR","General Spare Parts","TVS / Universal","0","3247","3820","5"
"P1320930","KIT PILLION HANDLE FRONT","General Spare Parts","TVS / Universal","0","425","500","5"
"P1320940","KIT MINOR CARBURETTOR - XL SUPER HO","General Spare Parts","TVS / Universal","0","1156","1360","5"
"P1400100A","TANK COMP FUEL MARBLE RED+TAPE SET","General Spare Parts","TVS / Universal","0","11509","13540","5"
"P1400100D","TANK COMP FUEL BLACK + TAPE SET (ALTI","General Spare Parts","TVS / Universal","0","11509","13540","5"
"P1400100DA","TANK COMP FUEL BLACK + TAPE SET (ALTI","General Spare Parts","TVS / Universal","0","11509","13540","5"
"P1400100D8","TANK COMP FUEL BLACK + TAPE SET (ALTI","General Spare Parts","TVS / Universal","0","10225.5","12030","5"
"P1400100DC","TANK COMP FUEL + TAPESET BLACK","General Spare Parts","TVS / Universal","0","13583","15980","5"
"P1400102B","TANK COMP FUEL + TAPESET CANDY BLUE","General Spare Parts","TVS / Universal","0","11509","13540","5"
"P1400106G","TANK COMP FUEL FLAME RED + TAPE SET","General Spare Parts","TVS / Universal","0","10378.5","12210","5"
"P1400107L","TANK COMP FUEL + TAPESET Moss GREEN (A","General Spare Parts","TVS / Universal","0","11509","13540","5"
"P1400107LA","TANK COMP FUEL + TAPESET Moss","General Spare Parts","TVS / Universal","0","13056","15360","5"
"P1400108B","TANK COMP FUEL +TAPESET DEEP METBLU (A","General Spare Parts","TVS / Universal","0","11509","13540","5"
"P1400108BA","TANK COMP FUEL MET BLu -XLS (ALTI","General Spare Parts","TVS / Universal","0","9239.5","10870","5"
"P1400108BC","TANK COMP FUEL+TAPESET BLUE","General Spare Parts","TVS / Universal","0","13056","15360","5"
"P14001GOA","TANK COMP FUEL MARBLE RED","General Spare Parts","TVS / Universal","0","10183","11980","5"
"P14001GOO","TANK COMP FUEL HG BLACK","General Spare Parts","TVS / Universal","0","10710","12600","5"
"P1400197L","TANK COMP FUEL Moss GREEN","General Spare Parts","TVS / Universal","0","11636.5","13690","5"
"P1400198B","TANK COMP FUEL DEEP MET BLUE","General Spare Parts","TVS / Universal","0","9307.5","10950","5"
"P140080","FUEL COCK ASSY","General Spare Parts","TVS / Universal","0","425","500","5"
"P140100","KNOB FUEL COCK","General Spare Parts","TVS / Universal","0","425","500","5"
"P140230","COVER FUEL TANK","General Spare Parts","TVS / Universal","0","425","500","5"
"P140260","HOSE FUEL LOWER","General Spare Parts","TVS / Universal","0","425","500","5"
"P140320","FUEL TAP ASSLY -M14","General Spare Parts","TVS / Universal","0","1292","1520","5"
"P150020","LEVER ASSY CONTROL R","General Spare Parts","TVS / Universal","0","2873","3380","5"
"P150040","CASE UPPER CONTROL LEVER 'R (ALTI","General Spare Parts","TVS / Universal","0","612","720","5"
"P150100","LEVER ASSY CONTROLL","General Spare Parts","TVS / Universal","0","7182.5","8450","5"
"P150110","HOUSING INSTRUMENT PANE","General Spare Parts","TVS / Universal","0","612","720","5"
"P150120","COVER INSTRUMENT PANEL","General Spare Parts","TVS / Universal","0","425","500","5"
"P150260","DAMPER RUBBER UPPER","General Spare Parts","TVS / Universal","0","425","500","5"
"P150270","DAMPER RUBBER LOWER","General Spare Parts","TVS / Universal","0","425","500","5"
"P150280","SPACER BUSH","General Spare Parts","TVS / Universal","0","425","500","5"
"P150320","GRIP COMP THROTTLE","General Spare Parts","TVS / Universal","0","425","500","5"
"P150330","GRIP LH","General Spare Parts","TVS / Universal","0","425","500","5"
"P150350","BRAKE LEVER L","Brakes","TVS / Universal","0","425","500","5"
"P150380","SPEEDO METER 12 V","General Spare Parts","TVS / Universal","0","4785.5","5630","5"
"P150430","CONTROL LEVER ASSLY RH","General Spare Parts","TVS / Universal","0","1674.5","1970","5"
"P150450","BRAKE LEVER LH -NEW (AIT)","Brakes","TVS / Universal","0","1045.5","1230","5"
"P150510","MIRROR ASSY XL SUPER RH & LH COMMON","General Spare Parts","TVS / Universal","0","425","500","5"
"P160390","WIRING HARENEss","General Spare Parts","TVS / Universal","0","425","500","5"
"P160440","HEAD LAMP ASSY 12V (AIT)","Engine","TVS / Universal","0","4037.5","4750","5"
"P160460","H L BULB 12V 55/35","Electrical","TVS / Universal","0","646","760","5"
"P160470","RELAY ASSY 12 V","General Spare Parts","TVS / Universal","0","2295","2700","5"
"P160480","WIRING HARNESS-HD (AIT)","General Spare Parts","TVS / Universal","0","2626.5","3090","5"
"P160520","COMBINED REGULATOR","General Spare Parts","TVS / Universal","0","4700.5","5530","5"
"P170020","CABLE ASSY BRAKE REAR","Brakes","TVS / Universal","0","1088","1280","5"
"P170050","CABLE ASSY THROTTLE","Electrical","TVS / Universal","0","1428","1680","5"
"P170050S","CABLE ASSY THROTTLE","Electrical","TVS / Universal","0","688.5","810","5"
"P170060","CABLE ASSY STARTER","Electrical","TVS / Universal","0","807.5","950","5"
"P170060S","CABLE ASSY STARTER","Electrical","TVS / Universal","0","357","420","5"
"P170070S","CABLE ASSY BRAKE FRONT","Brakes","TVS / Universal","0","425","500","5"
"P170080","CABLE ASSY SPEEDOMETER","Electrical","TVS / Universal","0","892.5","1050","5"
"P170080S","CABLE ASSY SPEEDOMETER","Electrical","TVS / Universal","0","425","500","5"
"P170120","CABLE ASSY BRAKE FRONT","Brakes","TVS / Universal","0","1054","1240","5"
"P180210","COWL FAN (ALT)","General Spare Parts","TVS / Universal","0","1793.5","2110","5"
"P180340","ENGINE ASSY XLN 70CC","Engine","TVS / Universal","0","98438.5","115810","5"
"P180470","BASE GASKET","Engine","TVS / Universal","0","425","500","5"
"P180520","COVER CARBURETTOR","General Spare Parts","TVS / Universal","0","425","500","5"
"P200030","CIRCLIP 16x1.o N IS:3075 EXT","General Spare Parts","TVS / Universal","0","425","500","5"
"P200070","DOWEL PIN CRANK CASE","Engine","TVS / Universal","0","425","500","5"
"P200100","HEX BOLT M8X1_25X110 8.8 ZNC","General Spare Parts","TVS / Universal","0","425","500","5"
"P200110","OILSEAL 20X47X6 TYPE A","Oils & Fluids","TVS / Universal","0","382.5","450","5"
"P200150","CIRCLIP lixi.o N 193075 EXT","General Spare Parts","TVS / Universal","0","425","500","5"
"P200210","CSK HD SCREW WITH HEX SOCKET M6x25 (AIT)","General Spare Parts","TVS / Universal","0","425","500","5"
"P200260","SCREW","General Spare Parts","TVS / Universal","0","425","500","5"
"P200270","CRPH SCR M6x12 6.8 ZNG (Tsos-o)","General Spare Parts","TVS / Universal","0","425","500","5"
"P200290","SCREW","General Spare Parts","TVS / Universal","0","425","500","5"
"P200310","HEX SCREW M6x12 8.8 ZNG","General Spare Parts","TVS / Universal","0","425","500","5"
"P200480","HEX BOLT MIOx45","General Spare Parts","TVS / Universal","0","425","500","5"
"P200530","HEX NuT MIO 8 ZNS (TSDs-0304)","General Spare Parts","TVS / Universal","0","425","500","5"
"P210040","COVER CONTROL CABLE","Electrical","TVS / Universal","0","425","500","5"
"P210060","TAPE SET","General Spare Parts","TVS / Universal","0","2873","3380","5"
"P210070","LOCK SET","General Spare Parts","TVS / Universal","0","4411.5","5190","5"
"P210500","CUSHION TOOL BOX","General Spare Parts","TVS / Universal","0","425","500","5"
"P210650","CABLE ASSY STRAPPING","Electrical","TVS / Universal","0","425","500","5"
"PSOOOLO","MUD FLAP REAR","General Spare Parts","TVS / Universal","0","399.5","470","5"
"PSOOOSO","MUDFLAP FRONT","General Spare Parts","TVS / Universal","0","663","780","5"
"P3080020","RATCHET NUT KICKSTARTER HD","General Spare Parts","TVS / Universal","0","705.5","830","5"
"P3080040","GEAR COMP KICKSTARTER DRIVEN","General Spare Parts","TVS / Universal","0","1989","2340","5"
"P3090010","SHOCK ABSORBER-HD","General Spare Parts","TVS / Universal","0","5559","6540","5"
"P30900100D","SHOCK ABSORBER-HD BLACK","General Spare Parts","TVS / Universal","0","6800","8000","5"
"P3090210","FOOTREST LH - XL SUPER","General Spare Parts","TVS / Universal","0","1020","1200","5"
"P3090240","FOOTREST RH - XL SUPER","General Spare Parts","TVS / Universal","0","977.5","1150","5"
"P3090250","TORQUE LINK COMP R PAINTED (SPORT)","General Spare Parts","TVS / Universal","0","739.5","870","5"
"P3090270","CHAIN COVER","General Spare Parts","TVS / Universal","0","1912.5","2250","5"
"P30902GO","TORQUE LINK XL SUPER","General Spare Parts","TVS / Universal","0","425","500","5"
"P31000400A","FORK COMP FRONT MARBLE RED (AIT)","General Spare Parts","TVS / Universal","0","6349.5","7470","5"
"P31000400D","FORK COMP FRONT HG BLACK (ALTI","General Spare Parts","TVS / Universal","0","6349.5","7470","5"
"P31000402B","FORK COMP FRONT CANDY BLUE (ALTI","General Spare Parts","TVS / Universal","0","6349.5","7470","5"
"P31000404L","H BRACKET GREEN","General Spare Parts","TVS / Universal","0","425","500","5"
"P3100100","8RKT COMP HEADLAMP MTG","Engine","TVS / Universal","0","2227","2620","5"
"P310180","MANDREL OIL SEAL","Oils & Fluids","TVS / Universal","0","3400","4000","5"
"P310520","CLUTCH PULLER","General Spare Parts","TVS / Universal","0","2507.5","2950","5"
"P310530","Puller Driven Gear","General Spare Parts","TVS / Universal","0","5431.5","6390","5"
"P3110050","SPOKE REAR WHEEL INNER","General Spare Parts","TVS / Universal","0","425","500","5"
"P3110060","SPOKE REAR WHEEL OUTER","General Spare Parts","TVS / Universal","0","425","500","5"
"P3110080","WHEEL RIM WMO -16","General Spare Parts","TVS / Universal","0","4675","5500","5"
"P3110220","WHEEL ASSY REAR (AIT)","General Spare Parts","TVS / Universal","0","36754","43240","5"
"P3110230","AXLE OD 12X244","General Spare Parts","TVS / Universal","0","1232.5","1450","5"
"P311390","CHAIN SPORKET","General Spare Parts","TVS / Universal","0","1929.5","2270","5"
"PAL","20030 CARRIER COMP (ALTI","General Spare Parts","TVS / Universal","0","2601","3060","5"
"P3120160","8RKT TURN SIGNAL LAMP","Electrical","TVS / Universal","0","841.5","990","5"
"P3120180","COVER COMP FRAME","General Spare Parts","TVS / Universal","0","909.5","1070","5"
"P3120340","BAR COMP FOOTREST- PAINTED","General Spare Parts","TVS / Universal","0","2218.5","2610","5"
"P31203GO","FRAME sua ASSY SPARE XL SUPER (ALTI","General Spare Parts","TVS / Universal","0","27472","32320","5"
"P3120470","STAND COMP PAINTED XL SUPER","General Spare Parts","TVS / Universal","0","2431","2860","5"
"P31300GG","FRONT SEAT COVER XL HD","General Spare Parts","TVS / Universal","0","663","780","5"
"P313012G","SEAT COVER REAR XL HD 1,","General Spare Parts","TVS / Universal","0","561","660","5"
"P3130130","SEAT COMP FRONT-HD","General Spare Parts","TVS / Universal","0","7471.5","8790","5"
"P3130240","SEAT LATCH","General Spare Parts","TVS / Universal","0","425","500","5"
"P3150010","CONTROL LEVER ASSLY - LH (ALTI","General Spare Parts","TVS / Universal","0","5678","6680","5"
"P3200010","CRPH SCR M6x12 6.8 ZNK","General Spare Parts","TVS / Universal","0","425","500","5"
"P320050","SCREW SPRING WASHER","General Spare Parts","TVS / Universal","0","425","500","5"
"P320060","MIXTURE CONTROLLER","General Spare Parts","TVS / Universal","0","425","500","5"
"P320070","SPRING","General Spare Parts","TVS / Universal","0","425","500","5"
"P320080","WASHER","General Spare Parts","TVS / Universal","0","425","500","5"
"P320100","HOUSING","General Spare Parts","TVS / Universal","0","425","500","5"
"P320110","SPRING","General Spare Parts","TVS / Universal","0","425","500","5"
"P320120","VALVE SPINDLE","Engine","TVS / Universal","0","425","500","5"
"P320130","SEALING RING DIA24X18","General Spare Parts","TVS / Universal","0","425","500","5"
"P320140","ADAPTOR DIA 24XDlA","General Spare Parts","TVS / Universal","0","15.3","18","5"
"P320150","SPRAY NOZZLE","General Spare Parts","TVS / Universal","0","425","500","5"
"P320160","AUTOMIZER","General Spare Parts","TVS / Universal","0","425","500","5"
"P320190","FLOAT CHAMBER","General Spare Parts","TVS / Universal","0","595","700","5"
"P320210","SPRING","General Spare Parts","TVS / Universal","0","425","500","5"
"P320220","VALVE CONTROLLER","Engine","TVS / Universal","0","425","500","5"
"P320230","MIXING CHAMBER COVER","General Spare Parts","TVS / Universal","0","731","860","5"
"P320240","GASKET","Engine","TVS / Universal","0","425","500","5"
"P320250","SPRING","General Spare Parts","TVS / Universal","0","425","500","5"
"P320260","SPINDLE CABLE END","Electrical","TVS / Universal","0","425","500","5"
"P320270","THROTTLE VALVE TYPE 30","Engine","TVS / Universal","0","739.5","870","5"
"P320280","CIRCLIP","General Spare Parts","TVS / Universal","0","425","500","5"
"P320290","CONICAL NEEDLE TYPE 2-3","General Spare Parts","TVS / Universal","0","416.5","490","5"
"P320300","GASKET","Engine","TVS / Universal","0","425","500","5"
"P320310","SPINDLE","General Spare Parts","TVS / Universal","0","425","500","5"
"P320320","3,030","General Spare Parts","TVS / Universal","0","425","500","5"
"P320340","RUBBER PIPE","General Spare Parts","TVS / Universal","0","425","500","5"
"P320480","PILOT JET NO.34","General Spare Parts","TVS / Universal","0","425","500","5"
"P320550","LENS R c LAMP (ALTI","Electrical","TVS / Universal","0","1266.5","1490","5"
"P320590","CABLE INNER SPEEDO","Electrical","TVS / Universal","0","425","500","5"
"P320590S","INNER SPEEDOCA8LE - XL","General Spare Parts","TVS / Universal","0","425","500","5"
"P320710","GUIDE 3USH KIT","General Spare Parts","TVS / Universal","0","425","500","5"
"P320720","CHAIN SPROCKET KIT - QD","General Spare Parts","TVS / Universal","0","6375","7500","5"
"P320720L","CHAIN SPROCKET KIT - QD","General Spare Parts","TVS / Universal","0","1759.5","2070","5"
"P320740","GASKET SET COMP","Engine","TVS / Universal","0","425","500","5"
"P320880","PISTON RING I O/S (46 DIA)","Engine","TVS / Universal","0","2133.5","2510","5"
"P320900","PISTON RING DIA 46.5 II 01S","Engine","TVS / Universal","0","1827.5","2150","5"
"P320980","PISTON KIT STD DIA 46","Engine","TVS / Universal","0","4165","4900","5"
"P3210010","LOCK SET ASSY-HD","General Spare Parts","TVS / Universal","0","425","500","5"
"P3210160","LOCK SET XL HD UPGO","General Spare Parts","TVS / Universal","0","6375","7500","5"
"P321020","PISTON KIT I O/S DIA 46_25","Engine","TVS / Universal","0","6740.5","7930","5"
"P3210210","LOCK SET","General Spare Parts","TVS / Universal","0","7837","9220","5"
"P3210250","TAPE SET NEW - XL SUPER HD","General Spare Parts","TVS / Universal","0","2762.5","3250","5"
"P321040","PISTON KIT II O/S DIA 46.50","Engine","TVS / Universal","0","2295","2700","5"
"P321250","Hua REAR WHEEL (OLD) KIT","General Spare Parts","TVS / Universal","0","18581","21860","5"
"P321260","REAR WHEEL BEARING KIT (OLD) -2","General Spare Parts","TVS / Universal","0","2601","3060","5"
"P321270","FRONT SUSPENSION KIT","General Spare Parts","TVS / Universal","0","3689","4340","5"
"P321280","CRANK SHAFT KIT-XL SUPER HD & SPORT","Engine","TVS / Universal","0","16915","19900","5"
"P321300","STEERING CONEKIT-XL CHMP XLN HO SPT","General Spare Parts","TVS / Universal","0","3765.5","4430","5"
"P321310","CARBURETTOR BUSH KIT-XL SUPER&SPORT","General Spare Parts","TVS / Universal","0","425","500","5"
"P321320","ADJUSTMENT KIT - CARBURETTOR","General Spare Parts","TVS / Universal","0","416.5","490","5"
"P321330","MINOR KIT - CARBURETTOR","General Spare Parts","TVS / Universal","0","620.5","730","5"
"P321340","MAJOR KIT - CARBURETTOR","General Spare Parts","TVS / Universal","0","2907","3420","5"
"P321350","FLOAT KIT - CARBURETTOR","General Spare Parts","TVS / Universal","0","2609.5","3070","5"
"P321360","THROTTLE VALVE - KIT","Engine","TVS / Universal","0","425","500","5"
"P321370","DECARB GASKET -","Engine","TVS / Universal","0","425","500","5"
"P321380","GASKET - KIT","Engine","TVS / Universal","0","773.5","910","5"
"P321390","CHAIN & SPROCKET KIT - XL SUPER","General Spare Parts","TVS / Universal","0","2448","2880","5"
"P321390L","CHAIN & SPROCKET KIT -XL SUPER","General Spare Parts","TVS / Universal","0","2295","2700","5"
"P321398","CHAIN SPORKET KIT","General Spare Parts","TVS / Universal","0","1929.5","2270","5"
"P321410","SPOKES & NIPPLE KIT","General Spare Parts","TVS / Universal","0","3629.5","4270","5"
"P321430","KIT GEAR KS IDLER & DRIVEN (ALTI","General Spare Parts","TVS / Universal","0","13744.5","16170","5"
"P321440","KIT GEAR KS IDLER & DRIVEN","General Spare Parts","TVS / Universal","0","4836.5","5690","5"
"P3300500","PLATFORM KIT","General Spare Parts","TVS / Universal","0","2227","2620","5"
"P3320020","FORK LEG ASSY R SIL GREY W/0 01","General Spare Parts","TVS / Universal","0","10659","12540","5"
"P3320030","FORK LEG ASSY L SIL GREY W/O OIL","Oils & Fluids","TVS / Universal","0","9256.5","10890","5"
"P3320040","FR FORK SUSPENSION SILGRY W/O OIL","Oils & Fluids","TVS / Universal","0","27174.5","31970","5"
"P3320060","FRONT SUSPENSION KIT (HYE) W/O","General Spare Parts","TVS / Universal","0","1802","2120","5"
"P3320070","SPOKES & NIPPLE KIT INNER-REAR","General Spare Parts","TVS / Universal","0","1496","1760","5"
"P3320080","SPOKES & NIPPLE KIT OUTER-REAR","General Spare Parts","TVS / Universal","0","425","500","5"
"P3320120","REAR AXLE KIT - MAX","General Spare Parts","TVS / Universal","0","1402.5","1650","5"
"P3320160","KIT ENGINE BREATHER -XL SUPER","Engine","TVS / Universal","0","425","500","5"
"P3320570","KIT KICKSTARTER XL SUPER NEW 8 T","General Spare Parts","TVS / Universal","0","1980.5","2330","5"
"PSOSOOGO","PIPE COMP EXHAUST-CAT (AIT)","General Spare Parts","TVS / Universal","0","4394.5","5170","5"
"P50502GO","GUARD EXHAUST-CAT","General Spare Parts","TVS / Universal","0","1479","1740","5"
"P5050300","GASKET EXHAUST CAT","Engine","TVS / Universal","0","425","500","5"
"P50504GO","MUFFLER COMP-CAT (ACT)","General Spare Parts","TVS / Universal","0","8950.5","10530","5"
"P5050540","PIPE COMP BAFFLE PAINTED","General Spare Parts","TVS / Universal","0","671.5","790","5"
"P5050560","PIPE COMP EXHAUST-CAT","General Spare Parts","TVS / Universal","0","4275.5","5030","5"
"P50506GO","PIPE COMP EXHAUST WITH HOT TUB (A","General Spare Parts","TVS / Universal","0","12937","15220","5"
"P5050740","MUFFLER COMP LE CXLN","General Spare Parts","TVS / Universal","0","9435","11100","5"
"P6010020","Cylinder Head -XL 100","Engine","TVS / Universal","0","23919","28140","5"
"P6010040","cylinder Block -XL 100cc 0162 (ACT)","Engine","TVS / Universal","0","5729","6740","5"
"P6010050","PACKING SEAL, COVER CYLINDER","Engine","TVS / Universal","0","2703","3180","5"
"P6010060","STOPPER CAMSHAFT","Brakes","TVS / Universal","0","425","500","5"
"P6010070","GUIDE CAMCHAIN PLAS","Brakes","TVS / Universal","0","425","500","5"
"P6010080","TENSIONER CAMCHAIN PLAS","Brakes","TVS / Universal","0","1037","1220","5"
"P6010100","CAMSHAFT COMP (AIT)","Brakes","TVS / Universal","0","9902.5","11650","5"
"P6010110","CYLINDER HEAD ASSY","Engine","TVS / Universal","0","25585","30100","5"
"P6010120","GASKET CYL HEAD","Engine","TVS / Universal","0","2567","3020","5"
"P6010130","GASKET CYLINDER","Engine","TVS / Universal","0","425","500","5"
"P6010150","CHAIN CAMSHAFT","Brakes","TVS / Universal","0","1479","1740","5"
"P6010160","GASKET TENSIONER ADJ","Engine","TVS / Universal","0","425","500","5"
"P6010180","COVER CYL HD COMP","General Spare Parts","TVS / Universal","0","1963.5","2310","5"
"P6010210","VALVE INTAKE XL 100 (ALTI","Engine","TVS / Universal","0","425","500","5"
"P6010220","VALVE EXHAUST 500 (AIT)","Engine","TVS / Universal","0","1793.5","2110","5"
"P6020040","CRANKSHAFT ASSY","Engine","TVS / Universal","0","21165","24900","5"
"P6030030","CRANKCASE ASSY KIT LH (ALTI","Engine","TVS / Universal","0","21420","25200","5"
"P6030060","GASKET CRANKCASE","Engine","TVS / Universal","0","612","720","5"
"P6030070","GASKET CLUTCH COVER","Engine","TVS / Universal","0","399.5","470","5"
"P60300GO","COVER CLUTCH (AIT)","General Spare Parts","TVS / Universal","0","8321.5","9790","5"
"P6030150","CRANKCASE ASSY KIT RH","Engine","TVS / Universal","0","16031","18860","5"
"P6030170","COVER CLUTCH","General Spare Parts","TVS / Universal","0","6715","7900","5"
"P6040020","PIPE INTAKE COMP","General Spare Parts","TVS / Universal","0","425","500","5"
"P6040030","CARBURETTOR","General Spare Parts","TVS / Universal","0","18105","21300","5"
"P6040040","GASKET PIPE INTAKE","Engine","TVS / Universal","0","425","500","5"
"P6040050","AIR CLEANER ASSY","Filters","TVS / Universal","0","4785.5","5630","5"
"P6040060","COVER AIR CLEANER","Filters","TVS / Universal","0","1062.5","1250","5"
"P6040070","FILTER HOLDER","Filters","TVS / Universal","0","1385.5","1630","5"
"P6040080","CASE AIR CLEANER COMP","Filters","TVS / Universal","0","1283.5","1510","5"
"P60400GO","SEAL AIR CLEANER","Filters","TVS / Universal","0","425","500","5"
"P6040100","TUBE OUTLET","General Spare Parts","TVS / Universal","0","867","1020","5"
"P6040110","DRAIN PIPE","General Spare Parts","TVS / Universal","0","425","500","5"
"P6040140","PIPE corviæ SAI XLIOO","General Spare Parts","TVS / Universal","0","722.5","850","5"
"P6040150","TUBE INLET","General Spare Parts","TVS / Universal","0","425","500","5"
"P6040160","HOSE BREATHER PCV","General Spare Parts","TVS / Universal","0","1079.5","1270","5"
"P6040170","8RKT AIR FILTER SAI","Filters","TVS / Universal","0","425","500","5"
"P6040180","HOSE AIR INLET","General Spare Parts","TVS / Universal","0","425","500","5"
"P60401GO","HOSE SAI INLET","General Spare Parts","TVS / Universal","0","425","500","5"
"P6050020","MUFFLER SUB ASSY","General Spare Parts","TVS / Universal","0","35283.5","41510","5"
"P6050030","MUFFLER COMP","General Spare Parts","TVS / Universal","0","28143.5","33110","5"
"P6060010","MAGNETO ASSY KS","General Spare Parts","TVS / Universal","0","15283","17980","5"
"P6060020","COMBINED IDI & IGNITION col","General Spare Parts","TVS / Universal","0","9766.5","11490","5"
"P6060030","REGULATOR cuM RECTIFIER","General Spare Parts","TVS / Universal","0","3400","4000","5"
"P6060100","OXYGEN SENSOR","Electrical","TVS / Universal","0","9545.5","11230","5"
"P6070010","SPACER CLUTCH","General Spare Parts","TVS / Universal","0","654.5","770","5"
"P6080010","COVER ENGINE SPROCKET","Engine","TVS / Universal","0","425","500","5"
"P6080020","SHAFT PRIMARY DRIVEN","General Spare Parts","TVS / Universal","0","5890.5","6930","5"
"P6080050","LEVER KICKSTARTER ASSY","General Spare Parts","TVS / Universal","0","5975.5","7030","5"
"P60800GO","SPROCKET ENGINE","Engine","TVS / Universal","0","425","500","5"
"P608011G","SHAFT KICKSTARTER","General Spare Parts","TVS / Universal","0","2881.5","3390","5"
"P6080130","SPRING KICKSTARTER RATCHET","General Spare Parts","TVS / Universal","0","425","500","5"
"P6080150","GEAR KS IDLE","General Spare Parts","TVS / Universal","0","7233.5","8510","5"
"P6080220","OIL FILTER (ALTI","Oils & Fluids","TVS / Universal","0","620.5","730","5"
"P6080240","COVER KICKSTARTER","General Spare Parts","TVS / Universal","0","425","500","5"
"P6080250","GEAR KICKSTARTER DRIVE","General Spare Parts","TVS / Universal","0","3689","4340","5"
"P6080260","IFTER RATCHET","General Spare Parts","TVS / Universal","0","595","700","5"
"P60802GO","BUFFER CHAIN","General Spare Parts","TVS / Universal","0","654.5","770","5"
"P6080310","COVER ENGINE SPROCKET 1","Engine","TVS / Universal","0","773.5","910","5"
"P6090020","SWINGARM COMP EXP","General Spare Parts","TVS / Universal","0","2558.5","3010","5"
"P6100030","GUIDE CABLE","Electrical","TVS / Universal","0","425","500","5"
"P61000GO","FORK TUBE COMP UPPER","General Spare Parts","TVS / Universal","0","3663.5","4310","5"
"P6100100","SPRING FR FORK","General Spare Parts","TVS / Universal","0","425","500","5"
"P6100120","DUST BELLOW","General Spare Parts","TVS / Universal","0","790.5","930","5"
"P6110010","CAM BRAKE","Brakes","TVS / Universal","0","697","820","5"
"P6110160","CHAIN ASSY 104","General Spare Parts","TVS / Universal","0","4148","4880","5"
"P6110170","SPROCKET RR WHEEL 42 52 68","General Spare Parts","TVS / Universal","0","2601","3060","5"
"P6110220","BRAKE PANEL MC FRONT","Brakes","TVS / Universal","0","3391.5","3990","5"
"P6110240","LEVER CAM BRAKE","Brakes","TVS / Universal","0","816","960","5"
"P6110300","BRAKE SHOE SET","Brakes","TVS / Universal","0","1283.5","1510","5"
"P6110370","SPROCKET RR WHEEL 46 52 68 NO","General Spare Parts","TVS / Universal","0","1377","1620","5"
"P61103GO","CHAIN ASSY 106","General Spare Parts","TVS / Universal","0","3867.5","4550","5"
"P6110410","SPOKE INNER","General Spare Parts","TVS / Universal","0","425","500","5"
"P6110420","SPOKE OUTER","General Spare Parts","TVS / Universal","0","425","500","5"
"P6110460","WHEEL RIM 16 150","General Spare Parts","TVS / Universal","0","4063","4780","5"
"P6120110","FRAME COMP - XL 100 (ALTI","General Spare Parts","TVS / Universal","0","28398.5","33410","5"
"P6120170","CENTER STAND COMP","General Spare Parts","TVS / Universal","0","2125","2500","5"
"P6120340","TCI MTG","General Spare Parts","TVS / Universal","0","425","500","5"
"P6120350","CARRIER COMP MODIFIED XL SUPER","General Spare Parts","TVS / Universal","0","10276.5","12090","5"
"P6120710","PROP STAND COMP","General Spare Parts","TVS / Universal","0","620.5","730","5"
"P6120800","STAY FOOTREST COMP-XLIOO","General Spare Parts","TVS / Universal","0","425","500","5"
"P6120810","RIDER FOOTREST SUB ASSY FR","General Spare Parts","TVS / Universal","0","6383.5","7510","5"
"P6130020","SEAT COMP FRONT","General Spare Parts","TVS / Universal","0","6460","7600","5"
"P6130040","SEAT FOAM FRONT","General Spare Parts","TVS / Universal","0","425","500","5"
"P6130050","COVER COMP SEAT FRONT","General Spare Parts","TVS / Universal","0","722.5","850","5"
"P6130060","SEAT COMP REAR","General Spare Parts","TVS / Universal","0","6222","7320","5"
"P6130080","SEAT FOAM REAR","General Spare Parts","TVS / Universal","0","1504.5","1770","5"
"P6130090","COVER COMP SEAT REAR","General Spare Parts","TVS / Universal","0","1929.5","2270","5"
"P6130100","BOLT PLATE COMP","General Spare Parts","TVS / Universal","0","425","500","5"
"P61400200D","FUEL TANK COMP+TAPESET BLACK XL 100","General Spare Parts","TVS / Universal","0","14798.5","17410","5"
"P61400200DA","FUEL TANK COMP+TAPESET BLACK HD","General Spare Parts","TVS / Universal","0","7072","8320","5"
"P61400202H","FUEL TANK COMP + TAPESET AP RED (ALTI","General Spare Parts","TVS / Universal","0","4564.5","5370","5"
"P61400202HA","FUEL TANK COMP+TAPESET AZ HD","General Spare Parts","TVS / Universal","0","13897.5","16350","5"
"P61400207L","FUEL TANK COMP+TAPESET Moss GREEN","General Spare Parts","TVS / Universal","0","14365","16900","5"
"P61400207LA","FUEL TANK COMP+TAPESET Moss GREEN","General Spare Parts","TVS / Universal","0","6825.5","8030","5"
"P61400208B","FUEL TANK COMP+TAPESET DP MET BLUE (ALTI","General Spare Parts","TVS / Universal","0","5440","6400","5"
"P61400208BA","FUEL TANK COMP+TAPESET DP MET BLUE","General Spare Parts","TVS / Universal","0","6553.5","7710","5"
"P61400208D","FUEL TANK COMP+TAPSETTITANIUM GREY (ALTI","General Spare Parts","TVS / Universal","0","4513.5","5310","5"
"P61400208DA","FUEL TANK COMP+TAPESET TANIUM GREY HO","General Spare Parts","TVS / Universal","0","15920.5","18730","5"
"P6140080","FUEL COCK ASSY","General Spare Parts","TVS / Universal","0","2592.5","3050","5"
"P6140230","800T CANISTER","General Spare Parts","TVS / Universal","0","425","500","5"
"P6140310","HOSE PURGE VALVE","Engine","TVS / Universal","0","425","500","5"
"P6150030","CONTROL LEVER ASSY L","General Spare Parts","TVS / Universal","0","3315","3900","5"
"P6150040","CONTROL LEVER ASSY R","General Spare Parts","TVS / Universal","0","1955","2300","5"
"P6150050","BRAKE LEVER LH","Brakes","TVS / Universal","0","773.5","910","5"
"P6150060","BRAKE LEVER RH","Brakes","TVS / Universal","0","816","960","5"
"P61501GO","CONTROL LEVER ASSY LH","General Spare Parts","TVS / Universal","0","5236","6160","5"
"P6160010","WIRING HARNESS KS","General Spare Parts","TVS / Universal","0","3672","4320","5"
"P6160040","AC FLASHER UNIT","General Spare Parts","TVS / Universal","0","1785","2100","5"
"P6160110","WIRING HARNESS KS 1","General Spare Parts","TVS / Universal","0","3264","3840","5"
"P6160130","DRL CONTROL UNIT","General Spare Parts","TVS / Universal","0","1700","2000","5"
"P6160150","WIRING HARNESS KS 2","General Spare Parts","TVS / Universal","0","3068.5","3610","5"
"P6170010","CABLE THROTTLE DRUM ASSY","Electrical","TVS / Universal","0","1309","1540","5"
"P6170020","CABLE ASSY CHOKE","Electrical","TVS / Universal","0","425","500","5"
"P6170030","CABLE ASSY BRAKE REAR","Brakes","TVS / Universal","0","1708.5","2010","5"
"P6170050","CABLE ASSY BRAKE FRONT","Brakes","TVS / Universal","0","2244","2640","5"
"P6170070","CLIP CABLE","Electrical","TVS / Universal","0","425","500","5"
"P6180050","FAN, ENGINE COOLING","Engine","TVS / Universal","0","867","1020","5"
"P6180060","COWL BOTTOM","General Spare Parts","TVS / Universal","0","1989","2340","5"
"P6180070","COVER FAN","General Spare Parts","TVS / Universal","0","425","500","5"
"P6180080","DEFLECTOR","General Spare Parts","TVS / Universal","0","425","500","5"
"P6210030","TOOL KIT","General Spare Parts","TVS / Universal","0","1360","1600","5"
"P62201100D","COVER FRAME COMP L+TAPESET BLACK","General Spare Parts","TVS / Universal","0","3697.5","4350","5"
"P62201100DF","COVER FRAME COMP L+TAPESET BLACK","General Spare Parts","TVS / Universal","0","1904","2240","5"
"P62201102H","COVER FRAME COMP L + TAPESET AP RED","General Spare Parts","TVS / Universal","0","3782.5","4450","5"
"P62201107L","CVR FRAME COMP L+TAPSET Moss GREEN","General Spare Parts","TVS / Universal","0","3918.5","4610","5"
"P62201107LD","COVER FRAME COMP L + TAPESET MO GRN","General Spare Parts","TVS / Universal","0","1938","2280","5"
"P62201108B","CVR FRAME COMP L+TAPSET DP MET BLUE","General Spare Parts","TVS / Universal","0","3782.5","4450","5"
"P62201108BD","COVER FRAME COMP L+TAPESET DP M BLU","General Spare Parts","TVS / Universal","0","1929.5","2270","5"
"P62201108D","CVR FRAME COM L+TPSET TITANIUM GREY","General Spare Parts","TVS / Universal","0","1394","1640","5"
"P62201200D","CVR FRAME COMP R BLACK+TAPSET BLACK","General Spare Parts","TVS / Universal","0","3876","4560","5"
"P62201200DF","COVER FRAME COMP R+TAPESET BLACK","General Spare Parts","TVS / Universal","0","1921","2260","5"
"P62201202H","COVER FRAME COMP R + TAPESET AP RED","General Spare Parts","TVS / Universal","0","1589.5","1870","5"
"P62201207L","CVR FRAME COMP R+TAPSET Moss GREEN","General Spare Parts","TVS / Universal","0","2779.5","3270","5"
"P62201207LD","COVER FRAME COMP R + TAPESET Moss G","General Spare Parts","TVS / Universal","0","1938","2280","5"
"P62201208B","CVR FRAME COMP R+TAPSET DP MET BLUE","General Spare Parts","TVS / Universal","0","3782.5","4450","5"
"P62201208BD","COVER FRAME COMP R+TAPESET DP M SLU","General Spare Parts","TVS / Universal","0","1946.5","2290","5"
"P62201208D","CVR FRAM COM R+TAPSET TITANIUM GREY","General Spare Parts","TVS / Universal","0","3689","4340","5"
"P6220140","FLOOR BOARD","General Spare Parts","TVS / Universal","0","756.5","890","5"
"P62201500D","TOOL aox COMP+TAPESET BLACK (ALTI","General Spare Parts","TVS / Universal","0","425","500","5"
"P62201502H","TOOL aox COMP+TAPESET AP RED (ALTI","General Spare Parts","TVS / Universal","0","7488.5","8810","5"
"P62201507L","TOOL aox COMP+TAPESET Moss GREEN","General Spare Parts","TVS / Universal","0","2439.5","2870","5"
"P62201508B","TOOL aox COMP+TAPESET DP MET BLUE","General Spare Parts","TVS / Universal","0","2473.5","2910","5"
"P62201508D","TOOL aox COMP+TAPESETTITANIUM GR","General Spare Parts","TVS / Universal","0","2414","2840","5"
"P6220180","COVER TOOL aox CTR REAR","General Spare Parts","TVS / Universal","0","867","1020","5"
"P62201GO","ID TOOL SOX","General Spare Parts","TVS / Universal","0","1963.5","2310","5"
"P6220200","COVER FUEL TANK","General Spare Parts","TVS / Universal","0","425","500","5"
"P6220210","SAREE GUARD COMP L 1,","General Spare Parts","TVS / Universal","0","586.5","690","5"
"P6220260","GUARD EXHAUST","General Spare Parts","TVS / Universal","0","2278","2680","5"
"P6220500","MUDFLAP REAR","General Spare Parts","TVS / Universal","0","425","500","5"
"P6220520","TAIL ASSY","General Spare Parts","TVS / Universal","0","1581","1860","5"
"P6220620","TAPESET 4S 3LK/GRN/TGRY/aLU","General Spare Parts","TVS / Universal","0","3714.5","4370","5"
"P6220630","TAPESET 4S FLAME RED 1,","General Spare Parts","TVS / Universal","0","586.5","690","5"
"P62206GO","DAY TIME RUNNING LAMP","Electrical","TVS / Universal","0","4768.5","5610","5"
"P6220700","STAY HEADLAMP COMP 1","Engine","TVS / Universal","0","1317.5","1550","5"
"P6220930","TAPESET COV FRAME L","General Spare Parts","TVS / Universal","0","425","500","5"
"P6220940","TAPESET COV FRAME R","General Spare Parts","TVS / Universal","0","425","500","5"
"P6220950","TAPESET TOOLBOX L","General Spare Parts","TVS / Universal","0","425","500","5"
"P6220960","TAPESET TOOLBOX R","General Spare Parts","TVS / Universal","0","425","500","5"
"P6220970","TAPESET FUEL TANK L","General Spare Parts","TVS / Universal","0","425","500","5"
"P6220980","TAPESET FUEL TANK R","General Spare Parts","TVS / Universal","0","425","500","5"
"P62209GO","TAPESET FUEL TANK BOT L","General Spare Parts","TVS / Universal","0","425","500","5"
"P6221000","TAPESET FUEL TANK BOT R","General Spare Parts","TVS / Universal","0","425","500","5"
"P6300010","CRAUSH GUARD COMP XL 100","General Spare Parts","TVS / Universal","0","3238.5","3810","5"
"P6300020","HOLDER","General Spare Parts","TVS / Universal","0","425","500","5"
"P6300680","FLOOR MAT XL 100","General Spare Parts","TVS / Universal","0","1266.5","1490","5"
"P6310020","MANDREL FOR OILSEALC/s","Oils & Fluids","TVS / Universal","0","2176","2560","5"
"P6320050","STATOR ASSY","Electrical","TVS / Universal","0","9129","10740","5"
"P6320060","ROTOR ASSY 4S","General Spare Parts","TVS / Universal","0","425","500","5"
"P6320070","KIT PISTON CHROME PLATED I O/S","Engine","TVS / Universal","0","4615.5","5430","5"
"P6320080","KIT PISTON CHROME PLATED II O/S","Engine","TVS / Universal","0","4615.5","5430","5"
"P6320100","KIT PROP STAND","General Spare Parts","TVS / Universal","0","722.5","850","5"
"P6320110","KIT CYLINDER BLOCK PISTON XL 100 (ALTI","Engine","TVS / Universal","0","18275","21500","5"
"P6320120","KIT OILSEAL 2 ,","Oils & Fluids","TVS / Universal","0","408","480","5"
"P6320130","KIT MAJOR GASKET ENGINE","Engine","TVS / Universal","0","4530.5","5330","5"
"P6320140","KIT CHAIN & SPROCKET 110 DIA BRAKE","Brakes","TVS / Universal","0","6885","8100","5"
"P6320150","KIT MINOR GASKET","Engine","TVS / Universal","0","2992","3520","5"
"P6320160","KIT ENGINE VALVE (ALTI","Engine","TVS / Universal","0","3366","3960","5"
"P6320170","KIT CONNECTING ROD","General Spare Parts","TVS / Universal","0","2720","3200","5"
"P6320180","KIT KICKSTARTER","General Spare Parts","TVS / Universal","0","5482.5","6450","5"
"P63201GO","KIT PIPE INTAKE","General Spare Parts","TVS / Universal","0","425","500","5"
"P6320220","JET NEEDLE","General Spare Parts","TVS / Universal","0","824.5","970","5"
"P6320230","MAIN JET SPACO","General Spare Parts","TVS / Universal","0","425","500","5"
"P6320260","NEEDLE JET","General Spare Parts","TVS / Universal","0","425","500","5"
"P6320270","PILOT JET SPACO","General Spare Parts","TVS / Universal","0","425","500","5"
"P6320280","JET HOLDER","General Spare Parts","TVS / Universal","0","867","1020","5"
"P63202GO","SPRING","General Spare Parts","TVS / Universal","0","425","500","5"
"P6320300","WASHER JET NEEDLE","General Spare Parts","TVS / Universal","0","425","500","5"
"P6320310","FLOAT BODY ASSY","General Spare Parts","TVS / Universal","0","1564","1840","5"
"P6320320","FLOAT NEEDLE","General Spare Parts","TVS / Universal","0","697","820","5"
"P6320330","SPRING THROTTLE STOP","General Spare Parts","TVS / Universal","0","425","500","5"
"P6320350","CARBURETTOR MAJOR","General Spare Parts","TVS / Universal","0","4930","5800","5"
"P6320360","CARBURETTOR MINOR","General Spare Parts","TVS / Universal","0","1691.5","1990","5"
"P6320370","KIT CARBURETTOR FLOAT","General Spare Parts","TVS / Universal","0","977.5","1150","5"
"P6320380","SWINGARM WITH BUSH","General Spare Parts","TVS / Universal","0","8202.5","9650","5"
"P63203GO","VENT HOSE","General Spare Parts","TVS / Universal","0","425","500","5"
"P6320520","FORK LEG SET W/0 01","General Spare Parts","TVS / Universal","0","27965","32900","5"
"P6320640","KIT CHAIN & SPROCKET 110 DIA BRAKE","Brakes","TVS / Universal","0","6290","7400","5"
"P6320670","KIT SPOKE REAR INNER","General Spare Parts","TVS / Universal","0","1997.5","2350","5"
"P6320680","KIT SPOKE REAR OUTER","General Spare Parts","TVS / Universal","0","1997.5","2350","5"
"P7010070","CAMSHAFT COMP","Brakes","TVS / Universal","0","7624.5","8970","5"
"P7030070","CRANKCASE ASSY L","Engine","TVS / Universal","0","18844.5","22170","5"
"P7030100","CRANKCASE ASSY R","Engine","TVS / Universal","0","16923.5","19910","5"
"P7050020","MUFFLER SUB ASSY","General Spare Parts","TVS / Universal","0","29894.5","35170","5"
"P7060010","STARTER GENERATOR","General Spare Parts","TVS / Universal","0","25389.5","29870","5"
"P7060020","CONTROL UNIT ISG","General Spare Parts","TVS / Universal","0","38454","45240","5"
"P7060030","IGNITION COIL","Oils & Fluids","TVS / Universal","0","3910","4600","5"
"P7080010","OIL FILTER","Oils & Fluids","TVS / Universal","0","425","500","5"
"P7120080","8RKT IGN COIL MTG","Oils & Fluids","TVS / Universal","0","637.5","750","5"
"P7150010","CONTROL LEVER ASSY R","General Spare Parts","TVS / Universal","0","4828","5680","5"
"P7150030","LOCK SET ES","General Spare Parts","TVS / Universal","0","5015","5900","5"
"P71500GO","CONTROL LEVER ASSY L","General Spare Parts","TVS / Universal","0","4114","4840","5"
"P7150140","HANDLE BAR TUBE","General Spare Parts","TVS / Universal","0","3196","3760","5"
"P7160010","WIRING HARNESS","General Spare Parts","TVS / Universal","0","14212","16720","5"
"P7160020","CORD SET BATTERY","Electrical","TVS / Universal","0","4029","4740","5"
"P7160050","IGNITION LOCK","General Spare Parts","TVS / Universal","0","2754","3240","5"
"P7160060","MOBILE CHARGER","General Spare Parts","TVS / Universal","0","2065.5","2430","5"
"P7160070","STR A p","General Spare Parts","TVS / Universal","0","425","500","5"
"P7160090","BATTERY VRLA CHARGED 3","Electrical","TVS / Universal","0","25925","30500","5"
"P7160110","SWITCH ASSY STOP LAMP FRONT","Electrical","TVS / Universal","0","892.5","1050","5"
"P7160140","SWITCH ASSY STOP LAMP REAR","Electrical","TVS / Universal","0","790.5","930","5"
"P7160150","CABLE STRAP","Electrical","TVS / Universal","0","425","500","5"
"P7170040","CABLE GUIDE FR","Electrical","TVS / Universal","0","425","500","5"
"P7180030","FAN- ENGINE COOLING ES","Engine","TVS / Universal","0","807.5","950","5"
"P72200500DA","TOOL aox COMP ES + TAPESET BLACK","General Spare Parts","TVS / Universal","0","3051.5","3590","5"
"P72200507LA","TOOL aox COMP ES + TAPESET Moss GRN","General Spare Parts","TVS / Universal","0","3893","4580","5"
"P72200507LC","TOOL aox COMP + TAPESET Moss GREEN","General Spare Parts","TVS / Universal","0","6528","7680","5"
"P72200508BA","TOOL aox COMP ES+TAPESET DP MAT SLU","General Spare Parts","TVS / Universal","0","9290.5","10930","5"
"P7220060","ID TOOL SOX","General Spare Parts","TVS / Universal","0","425","500","5"
"P7220080","COVER UTILITY SOX","General Spare Parts","TVS / Universal","0","2065.5","2430","5"
"P7220100","COVER TOOL aox CTR REAR 2,","General Spare Parts","TVS / Universal","0","586.5","690","5"
"P7220130","SPEEDOMETER ASSY ES","General Spare Parts","TVS / Universal","0","9707","11420","5"
"P7220140","HOUSING SPEEDOMETER TOP (AIT)","General Spare Parts","TVS / Universal","0","425","500","5"
"P7220150","HOUSING SPEEDOMETER BOTTOM","General Spare Parts","TVS / Universal","0","425","500","5"
"P7220160","ADAPTOR","General Spare Parts","TVS / Universal","0","425","500","5"
"P7220170","CLAMP BATTERY","Electrical","TVS / Universal","0","425","500","5"
"P72201GO","HOUSING HEADLAMP REAR","Engine","TVS / Universal","0","816","960","5"
"P7220200","HEADLAMP ASSY ES","Engine","TVS / Universal","0","5661","6660","5"
"P7220260","LOGO COV FRAME ES itouch","General Spare Parts","TVS / Universal","0","425","500","5"
"P7220480","TAPESET ES","General Spare Parts","TVS / Universal","0","4700.5","5530","5"
"P7320010","STATOR ASSEMBLY","Electrical","TVS / Universal","0","17909.5","21070","5"
"P7320020","ROTOR ASSY","General Spare Parts","TVS / Universal","0","6885","8100","5"
"P7320150","STATOR ASSEMBLY","Electrical","TVS / Universal","0","20017.5","23550","5"
"P7320160","ROTOR ASSY ES2","General Spare Parts","TVS / Universal","0","9265","10900","5"
"P7320170","CONTROL UNIT","General Spare Parts","TVS / Universal","0","28050","33000","5"
"P73201GO","HOUSING SPEEDOMETER TOP","General Spare Parts","TVS / Universal","0","969","1140","5"
"P7320260","KIT CYL BLOCK & PISTON XL 100 BS6","Engine","TVS / Universal","0","14739","17340","5"
"R1010700","STUD CYLINDER HEAD WEGO","Engine","TVS / Universal","0","620.5","730","5"
"R1010780CN","GUIDE CAMCHAIN PHOENIX","Brakes","TVS / Universal","0","620.5","730","5"
"R1010790CN","TENSIONER CAMCHAIN","Brakes","TVS / Universal","0","425","500","5"
"R1010800","SPROCKET 34T CAMCHAIN DRIVEN","Brakes","TVS / Universal","0","425","500","5"
"R1010810","BOLT CAM CHAIN TENTIONER - WEGO","Brakes","TVS / Universal","0","425","500","5"
"R1010850","SHAFT ROCKER ARM - WEGO","General Spare Parts","TVS / Universal","0","425","500","5"
"R10109102P","HEAD COMP CYLINDER WEGO/JUPITER","Engine","TVS / Universal","0","15189.5","17870","5"
"R1010930","GASKET CYLINDER","Engine","TVS / Universal","0","425","500","5"
"R1011000","VALVE ROCKER","Engine","TVS / Universal","0","1997.5","2350","5"
"R1011010","CAP INSPECTION HOLE - WEGO","General Spare Parts","TVS / Universal","0","425","500","5"
"R10110105D","CAP INSPECTION HOLE MATTE BLACK","General Spare Parts","TVS / Universal","0","425","500","5"
"R10110108D","CAP INSPECTION HOLE TITANIUM GREY 1,","General Spare Parts","TVS / Universal","0","425","500","5"
"R1011040","CYLINDER BLOCK N27","Engine","TVS / Universal","0","17544","20640","5"
"R1011050","GASKET CYLINDER HEAD","Engine","TVS / Universal","0","2023","2380","5"
"R1011180","CHAIN CAMSHAFT","Brakes","TVS / Universal","0","2465","2900","5"
"R1020309","COVER CENTRIFUGAL FILTER","Filters","TVS / Universal","0","425","500","5"
"R1020310","GASKET COVER CENTRIFUGAL FILTE","Engine","TVS / Universal","0","425","500","5"
"R1020320","RING PISTON TOP","Engine","TVS / Universal","0","1742.5","2050","5"
"R1020340","3 PIECE OIL RING","Oils & Fluids","TVS / Universal","0","1292","1520","5"
"R1020430","PIN GEAR OILPUMP DRIVE","Oils & Fluids","TVS / Universal","0","425","500","5"
"R1040460","CLAMP BREATHER HOSE","Electrical","TVS / Universal","0","425","500","5"
"R1040570","GASKET PIPE INTAKE - WEGO","Engine","TVS / Universal","0","425","500","5"
"R1060070","REGULATOR DC","General Spare Parts","TVS / Universal","0","7148.5","8410","5"
"R1060110","CLUTCH STARTER ONE WAY FIERO","General Spare Parts","TVS / Universal","0","12605.5","14830","5"
"R1060200","SEAL HT CORD","General Spare Parts","TVS / Universal","0","425","500","5"
"R1070170","THRUST WASHER PRIMARY DRIVEN","General Spare Parts","TVS / Universal","0","425","500","5"
"R1080150","Soss LOCK ARM SPRING - JIVE","General Spare Parts","TVS / Universal","0","425","500","5"
"R1080190","SHAFT COMP GEARSHIFT","General Spare Parts","TVS / Universal","0","2040","2400","5"
"R1080260","GUIDE COMP CLUTCH RELEASE BAL OUTE","General Spare Parts","TVS / Universal","0","663","780","5"
"R1080290","BALL COMP CLUTCH RELEASE","General Spare Parts","TVS / Universal","0","425","500","5"
"R1080320","SPACER SHIFT SHAFT","General Spare Parts","TVS / Universal","0","425","500","5"
"R1080330","SPRING CLUTCH RELEASE ARM","General Spare Parts","TVS / Universal","0","425","500","5"
"R1080340","SPACER CLUTCH RELEASE","General Spare Parts","TVS / Universal","0","425","500","5"
"R1080370","Soss CLUTCH RELEASEARM","General Spare Parts","TVS / Universal","0","425","500","5"
"R1080390","BOLT CLUTCH RELEASE ADJUST","General Spare Parts","TVS / Universal","0","425","500","5"
"R1080400","O-RING CLUTCH RELEASE ADJUST","General Spare Parts","TVS / Universal","0","425","500","5"
"R1080430","STOPPER SHIFT ARM","General Spare Parts","TVS / Universal","0","382.5","450","5"
"R1080460","SPRING SHIFT SHAFT RETURN","General Spare Parts","TVS / Universal","0","425","500","5"
"R1080470","ARM CLUTCH RELEASE","General Spare Parts","TVS / Universal","0","382.5","450","5"
"R1080500","ROLLER GEARSHIFT CAM","Brakes","TVS / Universal","0","425","500","5"
"R1080510","PIN ARM CLUTCH","General Spare Parts","TVS / Universal","0","425","500","5"
"R1080530","PUMP ASSY OIL-NIOI","Oils & Fluids","TVS / Universal","0","4029","4740","5"
"R1080550","GEAR STARTER IDLE","General Spare Parts","TVS / Universal","0","2533","2980","5"
"R1080680","ARM ASSY CLUTCH RELEASE","General Spare Parts","TVS / Universal","0","1538.5","1810","5"
"R1080710","RETAINER BEARING","General Spare Parts","TVS / Universal","0","425","500","5"
"R1080780","SHIM 12X26X1","General Spare Parts","TVS / Universal","0","425","500","5"
"R1080800","GEAR COMP 1st DRIVEN N 27","General Spare Parts","TVS / Universal","0","2703","3180","5"
"R1080860","SHIM 175 x 30 x 1 N","General Spare Parts","TVS / Universal","0","22.95","27","5"
"R1080900","GAUGE OIL LEVEL","Oils & Fluids","TVS / Universal","0","425","500","5"
"R1080950","PIPE BREATHER","General Spare Parts","TVS / Universal","0","425","500","5"
"R1080990","GEAR COMP STARTER CLUTCH","General Spare Parts","TVS / Universal","0","3077","3620","5"
"R1081120","GEAR 4TH DRIVE","General Spare Parts","TVS / Universal","0","2694.5","3170","5"
"R1081130","GEAR 4TH DRIVEN -6 LUGS","General Spare Parts","TVS / Universal","0","3570","4200","5"
"RLOG0420","SILENT acoc","General Spare Parts","TVS / Universal","0","1028.5","1210","5"
"R1100340","SPRING -2","General Spare Parts","TVS / Universal","0","425","500","5"
"R1100350","PISTON RING","Engine","TVS / Universal","0","425","500","5"
"R1100370","OIL SEAL","Oils & Fluids","TVS / Universal","0","697","820","5"
"R1100380","CIR CLIP - WEGO","General Spare Parts","TVS / Universal","0","425","500","5"
"R1100390","DUST SEAL","General Spare Parts","TVS / Universal","0","654.5","770","5"
"R1100400","SPRING -1","General Spare Parts","TVS / Universal","0","1062.5","1250","5"
"R1100430","GASKET- BIG","Engine","TVS / Universal","0","595","700","5"
"RI110430","DISC FRONT BRAKE","Brakes","TVS / Universal","0","5958.5","7010","5"
"RI110520","TUBE","General Spare Parts","TVS / Universal","0","2711.5","3190","5"
"RI110570","AXLE 12 x 240","General Spare Parts","TVS / Universal","0","1368.5","1610","5"
"RI110580","AXLE","General Spare Parts","TVS / Universal","0","425","500","5"
"RI110930","GEAR SPEEDOMETER-METRO","General Spare Parts","TVS / Universal","0","782","920","5"
"RI110940","PINION SPEEDOMETER-METRO","General Spare Parts","TVS / Universal","0","654.5","770","5"
"R1122340","CUSHION ZEST","General Spare Parts","TVS / Universal","0","425","500","5"
"RIIS0090","BOTTOM PLATE COMP - SEAT ZEST","General Spare Parts","TVS / Universal","0","425","500","5"
"RIISOIOO","HINGE COMP- SEAT","General Spare Parts","TVS / Universal","0","425","500","5"
"RIIS0110","HEX SCREW MS SPL ZEST","General Spare Parts","TVS / Universal","0","416.5","490","5"
"R1140340","HOSE CLIP DIA IOMM","General Spare Parts","TVS / Universal","0","425","500","5"
"R1140410","FUEL FILTER - JUPITER","Filters","TVS / Universal","0","425","500","5"
"R1140440","HOSE CLIP DIA 13MM","General Spare Parts","TVS / Universal","0","425","500","5"
"R1140460","CUP WASHER MS","General Spare Parts","TVS / Universal","0","425","500","5"
"R1150270","DAMPER HANDLE BAR","General Spare Parts","TVS / Universal","0","425","500","5"
"R1150390","MASTER CYLINDER ASSY Disc","Brakes","TVS / Universal","0","11101","13060","5"
"R1150610","ASSY SWITCH STOP LAMP","Electrical","TVS / Universal","0","2465","2900","5"
"R1160190","SWITCH LIGHTING","Electrical","TVS / Universal","0","1088","1280","5"
"R1160200","SWITCH ELECTRIC STARTER","Electrical","TVS / Universal","0","2507.5","2950","5"
"R1160210","SWITCH TURN SIGNAL - JU","Electrical","TVS / Universal","0","833","980","5"
"R1160220","SWITCH BEAM CONTROL","Electrical","TVS / Universal","0","680","800","5"
"R1160230","SWITCH HORN","Electrical","TVS / Universal","0","773.5","910","5"
"R1200030","BALL BEARING 17xssx10c3 6003Z","General Spare Parts","TVS / Universal","0","909.5","1070","5"
"R1200050","DISC SPRING","Brakes","TVS / Universal","0","425","500","5"
"R1200060","HEX NUT M14x1","General Spare Parts","TVS / Universal","0","425","500","5"
"R1200090","NEEDLE BEARING HK2016","General Spare Parts","TVS / Universal","0","1283.5","1510","5"
"R1200120","BALL BEARING 25x62x17 (6305- N)","General Spare Parts","TVS / Universal","0","2057","2420","5"
"R1200130","BALL BEARING 17X40x12 RSI","General Spare Parts","TVS / Universal","0","824.5","970","5"
"R1200160","HEX FL BOLT MIOX1.25X40 - WEGO DISC","Brakes","TVS / Universal","0","425","500","5"
"R1200180","HEX FLANGE M6X60","General Spare Parts","TVS / Universal","0","425","500","5"
"R1200220","SCREW","General Spare Parts","TVS / Universal","0","425","500","5"
"R1200260","CUP WASHER-METRO","General Spare Parts","TVS / Universal","0","425","500","5"
"R1200280","RR PAN HEAD SCREW M4X20","Engine","TVS / Universal","0","425","500","5"
"R1200380","HEX FLANGE BOLT M5X12","General Spare Parts","TVS / Universal","0","425","500","5"
"R1200390","CRR PAN HEAD SCREW M6X16 (ALTI","Engine","TVS / Universal","0","425","500","5"
"R1200450","CRR FLANGE PAN HEAD SCREW -METRO","Engine","TVS / Universal","0","425","500","5"
"R1200480","O-RING","General Spare Parts","TVS / Universal","0","425","500","5"
"R1200490","ORING2g.5X3","General Spare Parts","TVS / Universal","0","425","500","5"
"R1200500","HEX FL BOLT MS X","General Spare Parts","TVS / Universal","0","8.5","10","5"
"R1220350","BRACKET SEAT LOCK","General Spare Parts","TVS / Universal","0","425","500","5"
"R1220590","8RKT COMP LIC PLATE FRONT","General Spare Parts","TVS / Universal","0","357","420","5"
"R1220770","CUSHION HEAD DAMP","Engine","TVS / Universal","0","425","500","5"
"R1300010","SEAT LOCK ASSY","General Spare Parts","TVS / Universal","0","2660.5","3130","5"
"R1310020","Fork Oil Seal Installer","Oils & Fluids","TVS / Universal","0","6987","8220","5"
"R1320240","KIT LEVER","General Spare Parts","TVS / Universal","0","2133.5","2510","5"
"R1320400","PILOT JET - PEP +","General Spare Parts","TVS / Universal","0","425","500","5"
"R1320420","FLOAT ASSEMBLY","General Spare Parts","TVS / Universal","0","2082.5","2450","5"
"R1320500","CAP STARTER - WEGO (ALTI","General Spare Parts","TVS / Universal","0","425","500","5"
"R1320610","CAP THROTTLE","General Spare Parts","TVS / Universal","0","425","500","5"
"R1321190","O RING","General Spare Parts","TVS / Universal","0","425","500","5"
"R1321200","CAP ADJUSTER TENSIONER (BOLT)","General Spare Parts","TVS / Universal","0","425","500","5"
"R1321210","O-RING CAP ADJUSTER","General Spare Parts","TVS / Universal","0","425","500","5"
"R1321430","ONE WAY CLUTCH KIT","General Spare Parts","TVS / Universal","0","425","500","5"
"R2010770","THERMOSTAT NP_054","General Spare Parts","TVS / Universal","0","1419.5","1670","5"
"R2010830","GROMMET","General Spare Parts","TVS / Universal","0","425","500","5"
"R2040400","HOSE CLIP NP_054","General Spare Parts","TVS / Universal","0","425","500","5"
"R2080190","GEAR OIL PUMP DRIVE NP 054 - JIVE","Oils & Fluids","TVS / Universal","0","425","500","5"
"R2160100","RELAY STARTER MOTOR","General Spare Parts","TVS / Universal","0","1419.5","1670","5"
"R2160220","ELECTRONIC FLASHER UNIT NP_054","General Spare Parts","TVS / Universal","0","425","500","5"
"R2200160","SPRING WASHER","General Spare Parts","TVS / Universal","0","425","500","5"
"R3010100","GASKET CYL HEAD NP_101","Engine","TVS / Universal","0","425","500","5"
"R3010170CN","CYLINDER HEAD COMP","Engine","TVS / Universal","0","29537.5","34750","5"
"R3020070","PISTON ASSY Dia 57","Engine","TVS / Universal","0","8959","10540","5"
"R3030080CN","GASKET CRANKCASE","Engine","TVS / Universal","0","773.5","910","5"
"R3040130CN","FILTER HOLDER COMP","Filters","TVS / Universal","0","2915.5","3430","5"
"R3150030","GRIP L","General Spare Parts","TVS / Universal","0","1708.5","2010","5"
"R3150040","GRIP COMP THROTTLE","General Spare Parts","TVS / Universal","0","688.5","810","5"
"R3150050","GRIP LH - WEGO","General Spare Parts","TVS / Universal","0","425","500","5"
"R3150060","GRIP COMP THROTTLE - WEGO","General Spare Parts","TVS / Universal","0","705.5","830","5"
"R3150120","CASE THROTTLE UNDER (New)","General Spare Parts","TVS / Universal","0","425","500","5"
"R3160090","800T STARTER RELAY","General Spare Parts","TVS / Universal","0","425","500","5"
"R3200010","O-RING 6260 350","General Spare Parts","TVS / Universal","0","697","820","5"
"R3220650","CUSHION RC LAMP","Electrical","TVS / Universal","0","425","500","5"
"R3320350","CAM SEAT LOCK KIT","Brakes","TVS / Universal","0","3468","4080","5"
"R4010100","GASKET CYLINDER","Engine","TVS / Universal","0","425","500","5"
"R4040220","COVER INJECTOR","General Spare Parts","TVS / Universal","0","425","500","5"
"R4060030","REGULATOR cuM RECTIFIER- scooTY + N","General Spare Parts","TVS / Universal","0","5023.5","5910","5"
"R4060090","THERMAL SENSOR","Electrical","TVS / Universal","0","2745.5","3230","5"
"R4080060","SPRING KICKSTARTER","General Spare Parts","TVS / Universal","0","425","500","5"
"R4150240","GRIP COMP THROTTLE","General Spare Parts","TVS / Universal","0","425","500","5"
"R4180070","GROMMET TENSIONER ADJ","General Spare Parts","TVS / Universal","0","425","500","5"
"R4200020","BALL BEARING 20 47 14","General Spare Parts","TVS / Universal","0","1368.5","1610","5"
"R5080090","OILPUMP ASSY","Oils & Fluids","TVS / Universal","0","2422.5","2850","5"
"S1010130","WASHER CYL_ HEAD","Engine","TVS / Universal","0","425","500","5"
"S1010180","GASKET TENSIONER ADJUSTER","Engine","TVS / Universal","0","425","500","5"
"S1010200","CAP INSPECTION","General Spare Parts","TVS / Universal","0","425","500","5"
"S1010210","O-RING CAP INSPECTION","General Spare Parts","TVS / Universal","0","603.5","710","5"
"S1010240","SCREW TAPPET ADJUSTING","General Spare Parts","TVS / Universal","0","425","500","5"
"S1010250","NUTTAPPET ADJUSTING","General Spare Parts","TVS / Universal","0","425","500","5"
"S1010290","RETAINER VALVE SPRING","Engine","TVS / Universal","0","1079.5","1270","5"
"S1010310","SPRING VALVE INNER","Engine","TVS / Universal","0","425","500","5"
"S1010320","COTTER VALVE","Engine","TVS / Universal","0","425","500","5"
"S1010330","SEAL VALVE STEM OIL (ALT)","Oils & Fluids","TVS / Universal","0","2133.5","2510","5"
"S1010340","SEAT VALVE SPRING 1,","Engine","TVS / Universal","0","476","560","5"
"S1010390","PIN SPROCKET","General Spare Parts","TVS / Universal","0","425","500","5"
"S1010430","O-RING CYLINDER","Engine","TVS / Universal","0","425","500","5"
"S1011290","SEALING WASHER","General Spare Parts","TVS / Universal","0","425","500","5"
"S1060300","RELAY ASSY 12V-10+10W (ALTI","General Spare Parts","TVS / Universal","0","1751","2060","5"
"S1060300E","RELAY ASSY 12V-10+10W","General Spare Parts","TVS / Universal","0","595","700","5"
"S1060310","SEAL SPARK PLUG","General Spare Parts","TVS / Universal","0","425","500","5"
"S1080070","OIL FILTER (ALTI (ALTI","Oils & Fluids","TVS / Universal","0","425","500","5"
"S1080080","O-RING (ALTI","General Spare Parts","TVS / Universal","0","425","500","5"
"S1080090","SPRING OIL FILTER","Oils & Fluids","TVS / Universal","0","425","500","5"
"S1080110","DRAIN PLUG","General Spare Parts","TVS / Universal","0","425","500","5"
"S1080409","PIPE INLET OIL PUMP","Oils & Fluids","TVS / Universal","0","425","500","5"
"S1081010","SPRING OIL FILTER","Oils & Fluids","TVS / Universal","0","425","500","5"
"SLOGOSOO","SILENT acoc SHOCK ABSORBER","General Spare Parts","TVS / Universal","0","425","500","5"
"S1100720","DUST SEAL STEERING STOPPER","General Spare Parts","TVS / Universal","0","425","500","5"
"S1100870","CUP BOTTOM","General Spare Parts","TVS / Universal","0","1921","2260","5"
"S1100890","STEERING BALL LOWER (dia 7.930)","General Spare Parts","TVS / Universal","0","425","500","5"
"S1101140","DUST SEAL STEERING UPPER","General Spare Parts","TVS / Universal","0","425","500","5"
"S1101150","RACE STEERING OUTER","General Spare Parts","TVS / Universal","0","841.5","990","5"
"S1101250","HEX a M8*35 &8ZN3","General Spare Parts","TVS / Universal","0","425","500","5"
"SILLI170","SHIM SPEEDO DRIVE","General Spare Parts","TVS / Universal","0","425","500","5"
"SILLI180","ARRESTER SPEEDO DRIVE","General Spare Parts","TVS / Universal","0","425","500","5"
"SILLI390","PUNCHED WASHER 17_5x24x1 ZNS","General Spare Parts","TVS / Universal","0","425","500","5"
"SILLI430","PUNCHED WASHER 16_5x352x315","General Spare Parts","TVS / Universal","0","425","500","5"
"SILLI710","CAM BRAKE","Brakes","TVS / Universal","0","603.5","710","5"
"SILLI930","PIN REAR BRAKE ROD LEVER","Brakes","TVS / Universal","0","425","500","5"
"SILLI940","PIN FR CABLE LEVER ZNC (ALTI","Electrical","TVS / Universal","0","425","500","5"
"SLI12020","SPRING BRAKE SHOE (AIT)","Brakes","TVS / Universal","0","425","500","5"
"S1125290","RACE STEERING INNER","General Spare Parts","TVS / Universal","0","969","1140","5"
"S1125300","PIN PILLION FOOT REST","General Spare Parts","TVS / Universal","0","425","500","5"
"S1125310","CUSHION","General Spare Parts","TVS / Universal","0","425","500","5"
"S1125320","HOLDER HOSE WEGO","General Spare Parts","TVS / Universal","0","425","500","5"
"S1150500","BUSH ROUND","General Spare Parts","TVS / Universal","0","425","500","5"
"S1160150","BULB HEADLAMP","Engine","TVS / Universal","0","705.5","830","5"
"S1160150E","BULB HEADLAMP","Engine","TVS / Universal","0","425","500","5"
"S1160160","BULB HEAD LAMP HOLDE","Engine","TVS / Universal","0","425","500","5"
"S1160190","GROMMET","General Spare Parts","TVS / Universal","0","425","500","5"
"S1160200","SPACER","General Spare Parts","TVS / Universal","0","425","500","5"
"S1160230","BULB HOLDER TSL FR","Electrical","TVS / Universal","0","739.5","870","5"
"S1160350","SWITCH LIGHTING","Electrical","TVS / Universal","0","1717","2020","5"
"S1160360","SWITCH TRAFICATORS","Electrical","TVS / Universal","0","425","500","5"
"S1160370","SWITCH BEAM CONTROL","Electrical","TVS / Universal","0","2346","2760","5"
"S1160380","SWITCH ASSY STOP LAMP (AIT)","Electrical","TVS / Universal","0","731","860","5"
"S1200010","HEX FLANGE BOLT MSX25 (ALTI","General Spare Parts","TVS / Universal","0","425","500","5"
"S1200030","HEX. FLANGE BOLT M6x20 (AIT)","General Spare Parts","TVS / Universal","0","425","500","5"
"S1200130","BALL BEARING 15x32xg C3 6002Z","General Spare Parts","TVS / Universal","0","1989","2340","5"
"S1200160","BALL BEARING 35x72x17 Cs 6207 (AIT)","General Spare Parts","TVS / Universal","0","5890.5","6930","5"
"S1200260","DOWEL PIN","General Spare Parts","TVS / Universal","0","425","500","5"
"S1200270","TUBULAR DOWEL","General Spare Parts","TVS / Universal","0","425","500","5"
"S1200490","OIL SEAL KS SHAFT","Oils & Fluids","TVS / Universal","0","425","500","5"
"S1200630","HEX BOLT MIOX1.25X35 88 ZNB","General Spare Parts","TVS / Universal","0","425","500","5"
"S1200680","OIL SEAL CRANK SHAFT-R","Oils & Fluids","TVS / Universal","0","425","500","5"
"S1200700","RETAINER CLIP COMP. PANEL","General Spare Parts","TVS / Universal","0","425","500","5"
"S1200790","HEX FLANGE U NUT M12x1_25","General Spare Parts","TVS / Universal","0","425","500","5"
"S1200820","CIRCLIP 2.3 IS:3075 TYPE E ZEST","General Spare Parts","TVS / Universal","0","425","500","5"
"S1200860","O-RING","General Spare Parts","TVS / Universal","0","425","500","5"
"S1200900","PLUG COMZ OIL DRAIN","Oils & Fluids","TVS / Universal","0","425","500","5"
"S1200910","FLANGE u NUT M16X1.5 - WEGO","General Spare Parts","TVS / Universal","0","425","500","5"
"S1200920","HOSE. CLIP (TSDs-0423)","General Spare Parts","TVS / Universal","0","425","500","5"
"S1201000","CRR PAN HD TAP SCR ST4_2x25 ZNK","General Spare Parts","TVS / Universal","0","425","500","5"
"S1201050","DISC SPRING","Brakes","TVS / Universal","0","425","500","5"
"S1310020","EXTRACTORASSYINLET & EXHAUST VALVE","Engine","TVS / Universal","0","8100.5","9530","5"
"S1310500","Bearing installer set","General Spare Parts","TVS / Universal","0","11288","13280","5"
"S1310630","HOLDER ASSY MAGNETO","General Spare Parts","TVS / Universal","0","9783.5","11510","5"
"S4100330","CONE BOTTOM","General Spare Parts","TVS / Universal","0","2252.5","2650","5"
"SC04S10001","PARTS CATALOGUE scoop,' PEP 75cc","General Spare Parts","TVS / Universal","0","2567","3020","5"
"SC04S10002","PARTS CATALOGUE scoop,' PEP NEW","General Spare Parts","TVS / Universal","0","1878.5","2210","5"
"SC04S10002SC","PART CATALOGUE scooTY/ scooTY PEP +","General Spare Parts","TVS / Universal","0","425","500","5"
"SC04S1000S","PART CATALOGUE - STREAK","General Spare Parts","TVS / Universal","0","425","500","5"
"SC04S10004","PART CATALOGUE WEGO","General Spare Parts","TVS / Universal","0","357","420","5"
"SC04S10004D","PART CATALOGUE WEGO Disc","Brakes","TVS / Universal","0","357","420","5"
"SC04S10005","PART CATALOGUE ZEST","General Spare Parts","TVS / Universal","0","425","500","5"
"SET0160","CLUTCH CABLE L)","Electrical","TVS / Universal","0","425","500","5"
"SEY0260","FRONT BRAKE CABLE l)","Brakes","TVS / Universal","0","646","760","5"
"SEY0260-UG","FRT BRAKE CABLE)","Brakes","TVS / Universal","0","425","500","5"
"SEY0360","THROTTLE CABLE O)","Electrical","TVS / Universal","0","612","720","5"
"SEY0560","SPEEDO CABLE X)","Electrical","TVS / Universal","0","425","500","5"
"SHH0100","CLUTCH CABLE G)","Electrical","TVS / Universal","0","425","500","5"
"SHH0120","CLUTCH CABLE O)","Electrical","TVS / Universal","0","425","500","5"
"SHH0140","CLUTCH CABLE N)","Electrical","TVS / Universal","0","425","500","5"
"SHH0200","FRONT BRAKE CABLE)","Brakes","TVS / Universal","0","425","500","5"
"SHH0220","FRONT BRAKE CABLE W)","Brakes","TVS / Universal","0","595","700","5"
"SHH0240","FRONT BRAKE CABLE C)","Brakes","TVS / Universal","0","646","760","5"
"SHH0300","THROTTLE CABLE Y)","Electrical","TVS / Universal","0","425","500","5"
"SHH0320","THROTTLE CABLE l)","Electrical","TVS / Universal","0","425","500","5"
"SHH0340","THROTTLE CABLE J)","Electrical","TVS / Universal","0","425","500","5"
"SHH0500","SPEEDO CABLE V)","Electrical","TVS / Universal","0","425","500","5"
"SHH0520","SPEEDO CABLE O)","Electrical","TVS / Universal","0","425","500","5"
"SHH0800","SPEEDO INER)","General Spare Parts","TVS / Universal","0","425","500","5"
"SHH0820","SPEEDO INNER C)","General Spare Parts","TVS / Universal","0","425","500","5"
"SK80110","CLUTCH CABLE l)","Electrical","TVS / Universal","0","637.5","750","5"
"SK80126","CLUTCH CABLE A)","Electrical","TVS / Universal","0","816","960","5"
"SK80150","CLUTCH CABLE C)","Electrical","TVS / Universal","0","612","720","5"
"SK80170","CLUTCH CABLE Z)","Electrical","TVS / Universal","0","425","500","5"
"SK80210","FRONT BRAKE CABLE A)","Brakes","TVS / Universal","0","646","760","5"
"SK80250","FRONT BRAKE CABLEF)","Brakes","TVS / Universal","0","680","800","5"
"SK80310","THROTTLE CABLE V)","Electrical","TVS / Universal","0","425","500","5"
"SK80326","THROTTLE CABLE F)","Electrical","TVS / Universal","0","688.5","810","5"
"SK80350","THROTTLE CABLE A)","Electrical","TVS / Universal","0","637.5","750","5"
"SK80354","THROTTLE CABLE D)","Electrical","TVS / Universal","0","688.5","810","5"
"SK80355","THROTTLE CABLE C)","Electrical","TVS / Universal","0","697","820","5"
"SK80370","THROTTLE CABLEM)","Electrical","TVS / Universal","0","425","500","5"
"SK80470","CHOKE CABLE)","Electrical","TVS / Universal","0","425","500","5"
"SK80470DTS","CHOKE CABLE","Electrical","TVS / Universal","0","425","500","5"
"SK80510","SPEEDO CABLE A)","Electrical","TVS / Universal","0","425","500","5"
"SK80526","SPEEDO CABLE Q)","Electrical","TVS / Universal","0","425","500","5"
"SK80550","SPEEDO CABLE a)","Electrical","TVS / Universal","0","425","500","5"
"SK80570","SPEEDO CABLE N)","Electrical","TVS / Universal","0","425","500","5"
"SK80810E","SPEEDO INNER)","General Spare Parts","TVS / Universal","0","425","500","5"
"SK80826E","SPEEDO INNER-OT)","General Spare Parts","TVS / Universal","0","425","500","5"
"SK80850","SPEEDO INNNER Z)","General Spare Parts","TVS / Universal","0","425","500","5"
"SK8170-DTS","CLUTCH CABLE F)","Electrical","TVS / Universal","0","612","720","5"
"SK8370-DTS","THROTTLE CABLE K)","Electrical","TVS / Universal","0","425","500","5"
"SSH0500","SPEEDO CABLE","Electrical","TVS / Universal","0","425","500","5"
"SSH0520","SPEEDO CABLE","Electrical","TVS / Universal","0","425","500","5"
"STS4500","SPEEDO CABLE L)","Electrical","TVS / Universal","0","425","500","5"
"T0102SO","X N / SPORT CYLINDER HEAD MACHINED","Engine","TVS / Universal","0","4641","5460","5"
"T040110","ELEMENT AIR CLEANER","Filters","TVS / Universal","0","425","500","5"
"T0401SO","AIR CLEANER ASSY","Filters","TVS / Universal","0","3765.5","4430","5"
"T040140","SEAL AIR CLEANER","Filters","TVS / Universal","0","425","500","5"
"T0900SO","SHOCK ABSORBER","General Spare Parts","TVS / Universal","0","6383.5","7510","5"
"T-IOI-I","CONTINUOUS 2W","General Spare Parts","TVS / Universal","0","425","500","5"
"T1160010","LAMP ASSY TSL REAR","Electrical","TVS / Universal","0","986","1160","5"
"T120550","COVER FRONT","General Spare Parts","TVS / Universal","0","3179","3740","5"
"T140160","TANK ASSEMBLY FUEL CAP","General Spare Parts","TVS / Universal","0","2040","2400","5"
"T140240","KNOB FUEL COCK","General Spare Parts","TVS / Universal","0","425","500","5"
"T140250","FUEL COCK ASSLY","General Spare Parts","TVS / Universal","0","1028.5","1210","5"
"T300010","MUD FLAP REAR","General Spare Parts","TVS / Universal","0","425","500","5"
"T4010S20","PLUG STUD HOLE (ALTI","General Spare Parts","TVS / Universal","0","425","500","5"
"T4010SSO","PLUG ROCKER SHAFT BORE","General Spare Parts","TVS / Universal","0","425","500","5"
"T40106GO","VALVE EXHAUST","Engine","TVS / Universal","0","3136.5","3690","5"
"T4010710","ARM VALVE ROCKER","Engine","TVS / Universal","0","2618","3080","5"
"T4010760","SHAFT ROCKER ARM","General Spare Parts","TVS / Universal","0","680","800","5"
"T4050180","GASKET PIPE EXHAUST","Engine","TVS / Universal","0","425","500","5"
"T4080520","LOCK PLATE SPROCKET","General Spare Parts","TVS / Universal","0","425","500","5"
"T4080540","OILSEAL 17296 TYPE-A","Oils & Fluids","TVS / Universal","0","425","500","5"
"T4100050","FORK TUBE COMP LOWER L SIL GRE","General Spare Parts","TVS / Universal","0","5406","6360","5"
"T41000500A","FORK TUBE COMP LOWER L MARBLE RED","General Spare Parts","TVS / Universal","0","5440","6400","5"
"T41000500D","FORK TUBE COMP LOWER L HG BLACK","General Spare Parts","TVS / Universal","0","5440","6400","5"
"T410005023","FORK TUBE COMP LOWER L BLU","General Spare Parts","TVS / Universal","0","5440","6400","5"
"T4100050L","FORK TUBE COMP LOWER L DB GREEN","General Spare Parts","TVS / Universal","0","5440","6400","5"
"T4100080","FORK TUBE COMP LOWER R SIL GRE","General Spare Parts","TVS / Universal","0","5244.5","6170","5"
"T41000800A","FORK TUBE COMP LOWER R MARBLE RED","General Spare Parts","TVS / Universal","0","5440","6400","5"
"T41000800D","FORK TUBE COMP LOWER R HG BLACK","General Spare Parts","TVS / Universal","0","5440","6400","5"
"T410008023","FORK TUBE COMP LOWER R CANDY BLUE","General Spare Parts","TVS / Universal","0","4683.5","5510","5"
"T4100080L","FORK TUBE COMP LOWER R DB GREEN","General Spare Parts","TVS / Universal","0","4683.5","5510","5"
"T4100110","SPRING ANCHOR COMP","General Spare Parts","TVS / Universal","0","425","500","5"
"T41001S9","LOCK PLATE UPPER COMP","General Spare Parts","TVS / Universal","0","425","500","5"
"T4100200","CROWN PLATE COMP BOTTOM PAINTED","General Spare Parts","TVS / Universal","0","3247","3820","5"
"T4100280","BUMP STOPPER","General Spare Parts","TVS / Universal","0","425","500","5"
"T41002GO","SLIDER","General Spare Parts","TVS / Universal","0","425","500","5"
"T4100SOO","GUIDE BUSH","General Spare Parts","TVS / Universal","0","425","500","5"
"T41003800D","STABLISER TUBE BLACK","General Spare Parts","TVS / Universal","0","654.5","770","5"
"T41003802H","STABLISER TUBE AP RED","General Spare Parts","TVS / Universal","0","425","500","5"
"T4100S806G","STABILISER TUBE F_RED - XL SUPER HD (ALTI","General Spare Parts","TVS / Universal","0","425","500","5"
"T41003807L","STABLISER TUBE Moss GREEN","General Spare Parts","TVS / Universal","0","425","500","5"
"T410038083","STABLISER TUBE DEEP MET BLUE","General Spare Parts","TVS / Universal","0","688.5","810","5"
"T41003808D","STABLISER TUBE TITANIUM GREY","General Spare Parts","TVS / Universal","0","1028.5","1210","5"
"T41004400D","CROWN PLATE COMP TOP HG BLACK","General Spare Parts","TVS / Universal","0","1428","1680","5"
"T4100510","FORK TUBE COMP UPPER","General Spare Parts","TVS / Universal","0","3604","4240","5"
"T41005SO","8RKT COMP HEADLAMP L PAINTED","Engine","TVS / Universal","0","671.5","790","5"
"T4100540","8RKT COMP HEADLAMP R PAINTED","Engine","TVS / Universal","0","425","500","5"
"T4100550","PACKING","General Spare Parts","TVS / Universal","0","425","500","5"
"T4100600","STRAP CABLE","Electrical","TVS / Universal","0","425","500","5"
"T4100660","FRONT FORK SUSPENSION SIL MET GREY","General Spare Parts","TVS / Universal","0","24463","28780","5"
"TAI","10030 BACKPLATE ASSY COMP FRONT","General Spare Parts","TVS / Universal","0","595","700","5"
"T4200080","CIRCLIP 14_8 X1","General Spare Parts","TVS / Universal","0","425","500","5"
"T4200150","WASHER CYL HEAD NUT","Engine","TVS / Universal","0","425","500","5"
"TVS10160-L","12V 21/5W BAY 150 TAIL BULB","Electrical","TVS / Universal","0","425","500","5"
"TVS121000","SIGNAL LAMP BULB","Electrical","TVS / Universal","0","425","500","5"
"TVS1272S","HEAD LAMP BULB","Engine","TVS / Universal","0","425","500","5"
"TVS12VIOW","HEAD LAMP BULB","Engine","TVS / Universal","0","425","500","5"
"TVS67000-L","12V SW SIGNAL BULB","Electrical","TVS / Universal","0","425","500","5"
"TVSACC-HJ-HVLSAL-018","Helmet with Visor & Bluetooth","General Spare Parts","TVS / Universal","0","24803","29180","5"
"TVSACC-JUTCARPET","JUPITER carpet","General Spare Parts","TVS / Universal","0","654.5","770","5"
"TVSACC-MU-UELARG-004","Mechanic Uniform- Extra Large","General Spare Parts","TVS / Universal","0","1912.5","2250","5"
"TVSACC-MU-ULARGE-003","Mechanic Uniform- Large","General Spare Parts","TVS / Universal","0","1912.5","2250","5"
"TVSACC-MU-UMEDLU-002","Mechanic Uniform- Medium","General Spare Parts","TVS / Universal","0","1912.5","2250","5"
"TVSACC-MU-USMALL-OO","Mechanic Uniform- Small","General Spare Parts","TVS / Universal","0","1912.5","2250","5"
"TVSACC-NHL-3LK","NORMAL HELMET-BLACK","General Spare Parts","TVS / Universal","0","1436.5","1690","5"
"TVSACC-NHL-3LU","NORMAL HELMET-BLUE 1,","General Spare Parts","TVS / Universal","0","586.5","690","5"
"TVSACC-NHL-RED","NORMAL HELMET-RED 1,","General Spare Parts","TVS / Universal","0","586.5","690","5"
"TVSACC-OT-ACSUCP-020","Arm Cooling Sleeve-Ucap","General Spare Parts","TVS / Universal","0","425","500","5"
"TVSACC-0T-CAPUCP-023","Rider Cap-ocap","General Spare Parts","TVS / Universal","0","425","500","5"
"TVSACC-OT-CASHBX-005","Cash Box","General Spare Parts","TVS / Universal","0","10548.5","12410","5"
"TVSACC-OT-DELV3X-004","Delivery Box","General Spare Parts","TVS / Universal","0","425","500","5"
"TVSACC-OT-FLSH3X-002","Fishing Box","General Spare Parts","TVS / Universal","0","12945.5","15230","5"
"TVSACC-0T-MOBLBX-003","Mobile unit Box","General Spare Parts","TVS / Universal","0","425","500","5"
"TVSACC-0T-NUMPFR-017","Number Plate Holder - FIR","General Spare Parts","TVS / Universal","0","816","960","5"
"TVSACC-PEPCARPET","PEP carpet","General Spare Parts","TVS / Universal","0","1717","2020","5"
"TVSACC-SJ-131074","Speedwav Matt Red I Meter Wrap Shee","General Spare Parts","TVS / Universal","0","739.5","870","5"
"TVSACC-STRCARPET","STREAK carpet","General Spare Parts","TVS / Universal","0","425","500","5"
"TVSACC-TSHIRT","TVS T-SHIRT","General Spare Parts","TVS / Universal","0","1819","2140","5"
"TVSACC-WEGCARPET","WEGO carpet","General Spare Parts","TVS / Universal","0","1717","2020","5"
"TVSACC-ZESCARPET","ZEST carpet","General Spare Parts","TVS / Universal","0","1717","2020","5"
"TVSCAP","TVS BRANDED CAP","General Spare Parts","TVS / Universal","0","425","500","5"
"TVSKEYTAG","KEYTAG","General Spare Parts","TVS / Universal","0","425","500","5"
"TVSMCATOOI","NTORQ CATALOGUE","General Spare Parts","TVS / Universal","0","425","500","5"
"TVSMCAT002","RTR 160 4V CATALOGUE","General Spare Parts","TVS / Universal","0","697","820","5"
"TVSMCAT003","RTR 200 4V - Version 2 CATALOGUE","General Spare Parts","TVS / Universal","0","425","500","5"
"TVSMRK-0T-APACTS-04","T SHIRTS - APACHE BRANDED","General Spare Parts","TVS / Universal","0","1666","1960","5"
"TVSMRK-0T-NTOQTS-040","T SHIRTS - NTORQ BRANDED","General Spare Parts","TVS / Universal","0","1666","1960","5"
"TVSMRK-PA-SPARAK-003","SPARE PARTS PRICE 800K","General Spare Parts","TVS / Universal","0","705.5","830","5"
"TVSMSAMOOI","HEAD LAMP-SAMPLE","Engine","TVS / Universal","0","4190.5","4930","5"
"TVSMSAM002","KEY CHAIN&CARD HOLDER &CARD HOLDER","General Spare Parts","TVS / Universal","0","3638","4280","5"
"TVSMSAM003","3W TYPE-2 SEAT COVER BIGE/COLA","General Spare Parts","TVS / Universal","0","7148.5","8410","5"
"TVSMSAM004","3W TYPE-I SEAT COVER RED","General Spare Parts","TVS / Universal","0","6120","7200","5"
"TVSMSAM005","COVER COMP SEAT JUPITOR","General Spare Parts","TVS / Universal","0","425","500","5"
"TVSMSAM006","COVER COMP SEAT VICTOR","General Spare Parts","TVS / Universal","0","969","1140","5"
"TVSMSAM007","XL 100 KIT SEAT COVER FRON & REAR","General Spare Parts","TVS / Universal","0","765","900","5"
"U080010A","OTHER PARTS","General Spare Parts","TVS / Universal","0","3247","3820","5"
"U1060040","Hua CLUTCH SLEEVE M/c","General Spare Parts","TVS / Universal","0","1708.5","2010","5"
"U1100010","LEG ASSY L-SHAOLIN","General Spare Parts","TVS / Universal","0","38955.5","45830","5"
"U1100020","FORK ASSLY FRONT","General Spare Parts","TVS / Universal","0","90576","106560","5"
"ULLOOOSO","LEG ASSY RH","General Spare Parts","TVS / Universal","0","38955.5","45830","5"
"U1100050","TUBE OUTER -L","General Spare Parts","TVS / Universal","0","6944.5","8170","5"
"U1100070","INNER TUBE ASSY (ALTI","General Spare Parts","TVS / Universal","0","12155","14300","5"
"U1100100","SEAL OIL","Oils & Fluids","TVS / Universal","0","782","920","5"
"U1100110","SEAL DUST","General Spare Parts","TVS / Universal","0","986","1160","5"
"U1100120","SPINDLE TAPER","General Spare Parts","TVS / Universal","0","425","500","5"
"U11001SO","GASKET","Engine","TVS / Universal","0","425","500","5"
"U1100140","SPRING","General Spare Parts","TVS / Universal","0","0.85","1","5"
"U1100170","SEAT SPRING UPPER","General Spare Parts","TVS / Universal","0","425","500","5"
"U1100180","PISTON RING - (FORK)","Engine","TVS / Universal","0","425","500","5"
"U11001GO","GASKET SMALL","Engine","TVS / Universal","0","425","500","5"
"U1100210","BOLT HEX M8 X 1.25","General Spare Parts","TVS / Universal","0","425","500","5"
"LILI","10080 SPACER COMP+C593 (AIT)","General Spare Parts","TVS / Universal","0","425","500","5"
"U120120","RU aaER FOOTREST","General Spare Parts","TVS / Universal","0","425","500","5"
"U120170","RETAINER RUBBER","General Spare Parts","TVS / Universal","0","425","500","5"
"U120210","RUBER FOOT REST","General Spare Parts","TVS / Universal","0","425","500","5"
"U1202SO","PILLION FOOT REST COMP RH FIERO","General Spare Parts","TVS / Universal","0","1963.5","2310","5"
"02100180","UPPER BRACKET FIERO / SAM up","General Spare Parts","TVS / Universal","0","4309.5","5070","5"
"02110720","Hua COMP RR WHEEL PAINTED AXIOO&150","General Spare Parts","TVS / Universal","0","12444","14640","5"
"02110750","SPOKE WHEEL INNER","General Spare Parts","TVS / Universal","0","425","500","5"
"02110770","RIM WHEEL REAR 1 85 X 18 (AIT)","General Spare Parts","TVS / Universal","0","9256.5","10890","5"
"02110780","Hua COMP FR WHEEL PAINTED AXIOO&150","General Spare Parts","TVS / Universal","0","13132.5","15450","5"
"02110880","SPOKE","General Spare Parts","TVS / Universal","0","2354.5","2770","5"
"02110890","SPOKEF2","General Spare Parts","TVS / Universal","0","2354.5","2770","5"
"02200010","HEX FLANGED BOLT M8x27","General Spare Parts","TVS / Universal","0","425","500","5"
"06010390","CAMCHAIN (SILENT CHAIN) P HOENIX","Brakes","TVS / Universal","0","3094","3640","5"
"UCAP-EP-8A-1010V","Ucap-aatterv Analyzer (EP-BA -1010V)","General Spare Parts","TVS / Universal","0","32270.25","37965","5"
"UPF-SPORT-HEL","HELMET FULL FACE","General Spare Parts","TVS / Universal","0","1479","1740","5"
"VIC074","CAM SHAFT ASSY GX","Brakes","TVS / Universal","0","4471","5260","5"
"WIRINGCIRCUIT","ALL MODELS WIRING CIRCUIT BOARD","General Spare Parts","TVS / Universal","0","1904","2240","5"
"YLS001","CHAIN SPROCKET KIT - LIBERO)","General Spare Parts","TVS / Universal","0","3332","3920","5"
"R1040780","DRAIN PIPE (PRE FILTER) 249.99","Filters","TVS / Universal","0","425","500","5"
"R1080160","SPRING 70.00","General Spare Parts","TVS / Universal","0","425","500","5"
"R1140350","HOSE CLIP DIA 7MM 70.00","General Spare Parts","TVS / Universal","0","425","500","5"
"R1200310","HEX FLANGE SCREW M8x20 110.00","General Spare Parts","TVS / Universal","0","425","500","5"
"R1320410","MAIN JET 180.00","General Spare Parts","TVS / Universal","0","425","500","5"
"R1321530","RING (SHIM) 350.00","General Spare Parts","TVS / Universal","0","425","500","5"
"R2040140","BREATHER HOSE PCV 140.00","General Spare Parts","TVS / Universal","0","425","500","5"
"S1200120","BALL BEARING 17xssx10 CS 6003 1,050.00","General Spare Parts","TVS / Universal","0","425","500","5"
"TVSACC-0T-3KLTNA-017","BODY' KIT WITH NECESSARY BEADING 3,810.00","General Spare Parts","TVS / Universal","0","425","500","5"
"TVSACC-OT-DOORWS-015","DOOR WISER 3,220.00","General Spare Parts","TVS / Universal","0","425","500","5"
"TVSACC-OT-WLNDWS-016","WIND WISER 1,010.00","General Spare Parts","TVS / Universal","0","425","500","5"
"TVSACC-OT-WLNSSW-014","WINDSHIELD SUN WISER 4,230.01","General Spare Parts","TVS / Universal","0","425","500","5"
"TVSACC-TW-CRGROM-017","CENTRE RUBBER GROMMET 1,050.00","General Spare Parts","TVS / Universal","0","425","500","5"
"TVSACC-TW-FMANTE-013","FM ANTENNA 1,740.00","General Spare Parts","TVS / Universal","0","425","500","5"
"TVSACC-TW-FOGLIT-OII","FOG LIGHT SET WITH LED BULB SET 3,659.99","Electrical","TVS / Universal","0","425","500","5"
"TVSACC-TW-GRIFAN-OII","GRILL FAN 5,840.00","General Spare Parts","TVS / Universal","0","425","500","5"
"TVSACC-TW-PCLIGT-OIS","PASSENGER CABIN LIGHT 1,290.00","General Spare Parts","TVS / Universal","0","425","500","5"
"TVSACC-TW-REFRBM-018","REFLECTORS FOR REAR BUMPER- 2 PAI 440.00","General Spare Parts","TVS / Universal","0","425","500","5"
"TVSACC-TW-RESMLR-014","RECTANGULER SIDE MIRROR- 2 PA R 2,290.00","General Spare Parts","TVS / Universal","0","425","500","5"
"TVSACC-TW-RHGRLP-015","RUBBER HANDLE GRIP 1,350.00","General Spare Parts","TVS / Universal","0","425","500","5"
"TVSACC-TW-RLMCUP-01G","WHEEL RIM cup SET 2,800.00","General Spare Parts","TVS / Universal","0","425","500","5"
"TVSACC-TW-SFENDC-OIO","SIDE FENDER COVER RH/LH 3,540.00","General Spare Parts","TVS / Universal","0","425","500","5"
"TVSACC-TW-SSCAAR-012","STAINLESS STEEL CENTRE BAR 17,510.00","General Spare Parts","TVS / Universal","0","425","500","5"
"TVSACC-TW-USABOX-020","usa TUNER sox 2,050.00","General Spare Parts","TVS / Universal","0","425","500","5"
"TVSACC-TW-USAFLX-004","usa TUNER sox 1,960.00","General Spare Parts","TVS / Universal","0","425","500","5"
"TVSACC-TW-USATUN-002","Mobile unit Box 10,430.00","General Spare Parts","TVS / Universal","0","425","500","5"
"TVSACC-TW-WLREHR-012","WIRING HARNESS WITH RELAY 8,890.00","General Spare Parts","TVS / Universal","0","425","500","5"
"TVSMRK-PA-3WPRLT-004","3W PRICE LIST 800KS 480.00","General Spare Parts","TVS / Universal","0","425","500","5"
"LIL","20260 PILLION FOOT REST COMP RH FIERO 2,310.00","General Spare Parts","TVS / Universal","0","425","500","5"
"U60804SO","SPRING NEUTRAL SWITCH 70.00","Electrical","TVS / Universal","0","425","500","5"
"U6080440","SWITCH CONTACT GEAR POSITION 110.00","Electrical","TVS / Universal","0","425","500","5"
